0 0 0 0 0 0
256 0 0 243 44 18
512 0 0 488 106 72
768 0 0 732 148 99
1024 0 0 976 183 109
1280 0 0 1215 213 71
1536 0 0 1457 257 78
1792 0 0 1698 288 0
2048 0 0 1941 339 63
2303 0 0 2181 377 37
2559 0 0 2423 423 56
2815 0 0 2665 458 0
3071 0 0 2906 501 0
3327 0 0 3143 560 71
3583 0 0 3391 575 0
3839 0 0 3621 647 54
4095 0 0 3864 681 0
0 256 0 81 252 36
256 256 0 252 254 29
512 256 0 489 261 28
768 256 0 730 274 23
1024 256 0 971 292 15
1280 256 0 1214 313 0
1536 256 0 1456 340 0
1792 256 0 1698 368 0
2048 256 0 1941 399 0
2303 256 0 2182 431 0
2559 256 0 2424 467 0
2815 256 0 2666 505 0
3071 256 0 2909 535 0
3327 256 0 3149 582 0
3583 256 0 3392 615 0
3839 256 0 3628 666 0
4095 256 0 3861 720 25
0 512 0 209 516 157
256 512 0 283 505 71
512 512 0 504 508 70
768 512 0 739 514 64
1024 512 0 978 522 54
1280 512 0 1219 533 53
1536 512 0 1460 547 41
1792 512 0 1701 564 21
2048 512 0 1943 583 0
2303 512 0 2184 604 0
2559 512 0 2426 627 0
2815 512 0 2668 652 0
3071 512 0 2911 678 0
3327 512 0 3153 706 0
3583 512 0 3395 736 0
3839 512 0 3637 766 0
4095 512 0 3869 816 0
0 768 0 262 769 174
256 768 0 329 756 96
512 768 0 528 757 92
768 768 0 755 761 92
1024 768 0 989 766 85
1280 768 0 1227 773 82
1536 768 0 1467 782 78
1792 768 0 1707 793 75
2048 768 0 1948 806 65
2303 768 0 2189 821 58
2559 768 0 2430 837 46
2815 768 0 2672 854 0
3071 768 0 2914 874 0
3327 768 0 3156 895 0
3583 768 0 3398 917 0
3839 768 0 3640 940 0
4095 768 0 3863 988 94
0 1024 0 329 1014 167
256 1024 0 389 1008 133
512 1024 0 565 1009 131
768 1024 0 779 1012 129
1024 1024 0 1007 1015 122
1280 1024 0 1241 1020 123
1536 1024 0 1478 1026 115
1792 1024 0 1716 1034 109
2048 1024 0 1956 1044 110
2303 1024 0 2195 1054 100
2559 1024 0 2436 1066 92
2815 1024 0 2677 1079 85
3071 1024 0 2918 1094 77
3327 1024 0 3160 1110 62
3583 1024 0 3402 1127 43
3839 1024 0 3643 1146 0
4095 1024 0 3866 1182 124
0 1280 0 400 1260 165
256 1280 0 452 1259 154
512 1280 0 607 1259 153
768 1280 0 809 1261 152
1024 1280 0 1029 1264 149
1280 1280 0 1258 1268 149
1536 1280 0 1492 1273 144
1792 1280 0 1728 1279 141
2048 1280 0 1966 1286 140
2303 1280 0 2204 1294 134
2559 1280 0 2444 1304 130
2815 1280 0 2684 1314 125
3071 1280 0 2925 1326 119
3327 1280 0 3166 1339 112
3583 1280 0 3407 1353 104
3839 1280 0 3648 1367 93
4095 1280 0 3872 1394 149
0 1536 0 487 1512 205
256 1536 0 522 1510 186
512 1536 0 658 1511 185
768 1536 0 846 1512 185
1024 1536 0 1057 1515 182
1280 1536 0 1280 1518 181
1536 1536 0 1510 1522 178
1792 1536 0 1743 1526 173
2048 1536 0 1979 1532 175
2303 1536 0 2215 1539 168
2559 1536 0 2454 1546 164
2815 1536 0 2693 1555 162
3071 1536 0 2933 1565 156
3327 1536 0 3173 1575 151
3583 1536 0 3414 1586 145
3839 1536 0 3654 1599 140
4095 1536 0 3872 1620 190
0 1792 0 558 1761 219
256 1792 0 595 1761 216
512 1792 0 715 1762 216
768 1792 0 889 1763 215
1024 1792 0 1090 1765 213
1280 1792 0 1307 1768 213
1536 1792 0 1531 1771 210
1792 1792 0 1761 1775 207
2048 1792 0 1994 1780 207
2303 1792 0 2229 1785 201
2559 1792 0 2465 1792 199
2815 1792 0 2703 1799 196
3071 1792 0 2942 1807 190
3327 1792 0 3181 1816 189
3583 1792 0 3422 1825 181
3839 1792 0 3662 1836 176
4095 1792 0 3888 1849 200
0 2048 0 646 2012 258
256 2048 0 670 2012 247
512 2048 0 772 2013 239
768 2048 0 933 2014 239
1024 2048 0 1125 2016 238
1280 2048 0 1335 2018 237
1536 2048 0 1555 2021 235
1792 2048 0 1782 2024 234
2048 2048 0 2012 2028 232
2303 2048 0 2245 2033 231
2559 2048 0 2480 2039 228
2815 2048 0 2716 2045 226
3071 2048 0 2954 2052 223
3327 2048 0 3192 2059 220
3583 2048 0 3431 2068 216
3839 2048 0 3671 2077 212
4095 2048 0 3903 2086 221
0 2303 0 727 2260 289
256 2303 0 748 2261 280
512 2303 0 835 2263 269
768 2303 0 984 2264 268
1024 2303 0 1166 2266 267
1280 2303 0 1369 2268 266
1536 2303 0 1584 2270 266
1792 2303 0 1806 2273 265
2048 2303 0 2033 2277 263
2303 2303 0 2263 2281 263
2559 2303 0 2496 2286 261
2815 2303 0 2731 2291 258
3071 2303 0 2967 2297 257
3327 2303 0 3204 2304 253
3583 2303 0 3442 2311 251
3839 2303 0 3680 2319 249
4095 2303 0 3903 2324 268
0 2559 0 806 2509 321
256 2559 0 825 2511 312
512 2559 0 900 2515 298
768 2559 0 1038 2515 298
1024 2559 0 1212 2517 297
1280 2559 0 1406 2519 297
1536 2559 0 1615 2521 296
1792 2559 0 1833 2523 295
2048 2559 0 2057 2527 294
2303 2559 0 2284 2530 293
2559 2559 0 2514 2535 291
2815 2559 0 2747 2539 289
3071 2559 0 2982 2545 288
3327 2559 0 3218 2550 285
3583 2559 0 3455 2557 283
3839 2559 0 3692 2564 280
4095 2559 0 3907 2562 311
0 2815 0 886 2758 352
256 2815 0 903 2760 345
512 2815 0 968 2766 328
768 2815 0 1096 2767 328
1024 2815 0 1260 2768 327
1280 2815 0 1447 2770 327
1536 2815 0 1650 2771 326
1792 2815 0 1863 2774 325
2048 2815 0 2083 2777 324
2303 2815 0 2307 2780 323
2559 2815 0 2535 2784 322
2815 2815 0 2766 2788 320
3071 2815 0 2999 2793 319
3327 2815 0 3233 2798 316
3583 2815 0 3469 2804 314
3839 2815 0 3705 2810 312
4095 2815 0 3936 2813 318
0 3071 0 966 3006 384
256 3071 0 981 3009 378
512 3071 0 1038 3018 358
768 3071 0 1157 3018 358
1024 3071 0 1312 3019 357
1280 3071 0 1491 3021 357
1536 3071 0 1688 3022 356
1792 3071 0 1896 3025 356
2048 3071 0 2112 3027 354
2303 3071 0 2332 3030 354
2559 3071 0 2558 3033 352
2815 3071 0 2786 3037 351
3071 3071 0 3018 3042 350
3327 3071 0 3250 3046 347
3583 3071 0 3485 3052 346
3839 3071 0 3720 3057 344
4095 3071 0 3926 3044 383
0 3327 0 1046 3254 416
256 3327 0 1060 3257 410
512 3327 0 1109 3268 389
768 3327 0 1219 3270 387
1024 3327 0 1366 3271 387
1280 3327 0 1538 3272 387
1536 3327 0 1728 3273 386
1792 3327 0 1931 3275 385
2048 3327 0 2143 3278 384
2303 3327 0 2360 3280 384
2559 3327 0 2583 3284 382
2815 3327 0 2809 3287 381
3071 3327 0 3038 3291 380
3327 3327 0 3269 3295 378
3583 3327 0 3502 3300 376
3839 3327 0 3736 3305 374
4095 3327 0 3949 3293 403
0 3583 0 1125 3502 447
256 3583 0 1138 3505 442
512 3583 0 1184 3517 423
768 3583 0 1284 3521 417
1024 3583 0 1423 3522 417
1280 3583 0 1588 3523 417
1536 3583 0 1772 3524 416
1792 3583 0 1969 3526 416
2048 3583 0 2176 3528 414
2303 3583 0 2390 3531 414
2559 3583 0 2610 3534 413
2815 3583 0 2833 3537 411
3071 3583 0 3060 3540 411
3327 3583 0 3289 3544 409
3583 3583 0 3521 3549 407
3839 3583 0 3753 3553 406
4095 3583 0 3938 3514 470
0 3839 0 1204 3749 479
256 3839 0 1217 3753 474
512 3839 0 1260 3765 457
768 3839 0 1350 3772 447
1024 3839 0 1482 3773 447
1280 3839 0 1640 3774 446
1536 3839 0 1817 3776 446
1792 3839 0 2009 3777 445
2048 3839 0 2212 3779 445
2303 3839 0 2422 3782 444
2559 3839 0 2639 3784 443
2815 3839 0 2860 3787 442
3071 3839 0 3084 3790 441
3327 3839 0 3311 3794 439
3583 3839 0 3541 3798 438
3839 3839 0 3772 3802 436
4095 3839 0 3983 3784 465
0 4095 0 1293 3986 522
256 4095 0 1307 3987 521
512 4095 0 1353 3993 515
768 4095 0 1431 4006 500
1024 4095 0 1550 4012 492
1280 4095 0 1705 4000 508
1536 4095 0 1866 4025 478
1792 4095 0 2056 4005 504
2048 4095 0 2250 4025 481
2303 4095 0 2454 4004 508
2559 4095 0 2664 4009 504
2815 4095 0 2881 4017 496
3071 4095 0 3102 4023 492
3327 4095 0 3325 4025 492
3583 4095 0 3548 4025 495
3839 4095 0 3771 4023 501
4095 4095 0 3984 4010 519
0 0 256 60 47 255
256 0 256 247 58 255
512 0 256 490 112 262
768 0 256 734 154 270
1024 0 256 974 178 264
1280 0 256 1213 206 253
1536 0 256 1455 246 252
1792 0 256 1698 286 251
2048 0 256 1940 326 249
2303 0 256 2182 367 247
2559 0 256 2424 407 245
2815 0 256 2666 447 243
3071 0 256 2909 488 240
3327 0 256 3151 528 237
3583 0 256 3394 568 234
3839 0 256 3636 609 231
4095 0 256 3869 672 242
0 256 256 95 254 256
256 256 256 256 256 256
512 256 256 471 276 270
768 256 256 701 304 284
1024 256 256 946 326 288
1280 256 256 1192 350 287
1536 256 256 1437 374 283
1792 256 256 1683 400 279
2048 256 256 1927 429 275
2303 256 256 2170 459 271
2559 256 256 2414 491 266
2815 256 256 2657 524 262
3071 256 256 2901 558 258
3327 256 256 3144 593 254
3583 256 256 3387 628 249
3839 256 256 3630 665 245
4095 256 256 3871 702 240
0 512 256 214 517 290
256 512 256 308 500 287
512 512 256 504 507 297
768 512 256 727 519 300
1024 512 256 959 535 303
1280 512 256 1196 553 304
1536 512 256 1436 573 305
1792 512 256 1676 595 305
2048 512 256 1917 619 304
2303 512 256 2157 645 303
2559 512 256 2399 673 302
2815 512 256 2640 702 301
3071 512 256 2883 731 298
3327 512 256 3126 759 293
3583 512 256 3368 791 290
3839 512 256 3615 815 280
4095 512 256 3879 800 234
0 768 256 266 770 299
256 768 256 355 751 304
512 768 256 540 754 309
768 768 256 756 760 309
1024 768 256 983 769 310
1280 768 256 1215 780 311
1536 768 256 1451 794 310
1792 768 256 1688 809 311
2048 768 256 1927 826 310
2303 768 256 2166 845 309
2559 768 256 2406 866 308
2815 768 256 2647 887 306
3071 768 256 2887 911 305
3327 768 256 3129 936 303
3583 768 256 3370 962 301
3839 768 256 3611 990 299
4095 768 256 3881 966 241
0 1024 256 332 1014 295
256 1024 256 414 1003 311
512 1024 256 582 1004 318
768 1024 256 787 1008 318
1024 1024 256 1008 1013 319
1280 1024 256 1237 1021 318
1536 1024 256 1469 1030 318
1792 1024 256 1704 1041 318
2048 1024 256 1941 1054 317
2303 1024 256 2178 1068 317
2559 1024 256 2416 1084 316
2815 1024 256 2656 1100 314
3071 1024 256 2895 1119 313
3327 1024 256 3136 1139 311
3583 1024 256 3376 1159 309
3839 1024 256 3617 1182 307
4095 1024 256 3884 1167 253
0 1280 256 396 1258 289
256 1280 256 477 1255 317
512 1280 256 632 1255 330
768 1280 256 824 1257 330
1024 1280 256 1037 1261 330
1280 1280 256 1261 1267 329
1536 1280 256 1490 1273 329
1792 1280 256 1722 1282 329
2048 1280 256 1956 1291 328
2303 1280 256 2192 1302 327
2559 1280 256 2429 1315 326
2815 1280 256 2667 1328 325
3071 1280 256 2906 1343 324
3327 1280 256 3145 1359 322
3583 1280 256 3385 1376 320
3839 1280 256 3624 1394 318
4095 1280 256 3890 1384 264
0 1536 256 479 1510 307
256 1536 256 541 1507 324
512 1536 256 686 1506 343
768 1536 256 865 1508 343
1024 1536 256 1070 1511 343
1280 1536 256 1288 1515 342
1536 1536 256 1513 1520 342
1792 1536 256 1742 1526 342
2048 1536 256 1974 1534 340
2303 1536 256 2208 1543 340
2559 1536 256 2443 1553 339
2815 1536 256 2680 1563 337
3071 1536 256 2917 1576 336
3327 1536 256 3156 1589 334
3583 1536 256 3395 1603 332
3839 1536 256 3633 1618 331
4095 1536 256 3893 1613 283
0 1792 256 554 1761 321
256 1792 256 610 1759 336
512 1792 256 746 1757 357
768 1792 256 912 1759 357
1024 1792 256 1107 1761 357
1280 1792 256 1318 1764 356
1536 1792 256 1539 1768 356
1792 1792 256 1765 1773 356
2048 1792 256 1994 1780 355
2303 1792 256 2226 1787 354
2559 1792 256 2460 1795 353
2815 1792 256 2695 1804 352
3071 1792 256 2931 1814 351
3327 1792 256 3168 1825 349
3583 1792 256 3406 1837 348
3839 1792 256 3644 1850 346
4095 1792 256 3903 1847 299
0 2048 256 633 2012 340
256 2048 256 681 2011 352
512 2048 256 810 2008 379
768 2048 256 963 2009 379
1024 2048 256 1148 2011 378
1280 2048 256 1352 2014 378
1536 2048 256 1568 2017 378
1792 2048 256 1790 2022 377
2048 2048 256 2016 2027 376
2303 2048 256 2245 2033 376
2559 2048 256 2477 2040 374
2815 2048 256 2711 2047 373
3071 2048 256 2946 2056 372
3327 2048 256 3182 2065 371
3583 2048 256 3419 2075 369
3839 2048 256 3657 2086 367
4095 2048 256 3910 2087 320
0 2303 256 711 2263 360
256 2303 256 753 2261 371
512 2303 256 869 2259 395
768 2303 256 1013 2260 397
1024 2303 256 1190 2262 396
1280 2303 256 1387 2264 396
1536 2303 256 1598 2267 396
1792 2303 256 1816 2270 395
2048 2303 256 2040 2275 394
2303 2303 256 2267 2279 394
2559 2303 256 2497 2285 393
2815 2303 256 2729 2292 392
3071 2303 256 2963 2299 392
3327 2303 256 3198 2307 390
3583 2303 256 3434 2315 388
3839 2303 256 3671 2325 388
4095 2303 256 3917 2327 344
0 2559 256 789 2514 381
256 2559 256 827 2513 392
512 2559 256 931 2511 412
768 2559 256 1067 2512 416
1024 2559 256 1235 2513 416
1280 2559 256 1425 2515 415
1536 2559 256 1630 2518 415
1792 2559 256 1844 2521 414
2048 2559 256 2065 2524 414
2303 2559 256 2289 2528 413
2559 2559 256 2518 2533 412
2815 2559 256 2749 2539 411
3071 2559 256 2981 2545 410
3327 2559 256 3215 2552 408
3583 2559 256 3450 2559 407
3839 2559 256 3686 2567 406
4095 2559 256 3922 2568 374
0 2815 256 867 2766 404
256 2815 256 901 2765 414
512 2815 256 995 2763 431
768 2815 256 1124 2764 436
1024 2815 256 1283 2765 436
1280 2815 256 1466 2766 436
1536 2815 256 1665 2768 435
1792 2815 256 1875 2771 435
2048 2815 256 2092 2774 434
2303 2815 256 2314 2778 433
2559 2815 256 2540 2782 433
2815 2815 256 2769 2787 431
3071 2815 256 3000 2792 431
3327 2815 256 3233 2798 429
3583 2815 256 3467 2805 428
3839 2815 256 3702 2812 426
4095 2815 256 3939 2815 392
0 3071 256 945 3017 427
256 3071 256 976 3016 437
512 3071 256 1061 3015 451
768 3071 256 1183 3015 458
1024 3071 256 1334 3016 458
1280 3071 256 1510 3018 457
1536 3071 256 1703 3020 457
1792 3071 256 1908 3022 456
2048 3071 256 2122 3025 456
2303 3071 256 2340 3028 455
2559 3071 256 2564 3032 454
2815 3071 256 2791 3036 453
3071 3071 256 3020 3041 453
3327 3071 256 3252 3046 451
3583 3071 256 3484 3051 450
3839 3071 256 3718 3058 449
4095 3071 256 3939 3052 434
0 3327 256 1024 3269 452
256 3327 256 1052 3268 461
512 3327 256 1128 3267 472
768 3327 256 1244 3267 481
1024 3327 256 1387 3268 480
1280 3327 256 1556 3269 480
1536 3327 256 1744 3271 480
1792 3327 256 1944 3273 479
2048 3327 256 2153 3275 478
2303 3327 256 2369 3278 478
2559 3327 256 2590 3282 477
2815 3327 256 2814 3285 476
3071 3327 256 3042 3290 475
3327 3327 256 3272 3294 473
3583 3327 256 3503 3299 472
3839 3327 256 3736 3305 471
4095 3327 256 3953 3297 460
0 3583 256 1103 3520 477
256 3583 256 1127 3519 484
512 3583 256 1197 3519 493
768 3583 256 1308 3518 504
1024 3583 256 1443 3519 504
1280 3583 256 1605 3521 503
1536 3583 256 1787 3522 503
1792 3583 256 1982 3524 503
2048 3583 256 2187 3526 502
2303 3583 256 2399 3529 501
2559 3583 256 2617 3532 501
2815 3583 256 2839 3535 499
3071 3583 256 3065 3539 499
3327 3583 256 3293 3543 497
3583 3583 256 3523 3548 496
3839 3583 256 3755 3553 495
4095 3583 256 3947 3522 513
0 3839 256 1181 3771 503
256 3839 256 1202 3771 507
512 3839 256 1266 3771 516
768 3839 256 1373 3770 528
1024 3839 256 1501 3771 528
1280 3839 256 1657 3772 528
1536 3839 256 1832 3773 527
1792 3839 256 2022 3775 527
2048 3839 256 2223 3777 526
2303 3839 256 2432 3780 525
2559 3839 256 2647 3782 525
2815 3839 256 2866 3785 524
3071 3839 256 3090 3789 523
3327 3839 256 3316 3793 522
3583 3839 256 3544 3797 521
3839 3839 256 3774 3801 519
4095 3839 256 4003 3805 493
0 4095 256 1286 3994 561
256 4095 256 1300 3995 560
512 4095 256 1347 4001 554
768 4095 256 1419 4024 529
1024 4095 256 1547 4017 537
1280 4095 256 1703 4007 549
1536 4095 256 1866 4027 529
1792 4095 256 2055 4011 546
2048 4095 256 2251 4027 530
2303 4095 256 2455 4012 547
2559 4095 256 2666 4016 546
2815 4095 256 2883 4022 540
3071 4095 256 3104 4027 537
3327 4095 256 3327 4030 537
3583 4095 256 3551 4029 540
3839 4095 256 3775 4028 544
4095 4095 256 3985 4010 566
0 0 512 202 193 530
256 0 512 262 99 506
512 0 512 497 133 513
768 0 512 737 162 515
1024 0 512 974 180 510
1280 0 512 1215 218 509
1536 0 512 1457 257 509
1792 0 512 1699 295 508
2048 0 512 1941 333 508
2303 0 512 2182 373 507
2559 0 512 2425 412 506
2815 0 512 2667 452 505
3071 0 512 2909 492 504
3327 0 512 3152 532 503
3583 0 512 3394 572 501
3839 0 512 3637 612 500
4095 0 512 3866 681 506
0 256 512 213 306 531
256 256 512 275 269 482
512 256 512 479 288 489
768 256 512 707 313 505
1024 256 512 949 335 514
1280 256 512 1194 356 517
1536 256 512 1439 380 518
1792 256 512 1684 406 518
2048 256 512 1928 434 517
2303 256 512 2171 464 515
2559 256 512 2415 495 514
2815 256 512 2658 528 512
3071 256 512 2901 562 511
3327 256 512 3145 596 509
3583 256 512 3388 632 507
3839 256 512 3631 668 505
4095 256 512 3870 708 504
0 512 512 296 548 556
256 512 512 310 507 510
512 512 512 512 512 512
768 512 512 744 518 512
1024 512 512 936 555 536
1280 512 512 1161 586 548
1536 512 512 1401 611 552
1792 512 512 1646 633 551
2048 512 512 1892 655 549
2303 512 512 2138 676 546
2559 512 512 2384 699 542
2815 512 512 2630 723 539
3071 512 512 2875 748 535
3327 512 512 3120 774 532
3583 512 512 3365 801 529
3839 512 512 3610 829 526
4095 512 512 3880 800 501
0 768 512 303 786 546
256 768 512 361 755 522
512 768 512 558 754 537
768 768 512 761 761 548
1024 768 512 970 777 562
1280 768 512 1185 799 574
1536 768 512 1406 825 584
1792 768 512 1632 854 592
2048 768 512 1863 884 599
2303 768 512 2100 911 598
2559 768 512 2345 934 593
2815 768 512 2591 956 587
3071 768 512 2837 978 581
3327 768 512 3084 1000 575
3583 768 512 3330 1023 569
3839 768 512 3576 1045 563
4095 768 512 3882 968 504
0 1024 512 397 1041 562
256 1024 512 413 1006 527
512 1024 512 625 997 572
768 1024 512 813 1002 584
1024 1024 512 1013 1012 589
1280 1024 512 1225 1026 595
1536 1024 512 1443 1044 600
1792 1024 512 1665 1064 606
2048 1024 512 1892 1087 610
2303 1024 512 2121 1112 614
2559 1024 512 2352 1138 618
2815 1024 512 2585 1166 621
3071 1024 512 2820 1196 624
3327 1024 512 3055 1226 626
3583 1024 512 3295 1254 624
3839 1024 512 3548 1268 609
4095 1024 512 3885 1168 509
0 1280 512 430 1268 541
256 1280 512 478 1257 536
512 1280 512 675 1249 581
768 1280 512 868 1248 608
1024 1280 512 1060 1254 610
1280 1280 512 1267 1264 613
1536 1280 512 1481 1276 617
1792 1280 512 1701 1291 620
2048 1280 512 1925 1308 623
2303 1280 512 2151 1327 626
2559 1280 512 2380 1348 628
2815 1280 512 2610 1371 631
3071 1280 512 2843 1395 633
3327 1280 512 3076 1420 635
3583 1280 512 3311 1447 637
3839 1280 512 3556 1465 627
4095 1280 512 3890 1386 515
0 1536 512 510 1517 550
256 1536 512 539 1509 539
512 1536 512 725 1501 586
768 1536 512 923 1496 627
1024 1536 512 1108 1501 628
1280 1536 512 1309 1508 630
1536 1536 512 1520 1517 631
1792 1536 512 1737 1528 634
2048 1536 512 1958 1541 635
2303 1536 512 2182 1555 637
2559 1536 512 2409 1572 640
2815 1536 512 2638 1590 642
3071 1536 512 2869 1609 643
3327 1536 512 3101 1630 645
3583 1536 512 3334 1652 647
3839 1536 512 3568 1675 648
4095 1536 512 3896 1614 523
0 1792 512 575 1763 551
256 1792 512 611 1760 550
512 1792 512 777 1754 591
768 1792 512 979 1747 642
1024 1792 512 1155 1750 642
1280 1792 512 1351 1755 644
1536 1792 512 1558 1762 645
1792 1792 512 1772 1770 646
2048 1792 512 1991 1780 647
2303 1792 512 2213 1791 649
2559 1792 512 2439 1804 651
2815 1792 512 2667 1818 652
3071 1792 512 2896 1834 654
3327 1792 512 3127 1851 655
3583 1792 512 3359 1869 656
3839 1792 512 3591 1889 658
4095 1792 512 3902 1849 532
0 2048 512 645 2013 557
256 2048 512 683 2012 560
512 2048 512 833 2006 598
768 2048 512 1031 1999 651
1024 2048 512 1203 2001 656
1280 2048 512 1393 2004 656
1536 2048 512 1596 2009 657
1792 2048 512 1807 2016 658
2048 2048 512 2024 2023 659
2303 2048 512 2244 2032 660
2559 2048 512 2469 2043 660
2815 2048 512 2695 2054 661
3071 2048 512 2924 2067 662
3327 2048 512 3154 2081 664
3583 2048 512 3385 2096 664
3839 2048 512 3617 2112 665
4095 2048 512 3911 2087 542
0 2303 512 723 2262 569
256 2303 512 754 2262 570
512 2303 512 891 2257 606
768 2303 512 1082 2250 659
1024 2303 512 1249 2251 666
1280 2303 512 1434 2254 666
1536 2303 512 1632 2258 666
1792 2303 512 1841 2263 667
2048 2303 512 2056 2269 667
2303 2303 512 2275 2276 668
2559 2303 512 2498 2284 669
2815 2303 512 2723 2293 669
3071 2303 512 2951 2304 670
3327 2303 512 3180 2315 671
3583 2303 512 3411 2327 671
3839 2303 512 3642 2341 672
4095 2303 512 3920 2329 556
0 2559 512 797 2513 580
256 2559 512 828 2514 584
512 2559 512 953 2510 616
768 2559 512 1134 2503 667
1024 2559 512 1297 2503 676
1280 2559 512 1475 2505 676
1536 2559 512 1670 2509 676
1792 2559 512 1875 2513 676
2048 2559 512 2087 2517 677
2303 2559 512 2304 2523 677
2559 2559 512 2526 2530 677
2815 2559 512 2750 2537 677
3071 2559 512 2977 2546 678
3327 2559 512 3206 2555 678
3583 2559 512 3436 2565 678
3839 2559 512 3667 2576 678
4095 2559 512 3931 2572 570
0 2815 512 874 2764 593
256 2815 512 903 2765 597
512 2815 512 1017 2762 627
768 2815 512 1188 2755 677
1024 2815 512 1346 2755 687
1280 2815 512 1519 2757 687
1536 2815 512 1708 2760 687
1792 2815 512 1909 2763 687
2048 2815 512 2119 2767 687
2303 2815 512 2334 2772 687
2559 2815 512 2554 2777 687
2815 2815 512 2777 2784 687
3071 2815 512 3003 2791 687
3327 2815 512 3230 2799 687
3583 2815 512 3460 2807 687
3839 2815 512 3691 2816 687
4095 2815 512 3943 2818 584
0 3071 512 952 3016 608
256 3071 512 978 3017 612
512 3071 512 1083 3013 641
768 3071 512 1245 3008 688
1024 3071 512 1398 3007 700
1280 3071 512 1564 3009 700
1536 3071 512 1748 3011 700
1792 3071 512 1945 3014 699
2048 3071 512 2152 3017 699
2303 3071 512 2364 3021 699
2559 3071 512 2582 3026 699
2815 3071 512 2803 3031 699
3071 3071 512 3028 3037 699
3327 3071 512 3255 3044 698
3583 3071 512 3483 3052 698
3839 3071 512 3713 3060 698
4095 3071 512 3956 3063 597
0 3327 512 1029 3268 624
256 3327 512 1054 3268 629
512 3327 512 1151 3265 655
768 3327 512 1304 3260 700
1024 3327 512 1451 3259 713
1280 3327 512 1611 3261 713
1536 3327 512 1790 3263 713
1792 3327 512 1983 3265 713
2048 3327 512 2186 3268 712
2303 3327 512 2395 3272 712
2559 3327 512 2611 3276 712
2815 3327 512 2830 3280 712
3071 3327 512 3053 3285 711
3327 3327 512 3279 3291 711
3583 3327 512 3506 3298 710
3839 3327 512 3736 3305 710
4095 3327 512 3963 3304 620
0 3583 512 1107 3519 641
256 3583 512 1130 3520 646
512 3583 512 1220 3517 671
768 3583 512 1364 3512 713
1024 3583 512 1506 3511 727
1280 3583 512 1660 3513 727
1536 3583 512 1834 3514 727
1792 3583 512 2022 3517 727
2048 3583 512 2221 3519 727
2303 3583 512 2427 3522 726
2559 3583 512 2641 3526 726
2815 3583 512 2858 3530 726
3071 3583 512 3079 3534 725
3327 3583 512 3303 3539 725
3583 3583 512 3530 3545 724
3839 3583 512 3758 3551 724
4095 3583 512 3976 3548 641
0 3839 512 1185 3771 659
256 3839 512 1207 3771 664
512 3839 512 1290 3769 688
768 3839 512 1425 3764 727
1024 3839 512 1563 3763 743
1280 3839 512 1711 3764 743
1536 3839 512 1879 3766 742
1792 3839 512 2063 3768 742
2048 3839 512 2258 3770 742
2303 3839 512 2461 3773 742
2559 3839 512 2672 3776 741
2815 3839 512 2887 3780 741
3071 3839 512 3106 3784 740
3327 3839 512 3329 3788 740
3583 3839 512 3554 3793 739
3839 3839 512 3781 3799 739
4095 3839 512 4006 3807 660
0 4095 512 1288 3994 702
256 4095 512 1300 3998 699
512 4095 512 1341 4010 689
768 4095 512 1421 4024 677
1024 4095 512 1547 4025 679
1280 4095 512 1698 4021 681
1536 4095 512 1868 4027 677
1792 4095 512 2054 4025 679
2048 4095 512 2253 4030 677
2303 4095 512 2457 4026 680
2559 4095 512 2669 4029 679
2815 4095 512 2887 4034 676
3071 4095 512 3109 4037 676
3327 4095 512 3333 4040 675
3583 4095 512 3558 4039 678
3839 4095 512 3784 4039 680
4095 4095 512 3986 4012 704
0 0 768 213 202 779
256 0 768 290 137 763
512 0 768 512 174 770
768 0 768 749 193 772
1024 0 768 979 205 764
1280 0 768 1219 237 764
1536 0 768 1460 271 764
1792 0 768 1702 308 764
2048 0 768 1944 345 764
2303 0 768 2185 383 763
2559 0 768 2427 421 763
2815 0 768 2669 460 762
3071 0 768 2911 499 761
3327 0 768 3153 538 761
3583 0 768 3396 578 760
3839 0 768 3638 618 759
4095 0 768 3862 696 767
0 256 768 221 310 779
256 256 768 315 285 725
512 256 768 503 305 716
768 256 768 721 327 738
1024 256 768 958 346 754
1280 256 768 1200 367 762
1536 256 768 1444 390 766
1792 256 768 1687 415 768
2048 256 768 1931 442 769
2303 256 768 2173 472 769
2559 256 768 2417 502 768
2815 256 768 2660 534 768
3071 256 768 2903 568 767
3327 256 768 3146 602 766
3583 256 768 3389 637 765
3839 256 768 3632 673 764
4095 256 768 3868 719 765
0 512 768 274 542 790
256 512 768 341 514 748
512 512 768 526 520 757
768 512 768 745 529 758
1024 512 768 940 567 754
1280 512 768 1166 594 769
1536 512 768 1405 618 780
1792 512 768 1649 639 786
2048 512 768 1894 661 789
2303 512 768 2139 682 790
2559 512 768 2385 705 789
2815 512 768 2631 728 788
3071 512 768 2876 753 787
3327 512 768 3121 778 785
3583 512 768 3366 805 783
3839 512 768 3610 833 781
4095 512 768 3881 805 760
0 768 768 309 776 782
256 768 768 383 760 765
512 768 768 578 758 760
768 768 768 768 768 768
1024 768 768 999 773 768
1280 768 768 1218 789 776
1536 768 768 1405 833 804
1792 768 768 1625 865 819
2048 768 768 1860 892 825
2303 768 768 2100 916 828
2559 768 768 2345 938 828
2815 768 768 2591 960 826
3071 768 768 2837 982 823
3327 768 768 3084 1004 820
3583 768 768 3330 1026 817
3839 768 768 3576 1049 814
4095 768 768 3884 971 761
0 1024 768 383 1027 789
256 1024 768 427 1010 773
512 1024 768 631 1002 790
768 1024 768 790 1016 771
1024 1024 768 1016 1019 771
1280 1024 768 1248 1024 770
1536 1024 768 1461 1041 798
1792 1024 768 1669 1067 824
2048 1024 768 1875 1102 851
2303 1024 768 2090 1136 869
2559 1024 768 2320 1166 876
2815 1024 768 2558 1192 877
3071 1024 768 2800 1216 874
3327 1024 768 3045 1239 871
3583 1024 768 3290 1262 866
3839 1024 768 3548 1271 851
4095 1024 768 3887 1170 764
0 1280 768 441 1269 785
256 1280 768 489 1260 780
512 1280 768 679 1252 806
768 1280 768 879 1248 834
1024 1280 768 1059 1259 825
1280 1280 768 1267 1267 839
1536 1280 768 1476 1281 853
1792 1280 768 1688 1299 867
2048 1280 768 1903 1322 880
2303 1280 768 2119 1347 893
2559 1280 768 2339 1376 905
2815 1280 768 2561 1406 916
3071 1280 768 2786 1439 926
3327 1280 768 3019 1468 928
3583 1280 768 3259 1493 925
3839 1280 768 3551 1471 869
4095 1280 768 3891 1387 768
0 1536 768 510 1516 787
256 1536 768 553 1511 785
512 1536 768 728 1504 815
768 1536 768 937 1496 857
1024 1536 768 1125 1498 875
1280 1536 768 1318 1506 882
1536 1536 768 1520 1517 890
1792 1536 768 1728 1532 899
2048 1536 768 1941 1549 907
2303 1536 768 2156 1568 916
2559 1536 768 2375 1591 924
2815 1536 768 2596 1615 933
3071 1536 768 2819 1641 941
3327 1536 768 3044 1670 948
3583 1536 768 3273 1698 953
3839 1536 768 3559 1684 890
4095 1536 768 3897 1615 773
0 1792 768 582 1765 791
256 1792 768 619 1762 790
512 1792 768 779 1756 819
768 1792 768 987 1747 867
1024 1792 768 1190 1743 908
1280 1792 768 1374 1749 913
1536 1792 768 1570 1758 917
1792 1792 768 1774 1769 923
2048 1792 768 1984 1782 928
2303 1792 768 2197 1798 934
2559 1792 768 2414 1815 940
2815 1792 768 2634 1835 946
3071 1792 768 2857 1856 953
3327 1792 768 3081 1879 958
3583 1792 768 3306 1904 965
3839 1792 768 3569 1906 918
4095 1792 768 3903 1850 779
0 2048 768 652 2014 794
256 2048 768 691 2013 798
512 2048 768 837 2008 826
768 2048 768 1036 2000 873
1024 2048 768 1246 1992 925
1280 2048 768 1428 1996 935
1536 2048 768 1619 2002 938
1792 2048 768 1820 2011 941
2048 2048 768 2028 2021 945
2303 2048 768 2239 2033 949
2559 2048 768 2455 2047 953
2815 2048 768 2674 2063 957
3071 2048 768 2895 2080 962
3327 2048 768 3118 2099 967
3583 2048 768 3343 2120 971
3839 2048 768 3580 2135 956
4095 2048 768 3912 2089 786
0 2303 768 729 2264 802
256 2303 768 762 2264 805
512 2303 768 894 2259 831
768 2303 768 1085 2251 877
1024 2303 768 1296 2243 933
1280 2303 768 1480 2244 950
1536 2303 768 1667 2249 952
1792 2303 768 1864 2256 954
2048 2303 768 2070 2264 957
2303 2303 768 2279 2273 959
2559 2303 768 2494 2284 962
2815 2303 768 2712 2297 965
3071 2303 768 2933 2311 969
3327 2303 768 3155 2326 972
3583 2303 768 3379 2343 976
3839 2303 768 3605 2361 979
4095 2303 768 3921 2330 795
0 2559 768 804 2514 810
256 2559 768 835 2515 813
512 2559 768 956 2511 838
768 2559 768 1137 2504 882
1024 2559 768 1345 2495 939
1280 2559 768 1531 2494 963
1536 2559 768 1713 2498 964
1792 2559 768 1908 2504 965
2048 2559 768 2110 2510 967
2303 2559 768 2318 2518 969
2559 2559 768 2532 2527 970
2815 2559 768 2749 2537 972
3071 2559 768 2969 2548 975
3327 2559 768 3191 2561 977
3583 2559 768 3415 2575 979
3839 2559 768 3640 2589 982
4095 2559 768 3932 2573 803
0 2815 768 879 2766 819
256 2815 768 909 2766 823
512 2815 768 1021 2762 847
768 2815 768 1191 2756 888
1024 2815 768 1394 2748 944
1280 2815 768 1581 2745 974
1536 2815 768 1759 2749 974
1792 2815 768 1950 2753 975
2048 2815 768 2150 2758 976
2303 2815 768 2356 2765 977
2559 2815 768 2568 2772 978
2815 2815 768 2784 2780 980
3071 2815 768 3003 2790 981
3327 2815 768 3224 2800 983
3583 2815 768 3448 2812 984
3839 2815 768 3673 2824 986
4095 2815 768 3943 2819 815
0 3071 768 957 3017 829
256 3071 768 984 3018 833
512 3071 768 1086 3014 855
768 3071 768 1248 3009 895
1024 3071 768 1444 3001 950
1280 3071 768 1631 2997 984
1536 3071 768 1805 3000 984
1792 3071 768 1992 3003 985
2048 3071 768 2189 3008 985
2303 3071 768 2393 3013 986
2559 3071 768 2603 3019 987
2815 3071 768 2817 3026 988
3071 3071 768 3035 3034 989
3327 3071 768 3256 3043 989
3583 3071 768 3479 3052 991
3839 3071 768 3703 3063 992
4095 3071 768 3956 3065 832
0 3327 768 1034 3268 840
256 3327 768 1059 3269 844
512 3327 768 1154 3266 866
768 3327 768 1307 3261 904
1024 3327 768 1496 3253 956
1280 3327 768 1682 3249 994
1536 3327 768 1851 3251 994
1792 3327 768 2034 3254 994
2048 3327 768 2228 3258 994
2303 3327 768 2429 3263 995
2559 3327 768 2638 3268 995
2815 3327 768 2851 3274 996
3071 3327 768 3067 3280 996
3327 3327 768 3287 3288 997
3583 3327 768 3509 3296 998
3839 3327 768 3733 3305 998
4095 3327 768 3973 3312 835
0 3583 768 1112 3520 852
256 3583 768 1135 3521 856
512 3583 768 1223 3518 877
768 3583 768 1367 3513 913
1024 3583 768 1549 3506 964
1280 3583 768 1733 3501 1002
1536 3583 768 1898 3503 1004
1792 3583 768 2077 3506 1004
2048 3583 768 2268 3509 1004
2303 3583 768 2466 3513 1004
2559 3583 768 2672 3517 1005
2815 3583 768 2883 3522 1005
3071 3583 768 3099 3528 1005
3327 3583 768 3317 3534 1005
3583 3583 768 3538 3541 1006
3839 3583 768 3761 3549 1006
4095 3583 768 3986 3557 847
0 3839 768 1189 3771 865
256 3839 768 1211 3772 869
512 3839 768 1294 3769 889
768 3839 768 1429 3765 923
1024 3839 768 1604 3758 972
1280 3839 768 1784 3754 1011
1536 3839 768 1946 3755 1014
1792 3839 768 2121 3757 1014
2048 3839 768 2308 3760 1015
2303 3839 768 2504 3763 1015
2559 3839 768 2707 3767 1015
2815 3839 768 2916 3772 1015
3071 3839 768 3130 3777 1015
3327 3839 768 3347 3782 1015
3583 3839 768 3567 3788 1015
3839 3839 768 3789 3795 1015
4095 3839 768 4011 3805 955
0 4095 768 1290 3996 896
256 4095 768 1301 4001 893
512 4095 768 1340 4016 883
768 4095 768 1425 4025 879
1024 4095 768 1550 4025 880
1280 4095 768 1701 4026 880
1536 4095 768 1871 4028 879
1792 4095 768 2058 4029 880
2048 4095 768 2255 4031 879
2303 4095 768 2460 4033 877
2559 4095 768 2674 4035 880
2815 4095 768 2892 4038 879
3071 4095 768 3114 4041 879
3327 4095 768 3338 4045 877
3583 4095 768 3564 4048 874
3839 4095 768 3792 4049 875
4095 4095 768 3995 4022 893
0 0 1024 253 214 1028
256 0 1024 333 197 1024
512 0 1024 536 212 1026
768 0 1024 753 209 1019
1024 0 1024 987 235 1018
1280 0 1024 1226 262 1019
1536 0 1024 1465 294 1019
1792 0 1024 1706 328 1019
2048 0 1024 1947 361 1019
2303 0 1024 2187 398 1019
2559 0 1024 2429 435 1018
2815 0 1024 2671 472 1018
3071 0 1024 2913 511 1018
3327 0 1024 3155 549 1017
3583 0 1024 3397 588 1017
3839 0 1024 3639 627 1016
4095 0 1024 3864 703 1023
0 256 1024 255 311 1025
256 256 1024 351 307 982
512 256 1024 532 329 954
768 256 1024 741 345 979
1024 256 1024 970 363 997
1280 256 1024 1209 383 1008
1536 256 1024 1450 405 1015
1792 256 1024 1692 429 1018
2048 256 1024 1935 455 1020
2303 256 1024 2176 484 1021
2559 256 1024 2419 514 1022
2815 256 1024 2662 545 1022
3071 256 1024 2905 577 1022
3327 256 1024 3148 611 1021
3583 256 1024 3391 645 1021
3839 256 1024 3633 681 1020
4095 256 1024 3872 719 1019
0 512 1024 330 554 1042
256 512 1024 366 526 1005
512 512 1024 560 538 945
768 512 1024 750 553 966
1024 512 1024 953 581 971
1280 512 1024 1177 605 992
1536 512 1024 1413 627 1009
1792 512 1024 1655 648 1021
2048 512 1024 1899 669 1028
2303 512 1024 2143 690 1032
2559 512 1024 2388 712 1035
2815 512 1024 2633 735 1036
3071 512 1024 2878 759 1036
3327 512 1024 3123 785 1036
3583 512 1024 3368 811 1035
3839 512 1024 3612 839 1034
4095 512 1024 3882 812 1017
0 768 1024 353 785 1036
256 768 1024 404 768 1014
512 768 1024 602 767 979
768 768 1024 779 774 1022
1024 768 1024 1007 780 1022
1280 768 1024 1208 807 1012
1536 768 1024 1407 844 1022
1792 768 1024 1629 874 1037
2048 768 1024 1864 899 1048
2303 768 1024 2104 922 1056
2559 768 1024 2348 944 1060
2815 768 1024 2593 966 1063
3071 768 1024 2839 987 1064
3327 768 1024 3085 1009 1063
3583 768 1024 3332 1031 1062
3839 768 1024 3578 1054 1061
4095 768 1024 3884 977 1018
0 1024 1024 448 1048 1055
256 1024 1024 442 1018 1026
512 1024 1024 643 1010 1014
768 1024 1024 819 1016 1019
1024 1024 1024 1024 1024 1024
1280 1024 1024 1254 1029 1024
1536 1024 1024 1488 1035 1024
1792 1024 1024 1679 1070 1047
2048 1024 1024 1873 1111 1072
2303 1024 1024 2090 1144 1088
2559 1024 1024 2321 1172 1097
2815 1024 1024 2559 1197 1102
3071 1024 1024 2801 1221 1103
3327 1024 1024 3045 1244 1104
3583 1024 1024 3291 1266 1102
3839 1024 1024 3549 1274 1092
4095 1024 1024 3888 1175 1020
0 1280 1024 482 1279 1043
256 1280 1024 504 1264 1028
512 1280 1024 691 1257 1036
768 1280 1024 890 1253 1049
1024 1280 1024 1045 1271 1027
1280 1280 1024 1271 1275 1026
1536 1280 1024 1503 1280 1026
1792 1280 1024 1737 1286 1026
2048 1280 1024 1974 1293 1026
2303 1280 1024 2151 1336 1081
2559 1280 1024 2342 1379 1120
2815 1280 1024 2557 1414 1138
3071 1280 1024 2784 1445 1148
3327 1280 1024 3019 1472 1151
3583 1280 1024 3259 1497 1151
3839 1280 1024 3553 1474 1106
4095 1280 1024 3892 1391 1023
0 1536 1024 552 1524 1047
256 1536 1024 560 1515 1031
512 1536 1024 737 1508 1049
768 1536 1024 946 1499 1077
1024 1536 1024 1122 1505 1081
1280 1536 1024 1293 1523 1030
1536 1536 1024 1520 1526 1043
1792 1536 1024 1742 1534 1067
2048 1536 1024 1957 1548 1089
2303 1536 1024 2170 1567 1109
2559 1536 1024 2383 1591 1129
2815 1536 1024 2597 1618 1148
3071 1536 1024 2812 1649 1167
3327 1536 1024 3025 1685 1188
3583 1536 1024 3268 1704 1180
3839 1536 1024 3561 1686 1123
4095 1536 1024 3898 1619 1026
0 1792 1024 622 1770 1050
256 1792 1024 625 1765 1035
512 1792 1024 787 1759 1057
768 1792 1024 996 1750 1094
1024 1792 1024 1194 1746 1123
1280 1792 1024 1364 1757 1108
1536 1792 1024 1566 1764 1120
1792 1792 1024 1773 1773 1133
2048 1792 1024 1982 1786 1146
2303 1792 1024 2193 1803 1159
2559 1792 1024 2406 1822 1173
2815 1792 1024 2621 1844 1186
3071 1792 1024 2837 1869 1199
3327 1792 1024 3055 1896 1212
3583 1792 1024 3286 1919 1211
3839 1792 1024 3570 1908 1147
4095 1792 1024 3905 1853 1031
0 2048 1024 677 2016 1046
256 2048 1024 700 2016 1042
512 2048 1024 846 2010 1065
768 2048 1024 1045 2001 1104
1024 2048 1024 1250 1994 1144
1280 2048 1024 1439 1996 1165
1536 2048 1024 1627 2003 1170
1792 2048 1024 1824 2012 1178
2048 2048 1024 2027 2023 1187
2303 2048 1024 2234 2037 1196
2559 2048 1024 2444 2053 1205
2815 2048 1024 2658 2071 1215
3071 2048 1024 2873 2092 1225
3327 2048 1024 3091 2114 1234
3583 2048 1024 3310 2139 1244
3839 2048 1024 3581 2137 1178
4095 2048 1024 3913 2091 1036
0 2303 1024 758 2263 1055
256 2303 1024 765 2266 1045
512 2303 1024 900 2261 1069
768 2303 1024 1093 2253 1109
1024 2303 1024 1301 2244 1155
1280 2303 1024 1503 2240 1195
1536 2303 1024 1687 2245 1205
1792 2303 1024 1878 2253 1211
2048 2303 1024 2076 2262 1216
2303 2303 1024 2280 2273 1223
2559 2303 1024 2488 2287 1229
2815 2303 1024 2700 2302 1236
3071 2303 1024 2915 2319 1243
3327 2303 1024 3131 2338 1251
3583 2303 1024 3350 2358 1259
3839 2303 1024 3595 2368 1218
4095 2303 1024 3922 2332 1042
0 2559 1024 825 2513 1057
256 2559 1024 840 2517 1053
512 2559 1024 963 2512 1075
768 2559 1024 1145 2505 1114
1024 2559 1024 1350 2497 1162
1280 2559 1024 1558 2490 1211
1536 2559 1024 1745 2491 1231
1792 2559 1024 1931 2497 1235
2048 2559 1024 2126 2505 1238
2303 2559 1024 2327 2515 1243
2559 2559 1024 2534 2526 1247
2815 2559 1024 2744 2538 1252
3071 2559 1024 2957 2552 1257
3327 2559 1024 3173 2568 1263
3583 2559 1024 3392 2585 1268
3839 2559 1024 3614 2602 1268
4095 2559 1024 3933 2575 1049
0 2815 1024 898 2764 1063
256 2815 1024 914 2768 1060
512 2815 1024 1027 2764 1082
768 2815 1024 1198 2757 1119
1024 2815 1024 1399 2749 1167
1280 2815 1024 1609 2741 1220
1536 2815 1024 1802 2739 1251
1792 2815 1024 1983 2745 1253
2048 2815 1024 2175 2751 1256
2303 2815 1024 2373 2759 1258
2559 2815 1024 2578 2768 1262
2815 2815 1024 2787 2778 1265
3071 2815 1024 2999 2790 1269
3327 2815 1024 3214 2803 1273
3583 2815 1024 3432 2817 1277
3839 2815 1024 3651 2833 1281
4095 2815 1024 3945 2820 1057
0 3071 1024 975 3013 1071
256 3071 1024 987 3019 1067
512 3071 1024 1091 3016 1088
768 3071 1024 1254 3010 1124
1024 3071 1024 1449 3002 1172
1280 3071 1024 1658 2993 1226
1536 3071 1024 1856 2989 1266
1792 3071 1024 2034 2994 1268
2048 3071 1024 2222 2999 1270
2303 3071 1024 2418 3005 1272
2559 3071 1024 2621 3013 1274
2815 3071 1024 2828 3022 1276
3071 3071 1024 3040 3031 1279
3327 3071 1024 3254 3042 1282
3583 3071 1024 3471 3054 1285
3839 3071 1024 3690 3068 1288
4095 3071 1024 3958 3066 1069
0 3327 1024 1047 3266 1077
256 3327 1024 1064 3270 1077
512 3327 1024 1160 3267 1096
768 3327 1024 1313 3262 1130
1024 3327 1024 1501 3254 1177
1280 3327 1024 1707 3246 1231
1536 3327 1024 1909 3240 1278
1792 3327 1024 2084 3244 1280
2048 3327 1024 2269 3248 1282
2303 3327 1024 2462 3254 1283
2559 3327 1024 2663 3260 1285
2815 3327 1024 2869 3267 1286
3071 3327 1024 3079 3276 1288
3327 3327 1024 3292 3285 1290
3583 3327 1024 3508 3295 1293
3839 3327 1024 3726 3306 1295
4095 3327 1024 3972 3313 1088
0 3583 1024 1125 3516 1086
256 3583 1024 1139 3522 1085
512 3583 1024 1228 3519 1104
768 3583 1024 1372 3514 1137
1024 3583 1024 1554 3507 1182
1280 3583 1024 1756 3499 1236
1536 3583 1024 1960 3492 1287
1792 3583 1024 2133 3494 1291
2048 3583 1024 2315 3498 1292
2303 3583 1024 2505 3503 1293
2559 3583 1024 2704 3508 1294
2815 3583 1024 2908 3514 1296
3071 3583 1024 3117 3522 1297
3327 3583 1024 3329 3530 1298
3583 3583 1024 3544 3538 1300
3839 3583 1024 3762 3548 1302
4095 3583 1024 3990 3560 1110
0 3839 1024 1201 3768 1096
256 3839 1024 1215 3773 1095
512 3839 1024 1298 3770 1113
768 3839 1024 1434 3766 1144
1024 3839 1024 1609 3759 1188
1280 3839 1024 1806 3751 1241
1536 3839 1024 2010 3744 1295
1792 3839 1024 2182 3746 1302
2048 3839 1024 2360 3749 1302
2303 3839 1024 2548 3753 1303
2559 3839 1024 2744 3758 1304
2815 3839 1024 2947 3763 1305
3071 3839 1024 3154 3769 1306
3327 3839 1024 3365 3776 1307
3583 3839 1024 3579 3784 1308
3839 3839 1024 3796 3792 1309
4095 3839 1024 4014 3802 1289
0 4095 1024 1290 4004 1113
256 4095 1024 1298 4012 1109
512 4095 1024 1340 4025 1103
768 4095 1024 1431 4026 1104
1024 4095 1024 1556 4026 1105
1280 4095 1024 1705 4027 1104
1536 4095 1024 1875 4028 1104
1792 4095 1024 2061 4030 1105
2048 4095 1024 2259 4032 1105
2303 4095 1024 2463 4034 1103
2559 4095 1024 2676 4036 1104
2815 4095 1024 2894 4039 1104
3071 4095 1024 3116 4042 1105
3327 4095 1024 3340 4045 1105
3583 4095 1024 3567 4049 1104
3839 4095 1024 3796 4053 1102
4095 4095 1024 4025 4055 1100
0 0 1280 311 238 1280
256 0 1280 374 231 1278
512 0 1280 551 232 1276
768 0 1280 769 245 1274
1024 0 1280 999 266 1274
1280 0 1280 1235 290 1274
1536 0 1280 1473 319 1274
1792 0 1280 1712 349 1274
2048 0 1280 1953 381 1274
2303 0 1280 2192 416 1274
2559 0 1280 2434 451 1274
2815 0 1280 2675 487 1273
3071 0 1280 2916 524 1273
3327 0 1280 3158 561 1273
3583 0 1280 3400 599 1272
3839 0 1280 3642 637 1272
4095 0 1280 3875 694 1274
0 256 1280 295 324 1275
256 256 1280 392 334 1239
512 256 1280 566 354 1205
768 256 1280 765 367 1226
1024 256 1280 987 384 1244
1280 256 1280 1221 401 1256
1536 256 1280 1459 422 1264
1792 256 1280 1699 445 1269
2048 256 1280 1941 470 1272
2303 256 1280 2182 498 1274
2559 256 1280 2424 527 1275
2815 256 1280 2666 557 1275
3071 256 1280 2908 589 1276
3327 256 1280 3151 622 1275
3583 256 1280 3393 655 1275
3839 256 1280 3636 690 1275
4095 256 1280 3884 710 1272
0 512 1280 342 548 1281
256 512 1280 407 541 1255
512 512 1280 595 555 1183
768 512 1280 775 575 1173
1024 512 1280 974 598 1193
1280 512 1280 1193 619 1219
1536 512 1280 1425 639 1241
1792 512 1280 1664 659 1257
2048 512 1280 1906 679 1268
2303 512 1280 2149 699 1275
2559 512 1280 2393 721 1280
2815 512 1280 2638 744 1283
3071 512 1280 2882 768 1285
3327 512 1280 3126 793 1286
3583 512 1280 3370 819 1286
3839 512 1280 3614 846 1286
4095 512 1280 3885 819 1272
0 768 1280 379 784 1282
256 768 1280 439 777 1264
512 768 1280 628 779 1215
768 768 1280 807 789 1213
1024 768 1280 1018 788 1277
1280 768 1280 1210 825 1230
1536 768 1280 1415 857 1239
1792 768 1280 1638 884 1256
2048 768 1280 1871 908 1272
2303 768 1280 2110 930 1284
2559 768 1280 2353 952 1293
2815 768 1280 2597 973 1299
3071 768 1280 2843 994 1303
3327 768 1280 3088 1015 1305
3583 768 1280 3334 1037 1306
3839 768 1280 3580 1060 1307
4095 768 1280 3887 982 1273
0 1024 1280 450 1037 1289
256 1024 1280 477 1021 1274
512 1024 1280 663 1018 1248
768 1024 1280 853 1022 1232
1024 1024 1280 1035 1030 1278
1280 1024 1280 1263 1035 1278
1536 1024 1280 1495 1041 1278
1792 1024 1280 1673 1085 1277
2048 1024 1280 1875 1122 1291
2303 1024 1280 2094 1152 1305
2559 1024 1280 2325 1179 1317
2815 1024 1280 2562 1204 1326
3071 1024 1280 2804 1227 1332
3327 1024 1280 3048 1250 1336
3583 1024 1280 3293 1271 1338
3839 1024 1280 3549 1281 1332
4095 1024 1280 3891 1179 1275
0 1280 1280 489 1275 1285
256 1280 1280 535 1268 1278
512 1280 1280 710 1263 1270
768 1280 1280 907 1260 1265
1024 1280 1280 1056 1276 1280
1280 1280 1280 1280 1280 1280
1536 1280 1280 1509 1285 1280
1792 1280 1280 1743 1291 1280
2048 1280 1280 1979 1298 1280
2303 1280 1280 2143 1349 1316
2559 1280 1280 2340 1388 1340
2815 1280 1280 2557 1422 1357
3071 1280 1280 2785 1451 1367
3327 1280 1280 3020 1478 1374
3583 1280 1280 3262 1501 1376
3839 1280 1280 3555 1478 1344
4095 1280 1280 3895 1395 1277
0 1536 1280 567 1525 1292
256 1536 1280 587 1518 1283
512 1536 1280 756 1512 1288
768 1536 1280 960 1505 1297
1024 1536 1280 1133 1510 1302
1280 1536 1280 1301 1527 1283
1536 1536 1280 1527 1531 1282
1792 1536 1280 1758 1536 1282
2048 1536 1280 1991 1542 1282
2303 1536 1280 2226 1548 1282
2559 1536 1280 2454 1561 1290
2815 1536 1280 2615 1615 1354
3071 1536 1280 2810 1657 1388
3327 1536 1280 3024 1692 1407
3583 1536 1280 3270 1709 1401
3839 1536 1280 3562 1690 1359
4095 1536 1280 3901 1622 1280
0 1792 1280 626 1771 1292
256 1792 1280 652 1768 1288
512 1792 1280 808 1762 1300
768 1792 1280 1007 1754 1319
1024 1792 1280 1203 1751 1338
1280 1792 1280 1352 1767 1312
1536 1792 1280 1548 1779 1286
1792 1792 1280 1775 1783 1285
2048 1792 1280 2007 1788 1285
2303 1792 1280 2240 1793 1285
2559 1792 1280 2464 1805 1302
2815 1792 1280 2679 1823 1328
3071 1792 1280 2889 1848 1356
3327 1792 1280 3056 1900 1427
3583 1792 1280 3286 1923 1429
3839 1792 1280 3572 1911 1378
4095 1792 1280 3907 1855 1283
0 2048 1280 685 2019 1292
256 2048 1280 722 2018 1293
512 2048 1280 863 2012 1309
768 2048 1280 1055 2004 1334
1024 2048 1280 1258 1998 1364
1280 2048 1280 1442 2000 1377
1536 2048 1280 1589 2022 1317
1792 2048 1280 1809 2025 1334
2048 2048 1280 2027 2031 1352
2303 2048 1280 2241 2041 1369
2559 2048 1280 2455 2055 1387
2815 2048 1280 2669 2072 1404
3071 2048 1280 2884 2092 1420
3327 2048 1280 3099 2115 1437
3583 2048 1280 3308 2144 1462
3839 2048 1280 3583 2139 1404
4095 2048 1280 3916 2093 1287
0 2303 1280 765 2266 1298
256 2303 1280 786 2268 1296
512 2303 1280 918 2263 1315
768 2303 1280 1103 2255 1343
1024 2303 1280 1308 2247 1379
1280 2303 1280 1508 2243 1411
1536 2303 1280 1681 2251 1407
1792 2303 1280 1871 2259 1408
2048 2303 1280 2074 2267 1419
2303 2303 1280 2279 2278 1431
2559 2303 1280 2487 2291 1443
2815 2303 1280 2698 2306 1455
3071 2303 1280 2910 2324 1468
3327 2303 1280 3123 2344 1480
3583 2303 1280 3338 2367 1494
3839 2303 1280 3597 2370 1438
4095 2303 1280 3924 2334 1292
0 2559 1280 832 2517 1301
256 2559 1280 858 2518 1302
512 2559 1280 978 2514 1320
768 2559 1280 1153 2507 1349
1024 2559 1280 1356 2499 1389
1280 2559 1280 1564 2492 1431
1536 2559 1280 1754 2492 1455
1792 2559 1280 1937 2499 1459
2048 2559 1280 2130 2507 1467
2303 2559 1280 2329 2516 1475
2559 2559 1280 2533 2528 1484
2815 2559 1280 2740 2542 1493
3071 2559 1280 2950 2557 1502
3327 2559 1280 3162 2574 1511
3583 2559 1280 3376 2593 1521
3839 2559 1280 3613 2605 1484
4095 2559 1280 3935 2577 1297
0 2815 1280 907 2767 1307
256 2815 1280 929 2770 1307
512 2815 1280 1040 2766 1325
768 2815 1280 1208 2759 1356
1024 2815 1280 1406 2751 1396
1280 2815 1280 1615 2743 1443
1536 2815 1280 1816 2739 1482
1792 2815 1280 2001 2742 1497
2048 2815 1280 2188 2749 1502
2303 2815 1280 2382 2757 1508
2559 2815 1280 2582 2767 1514
2815 2815 1280 2787 2779 1521
3071 2815 1280 2995 2792 1528
3327 2815 1280 3205 2807 1535
3583 2815 1280 3418 2824 1542
3839 2815 1280 3635 2841 1543
4095 2815 1280 3947 2822 1304
0 3071 1280 981 3017 1312
256 3071 1280 1002 3021 1313
512 3071 1280 1105 3017 1331
768 3071 1280 1263 3011 1361
1024 3071 1280 1454 3003 1401
1280 3071 1280 1664 2995 1450
1536 3071 1280 1870 2988 1497
1792 3071 1280 2063 2988 1525
2048 3071 1280 2245 2994 1529
2303 3071 1280 2435 3001 1533
2559 3071 1280 2632 3010 1538
2815 3071 1280 2834 3020 1543
3071 3071 1280 3040 3031 1548
3327 3071 1280 3250 3044 1553
3583 3071 1280 3462 3058 1559
3839 3071 1280 3676 3073 1565
4095 3071 1280 3960 3068 1312
0 3327 1280 1054 3270 1318
256 3327 1280 1077 3272 1320
512 3327 1280 1171 3268 1337
768 3327 1280 1321 3263 1366
1024 3327 1280 1506 3256 1406
1280 3327 1280 1712 3247 1456
1536 3327 1280 1921 3239 1507
1792 3327 1280 2122 3236 1547
2048 3327 1280 2301 3241 1551
2303 3327 1280 2487 3247 1554
2559 3327 1280 2682 3254 1557
2815 3327 1280 2882 3263 1561
3071 3327 1280 3086 3273 1565
3327 3327 1280 3294 3284 1569
3583 3327 1280 3505 3296 1573
3839 3327 1280 3718 3309 1578
4095 3327 1280 3975 3315 1324
0 3583 1280 1133 3519 1326
256 3583 1280 1150 3523 1327
512 3583 1280 1239 3520 1343
768 3583 1280 1381 3515 1372
1024 3583 1280 1560 3508 1411
1280 3583 1280 1761 3500 1460
1536 3583 1280 1971 3491 1514
1792 3583 1280 2177 3485 1563
2048 3583 1280 2355 3489 1569
2303 3583 1280 2538 3495 1571
2559 3583 1280 2730 3501 1573
2815 3583 1280 2928 3508 1576
3071 3583 1280 3131 3517 1579
3327 3583 1280 3337 3526 1582
3583 3583 1280 3547 3536 1585
3839 3583 1280 3760 3548 1589
4095 3583 1280 3990 3562 1377
0 3839 1280 1208 3771 1333
256 3839 1280 1225 3774 1335
512 3839 1280 1308 3772 1350
768 3839 1280 1442 3767 1378
1024 3839 1280 1614 3760 1416
1280 3839 1280 1811 3752 1464
1536 3839 1280 2020 3744 1519
1792 3839 1280 2230 3736 1574
2048 3839 1280 2407 3739 1583
2303 3839 1280 2588 3743 1585
2559 3839 1280 2777 3749 1587
2815 3839 1280 2973 3755 1589
3071 3839 1280 3174 3763 1591
3327 3839 1280 3379 3771 1594
3583 3839 1280 3588 3780 1596
3839 3839 1280 3800 3790 1599
4095 3839 1280 4014 3800 1602
0 4095 1280 1284 4023 1341
256 4095 1280 1298 4023 1341
512 4095 1280 1348 4025 1340
768 4095 1280 1439 4027 1341
1024 4095 1280 1562 4027 1341
1280 4095 1280 1710 4028 1340
1536 4095 1280 1881 4030 1341
1792 4095 1280 2066 4031 1341
2048 4095 1280 2263 4033 1341
2303 4095 1280 2468 4035 1341
2559 4095 1280 2680 4037 1341
2815 4095 1280 2897 4040 1340
3071 4095 1280 3118 4043 1341
3327 4095 1280 3343 4046 1341
3583 4095 1280 3570 4050 1340
3839 4095 1280 3799 4054 1343
4095 4095 1280 4023 4053 1338
0 0 1536 374 279 1534
256 0 1536 412 267 1531
512 0 1536 578 272 1529
768 0 1536 788 285 1529
1024 0 1536 1013 303 1528
1280 0 1536 1246 324 1529
1536 0 1536 1482 349 1529
1792 0 1536 1719 377 1529
2048 0 1536 1959 406 1529
2303 0 1536 2198 438 1529
2559 0 1536 2438 472 1529
2815 0 1536 2679 506 1529
3071 0 1536 2920 541 1529
3327 0 1536 3162 577 1528
3583 0 1536 3403 614 1528
3839 0 1536 3645 651 1528
4095 0 1536 3875 711 1529
0 256 1536 355 355 1531
256 256 1536 434 362 1500
512 256 1536 601 382 1462
768 256 1536 791 393 1479
1024 256 1536 1007 407 1494
1280 256 1536 1235 424 1506
1536 256 1536 1470 444 1514
1792 256 1536 1708 466 1520
2048 256 1536 1948 489 1524
2303 256 1536 2188 516 1526
2559 256 1536 2429 544 1528
2815 256 1536 2671 573 1529
3071 256 1536 2912 604 1529
3327 256 1536 3154 636 1530
3583 256 1536 3397 669 1530
3839 256 1536 3639 703 1530
4095 256 1536 3879 737 1529
0 512 1536 398 565 1534
256 512 1536 446 557 1513
512 512 1536 630 573 1436
768 512 1536 809 599 1394
1024 512 1536 1000 617 1422
1280 512 1536 1214 635 1452
1536 512 1536 1441 653 1477
1792 512 1536 1677 672 1495
2048 512 1536 1916 692 1509
2303 512 1536 2157 712 1518
2559 512 1536 2399 733 1525
2815 512 1536 2643 755 1530
3071 512 1536 2887 779 1533
3327 512 1536 3130 804 1535
3583 512 1536 3374 829 1536
3839 512 1536 3618 856 1537
4095 512 1536 3888 828 1528
0 768 1536 421 793 1534
256 768 1536 477 788 1517
512 768 1536 657 793 1462
768 768 1536 841 806 1417
1024 768 1536 1028 811 1478
1280 768 1536 1223 844 1443
1536 768 1536 1430 872 1456
1792 768 1536 1651 896 1478
2048 768 1536 1882 919 1498
2303 768 1536 2119 940 1514
2559 768 1536 2360 961 1526
2815 768 1536 2603 982 1535
3071 768 1536 2848 1002 1542
3327 768 1536 3093 1024 1547
3583 768 1536 3338 1045 1550
3839 768 1536 3583 1067 1552
4095 768 1536 3890 991 1529
0 1024 1536 493 1044 1539
256 1024 1536 506 1030 1530
512 1024 1536 690 1028 1488
768 1024 1536 881 1033 1451
1024 1024 1536 1051 1039 1518
1280 1024 1536 1273 1043 1532
1536 1024 1536 1489 1060 1515
1792 1024 1536 1674 1101 1497
2048 1024 1536 1881 1134 1507
2303 1024 1536 2101 1162 1523
2559 1024 1536 2331 1188 1538
2815 1024 1536 2568 1212 1551
3071 1024 1536 2809 1235 1560
3327 1024 1536 3052 1257 1567
3583 1024 1536 3297 1278 1572
3839 1024 1536 3553 1287 1571
4095 1024 1536 3893 1186 1530
0 1280 1536 537 1285 1540
256 1280 1536 558 1275 1532
512 1280 1536 730 1271 1510
768 1280 1536 927 1270 1486
1024 1280 1536 1096 1278 1500
1280 1280 1536 1290 1286 1534
1536 1280 1536 1518 1291 1534
1792 1280 1536 1750 1297 1534
2048 1280 1536 1962 1317 1533
2303 1280 1536 2139 1362 1543
2559 1280 1536 2341 1399 1559
2815 1280 1536 2560 1431 1574
3071 1280 1536 2788 1459 1586
3327 1280 1536 3023 1485 1596
3583 1280 1536 3263 1509 1603
3839 1280 1536 3558 1484 1581
4095 1280 1536 3897 1401 1532
0 1536 1536 594 1529 1541
256 1536 1536 612 1523 1536
512 1536 1536 774 1518 1528
768 1536 1536 974 1513 1519
1024 1536 1536 1156 1515 1521
1280 1536 1536 1311 1532 1536
1536 1536 1536 1536 1536 1536
1792 1536 1536 1765 1541 1536
2048 1536 1536 1998 1546 1536
2303 1536 1536 2232 1553 1535
2559 1536 1536 2435 1579 1551
2815 1536 1536 2609 1627 1585
3071 1536 1536 2808 1666 1609
3327 1536 1536 3024 1700 1625
3583 1536 1536 3272 1714 1624
3839 1536 1536 3565 1694 1594
4095 1536 1536 3903 1626 1534
0 1792 1536 664 1776 1545
256 1792 1536 668 1773 1539
512 1792 1536 819 1767 1541
768 1792 1536 1018 1760 1545
1024 1792 1536 1216 1757 1554
1280 1792 1536 1366 1771 1550
1536 1792 1536 1556 1783 1538
1792 1792 1536 1783 1787 1538
2048 1792 1536 2013 1792 1538
2303 1792 1536 2245 1797 1538
2559 1792 1536 2480 1804 1538
2815 1792 1536 2717 1811 1537
3071 1792 1536 2882 1858 1596
3327 1792 1536 3054 1908 1646
3583 1792 1536 3288 1928 1648
3839 1792 1536 3575 1915 1611
4095 1792 1536 3910 1859 1537
0 2048 1536 714 2022 1544
256 2048 1536 739 2022 1543
512 2048 1536 876 2017 1551
768 2048 1536 1066 2009 1564
1024 2048 1536 1270 2003 1583
1280 2048 1536 1451 2005 1592
1536 2048 1536 1581 2031 1542
1792 2048 1536 1803 2035 1541
2048 2048 1536 2031 2039 1541
2303 2048 1536 2261 2043 1541
2559 2048 1536 2494 2049 1541
2815 2048 1536 2729 2055 1541
3071 2048 1536 2966 2062 1540
3327 2048 1536 3097 2121 1659
3583 2048 1536 3309 2149 1678
3839 2048 1536 3586 2143 1633
4095 2048 1536 3918 2097 1540
0 2303 1536 790 2268 1549
256 2303 1536 801 2271 1546
512 2303 1536 928 2267 1557
768 2303 1536 1112 2259 1577
1024 2303 1536 1318 2251 1603
1280 2303 1536 1516 2247 1627
1536 2303 1536 1681 2257 1620
1792 2303 1536 1827 2282 1545
2048 2303 1536 2052 2286 1545
2303 2303 1536 2279 2289 1551
2559 2303 1536 2505 2295 1573
2815 2303 1536 2726 2305 1594
3071 2303 1536 2945 2318 1613
3327 2303 1536 3161 2334 1633
3583 2303 1536 3337 2372 1710
3839 2303 1536 3600 2373 1661
4095 2303 1536 3927 2337 1544
0 2559 1536 860 2517 1552
256 2559 1536 869 2522 1550
512 2559 1536 987 2518 1563
768 2559 1536 1162 2510 1586
1024 2559 1536 1366 2502 1617
1280 2559 1536 1572 2495 1651
1536 2559 1536 1759 2496 1669
1792 2559 1536 1916 2511 1638
2048 2559 1536 2110 2520 1629
2303 2559 1536 2320 2526 1644
2559 2559 1536 2532 2535 1659
2815 2559 1536 2744 2546 1674
3071 2559 1536 2956 2560 1689
3327 2559 1536 3169 2576 1704
3583 2559 1536 3378 2597 1728
3839 2559 1536 3616 2608 1701
4095 2559 1536 3938 2580 1548
0 2815 1536 925 2768 1555
256 2815 1536 943 2772 1555
512 2815 1536 1051 2768 1569
768 2815 1536 1217 2762 1594
1024 2815 1536 1416 2753 1628
1280 2815 1536 1623 2745 1666
1536 2815 1536 1821 2741 1698
1792 2815 1536 2000 2746 1706
2048 2815 1536 2180 2756 1697
2303 2815 1536 2378 2763 1707
2559 2815 1536 2580 2773 1718
2815 2815 1536 2786 2784 1729
3071 2815 1536 2993 2797 1741
3327 2815 1536 3203 2812 1753
3583 2815 1536 3414 2828 1764
3839 2815 1536 3636 2844 1754
4095 2815 1536 3950 2824 1553
0 3071 1536 1001 3016 1561
256 3071 1536 1013 3023 1560
512 3071 1536 1112 3020 1573
768 3071 1536 1270 3014 1599
1024 3071 1536 1463 3005 1634
1280 3071 1536 1672 2997 1677
1536 3071 1536 1876 2990 1717
1792 3071 1536 2069 2990 1744
2048 3071 1536 2249 2996 1748
2303 3071 1536 2439 3003 1755
2559 3071 1536 2635 3012 1763
2815 3071 1536 2835 3022 1772
3071 3071 1536 3039 3034 1780
3327 3071 1536 3246 3047 1789
3583 3071 1536 3455 3062 1799
3839 3071 1536 3667 3079 1808
4095 3071 1536 3963 3070 1561
0 3327 1536 1072 3268 1565
256 3327 1536 1087 3274 1566
512 3327 1536 1180 3271 1580
768 3327 1536 1329 3265 1605
1024 3327 1536 1515 3257 1641
1280 3327 1536 1720 3249 1685
1536 3327 1536 1927 3241 1729
1792 3327 1536 2129 3237 1768
2048 3327 1536 2316 3239 1787
2303 3327 1536 2500 3246 1793
2559 3327 1536 2691 3253 1798
2815 3327 1536 2888 3263 1805
3071 3327 1536 3089 3273 1811
3327 3327 1536 3293 3285 1818
3583 3327 1536 3501 3298 1826
3839 3327 1536 3711 3313 1833
4095 3327 1536 3978 3317 1568
0 3583 1536 1146 3519 1571
256 3583 1536 1160 3525 1571
512 3583 1536 1247 3522 1585
768 3583 1536 1388 3517 1610
1024 3583 1536 1568 3510 1646
1280 3583 1536 1770 3501 1691
1536 3583 1536 1977 3493 1738
1792 3583 1536 2183 3487 1783
2048 3583 1536 2379 3485 1817
2303 3583 1536 2559 3490 1822
2559 3583 1536 2747 3497 1827
2815 3583 1536 2941 3505 1832
3071 3583 1536 3139 3515 1837
3327 3583 1536 3342 3525 1842
3583 3583 1536 3547 3537 1848
3839 3583 1536 3756 3549 1854
4095 3583 1536 3992 3564 1609
0 3839 1536 1222 3769 1577
256 3839 1536 1234 3776 1577
512 3839 1536 1315 3773 1591
768 3839 1536 1448 3769 1615
1024 3839 1536 1622 3762 1651
1280 3839 1536 1819 3753 1695
1536 3839 1536 2025 3745 1744
1792 3839 1536 2235 3738 1794
2048 3839 1536 2437 3733 1837
2303 3839 1536 2617 3737 1847
2559 3839 1536 2802 3743 1850
2815 3839 1536 2993 3750 1854
3071 3839 1536 3189 3758 1858
3327 3839 1536 3389 3768 1862
3583 3839 1536 3594 3778 1866
3839 3839 1536 3801 3789 1871
4095 3839 1536 4011 3801 1876
0 4095 1536 1301 4015 1585
256 4095 1536 1315 4016 1585
512 4095 1536 1364 4019 1584
768 4095 1536 1449 4024 1584
1024 4095 1536 1569 4028 1583
1280 4095 1536 1717 4030 1583
1536 4095 1536 1888 4031 1584
1792 4095 1536 2071 4033 1583
2048 4095 1536 2268 4034 1584
2303 4095 1536 2472 4037 1583
2559 4095 1536 2683 4039 1583
2815 4095 1536 2900 4042 1583
3071 4095 1536 3122 4045 1584
3327 4095 1536 3346 4048 1583
3583 4095 1536 3573 4052 1584
3839 4095 1536 3802 4056 1584
4095 4095 1536 4022 4050 1582
0 0 1792 432 323 1786
256 0 1792 457 309 1785
512 0 1792 611 315 1784
768 0 1792 811 325 1784
1024 0 1792 1031 341 1783
1280 0 1792 1260 359 1784
1536 0 1792 1493 382 1784
1792 0 1792 1729 407 1784
2048 0 1792 1967 434 1784
2303 0 1792 2204 464 1784
2559 0 1792 2444 495 1784
2815 0 1792 2685 527 1784
3071 0 1792 2925 561 1784
3327 0 1792 3166 595 1784
3583 0 1792 3407 631 1783
3839 0 1792 3649 667 1783
4095 0 1792 3873 736 1784
0 256 1792 408 385 1785
256 256 1792 480 394 1760
512 256 1792 639 413 1721
768 256 1792 820 422 1734
1024 256 1792 1029 435 1746
1280 256 1792 1252 450 1758
1536 256 1792 1483 469 1765
1792 256 1792 1719 490 1771
2048 256 1792 1957 512 1776
2303 256 1792 2195 537 1778
2559 256 1792 2435 564 1781
2815 256 1792 2676 592 1782
3071 256 1792 2917 622 1783
3327 256 1792 3159 652 1784
3583 256 1792 3401 685 1784
3839 256 1792 3642 717 1784
4095 256 1792 3882 751 1783
0 512 1792 437 579 1786
256 512 1792 492 577 1767
512 512 1792 666 594 1696
768 512 1792 847 622 1629
1024 512 1792 1030 637 1660
1280 512 1792 1238 654 1690
1536 512 1792 1460 670 1716
1792 512 1792 1691 689 1736
2048 512 1792 1928 707 1751
2303 512 1792 2166 726 1762
2559 512 1792 2407 747 1771
2815 512 1792 2650 769 1777
3071 512 1792 2892 792 1781
3327 512 1792 3135 816 1784
3583 512 1792 3378 841 1787
3839 512 1792 3622 868 1788
4095 512 1792 3891 842 1783
0 768 1792 467 804 1787
256 768 1792 518 801 1772
512 768 1792 689 808 1716
768 768 1792 875 823 1651
1024 768 1792 1053 839 1662
1280 768 1792 1244 864 1657
1536 768 1792 1449 888 1677
1792 768 1792 1668 910 1703
2048 768 1792 1896 932 1726
2303 768 1792 2131 952 1745
2559 768 1792 2370 972 1761
2815 768 1792 2611 992 1772
3071 768 1792 2855 1012 1782
3327 768 1792 3099 1033 1788
3583 768 1792 3343 1054 1793
3839 768 1792 3588 1077 1797
4095 768 1792 3893 1001 1784
0 1024 1792 533 1051 1789
256 1024 1792 544 1039 1784
512 1024 1792 715 1040 1741
768 1024 1792 909 1046 1684
1024 1024 1792 1087 1058 1680
1280 1024 1792 1286 1052 1787
1536 1024 1792 1489 1083 1727
1792 1024 1792 1683 1118 1712
2048 1024 1792 1891 1147 1724
2303 1024 1792 2111 1174 1742
2559 1024 1792 2341 1199 1760
2815 1024 1792 2577 1222 1776
3071 1024 1792 2816 1244 1789
3327 1024 1792 3058 1265 1799
3583 1024 1792 3302 1286 1807
3839 1024 1792 3557 1295 1810
4095 1024 1792 3896 1195 1785
0 1280 1792 565 1288 1790
256 1280 1792 595 1283 1784
512 1280 1792 754 1281 1756
768 1280 1792 949 1281 1718
1024 1280 1792 1131 1288 1704
1280 1280 1792 1303 1293 1788
1536 1280 1792 1529 1298 1788
1792 1280 1792 1759 1304 1788
2048 1280 1792 1952 1337 1765
2303 1280 1792 2140 1377 1763
2559 1280 1792 2346 1411 1776
2815 1280 1792 2566 1441 1791
3071 1280 1792 2794 1468 1806
3327 1280 1792 3029 1493 1818
3583 1280 1792 3269 1516 1828
3839 1280 1792 3562 1491 1819
4095 1280 1792 3901 1407 1787
0 1536 1792 633 1536 1792
256 1536 1792 639 1530 1790
512 1536 1792 794 1526 1773
768 1536 1792 992 1522 1749
1024 1536 1792 1181 1523 1736
1280 1536 1792 1329 1537 1784
1536 1536 1792 1546 1542 1790
1792 1536 1792 1774 1546 1790
2048 1536 1792 2005 1552 1790
2303 1536 1792 2239 1559 1790
2559 1536 1792 2422 1597 1795
2815 1536 1792 2605 1640 1810
3071 1536 1792 2809 1677 1827
3327 1536 1792 3027 1709 1843
3583 1536 1792 3276 1722 1847
3839 1536 1792 3569 1700 1830
4095 1536 1792 3906 1632 1788
0 1792 1792 694 1780 1794
256 1792 1792 695 1778 1792
512 1792 1792 839 1773 1786
768 1792 1792 1033 1767 1777
1024 1792 1792 1233 1764 1771
1280 1792 1792 1398 1773 1779
1536 1792 1792 1567 1788 1792
1792 1792 1792 1791 1792 1792
2048 1792 1792 2021 1797 1792
2303 1792 1792 2252 1802 1792
2559 1792 1792 2486 1808 1792
2815 1792 1792 2722 1816 1791
3071 1792 1792 2875 1870 1833
3327 1792 1792 3055 1917 1865
3583 1792 1792 3292 1935 1869
3839 1792 1792 3579 1920 1844
4095 1792 1792 3913 1864 1791
0 2048 1792 738 2026 1795
256 2048 1792 765 2026 1795
512 2048 1792 897 2021 1795
768 2048 1792 1083 2015 1797
1024 2048 1792 1284 2009 1802
1280 2048 1792 1467 2011 1809
1536 2048 1792 1591 2035 1795
1792 2048 1792 1812 2039 1794
2048 2048 1792 2039 2043 1794
2303 2048 1792 2268 2048 1794
2559 2048 1792 2500 2053 1794
2815 2048 1792 2735 2059 1794
3071 2048 1792 2955 2073 1807
3327 2048 1792 3093 2130 1884
3583 2048 1792 3312 2155 1895
3839 2048 1792 3590 2147 1863
4095 2048 1792 3921 2101 1793
0 2303 1792 823 2270 1799
256 2303 1792 824 2275 1798
512 2303 1792 944 2271 1803
768 2303 1792 1127 2264 1813
1024 2303 1792 1331 2256 1827
1280 2303 1792 1528 2252 1842
1536 2303 1792 1690 2263 1840
1792 2303 1792 1836 2286 1797
2048 2303 1792 2059 2289 1797
2303 2303 1792 2286 2294 1797
2559 2303 1792 2516 2298 1797
2815 2303 1792 2749 2304 1797
3071 2303 1792 2984 2310 1796
3327 2303 1792 3151 2344 1879
3583 2303 1792 3338 2378 1926
3839 2303 1792 3603 2378 1888
4095 2303 1792 3930 2340 1797
0 2559 1792 880 2520 1802
256 2559 1792 890 2525 1801
512 2559 1792 1005 2521 1810
768 2559 1792 1178 2514 1825
1024 2559 1792 1380 2506 1846
1280 2559 1792 1582 2499 1869
1536 2559 1792 1767 2501 1883
1792 2559 1792 1914 2518 1854
2048 2559 1792 2082 2538 1800
2303 2559 1792 2306 2541 1800
2559 2559 1792 2534 2546 1800
2815 2559 1792 2765 2550 1800
3071 2559 1792 2998 2556 1800
3327 2559 1792 3231 2562 1804
3583 2559 1792 3374 2604 1952
3839 2559 1792 3619 2612 1921
4095 2559 1792 3941 2583 1801
0 2815 1792 949 2769 1805
256 2815 1792 959 2775 1805
512 2815 1792 1066 2771 1816
768 2815 1792 1232 2765 1834
1024 2815 1792 1429 2756 1860
1280 2815 1792 1632 2749 1889
1536 2815 1792 1829 2745 1915
1792 2815 1792 2003 2751 1918
2048 2815 1792 2144 2774 1856
2303 2815 1792 2342 2785 1833
2559 2815 1792 2565 2788 1853
2815 2815 1792 2786 2793 1872
3071 2815 1792 3003 2802 1890
3327 2815 1792 3220 2813 1908
3583 2815 1792 3435 2827 1926
3839 2815 1792 3639 2848 1966
4095 2815 1792 3953 2827 1805
0 3071 1792 1024 3015 1810
256 3071 1792 1027 3026 1809
512 3071 1792 1127 3022 1820
768 3071 1792 1284 3016 1841
1024 3071 1792 1477 3008 1870
1280 3071 1792 1680 3000 1903
1536 3071 1792 1884 2993 1937
1792 3071 1792 2074 2993 1959
2048 3071 1792 2241 3004 1946
2303 3071 1792 2416 3017 1921
2559 3071 1792 2622 3023 1934
2815 3071 1792 2830 3031 1948
3071 3071 1792 3039 3040 1962
3327 3071 1792 3249 3052 1976
3583 3071 1792 3460 3066 1990
3839 3071 1792 3666 3083 2022
4095 3071 1792 3966 3073 1811
0 3327 1792 1089 3270 1814
256 3327 1792 1102 3276 1815
512 3327 1792 1194 3273 1826
768 3327 1792 1343 3267 1848
1024 3327 1792 1528 3259 1878
1280 3327 1792 1728 3251 1913
1536 3327 1792 1935 3244 1952
1792 3327 1792 2134 3240 1985
2048 3327 1792 2318 3243 1999
2303 3327 1792 2490 3253 1986
2559 3327 1792 2685 3260 1996
2815 3327 1792 2884 3268 2006
3071 3327 1792 3087 3278 2016
3327 3327 1792 3292 3289 2027
3583 3327 1792 3500 3302 2038
3839 3327 1792 3709 3317 2050
4095 3327 1792 3981 3319 1817
0 3583 1792 1166 3516 1819
256 3583 1792 1172 3527 1818
512 3583 1792 1259 3524 1831
768 3583 1792 1400 3519 1853
1024 3583 1792 1580 3511 1884
1280 3583 1792 1778 3503 1922
1536 3583 1792 1985 3495 1963
1792 3583 1792 2189 3489 2003
2048 3583 1792 2383 3488 2032
2303 3583 1792 2562 3493 2037
2559 3583 1792 2749 3500 2044
2815 3583 1792 2943 3508 2052
3071 3583 1792 3141 3517 2060
3327 3583 1792 3342 3528 2068
3583 3583 1792 3546 3540 2077
3839 3583 1792 3753 3553 2086
4095 3583 1792 3996 3566 1836
0 3839 1792 1238 3768 1824
256 3839 1792 1246 3778 1824
512 3839 1792 1327 3775 1836
768 3839 1792 1461 3770 1858
1024 3839 1792 1633 3763 1890
1280 3839 1792 1827 3755 1928
1536 3839 1792 2032 3747 1971
1792 3839 1792 2241 3739 2016
2048 3839 1792 2442 3735 2054
2303 3839 1792 2630 3737 2077
2559 3839 1792 2813 3743 2083
2815 3839 1792 3002 3750 2089
3071 3839 1792 3196 3758 2095
3327 3839 1792 3394 3768 2102
3583 3839 1792 3596 3779 2109
3839 3839 1792 3800 3791 2116
4095 3839 1792 4007 3804 2123
0 4095 1792 1321 4007 1830
256 4095 1792 1334 4009 1830
512 4095 1792 1380 4014 1830
768 4095 1792 1462 4022 1829
1024 4095 1792 1579 4030 1829
1280 4095 1792 1727 4032 1830
1536 4095 1792 1895 4033 1830
1792 4095 1792 2079 4035 1830
2048 4095 1792 2274 4036 1830
2303 4095 1792 2478 4038 1830
2559 4095 1792 2689 4041 1830
2815 4095 1792 2905 4044 1829
3071 4095 1792 3126 4047 1829
3327 4095 1792 3350 4050 1829
3583 4095 1792 3577 4054 1830
3839 4095 1792 3805 4057 1831
4095 4095 1792 4021 4047 1827
0 0 2048 493 368 2039
256 0 2048 507 352 2040
512 0 2048 647 357 2040
768 0 2048 838 366 2040
1024 0 2048 1051 379 2039
1280 0 2048 1275 396 2040
1536 0 2048 1506 416 2039
1792 0 2048 1740 438 2039
2048 0 2048 1976 463 2040
2303 0 2048 2213 491 2039
2559 0 2048 2452 520 2039
2815 0 2048 2691 551 2039
3071 0 2048 2931 583 2039
3327 0 2048 3172 616 2039
3583 0 2048 3412 650 2039
3839 0 2048 3653 685 2038
4095 0 2048 3887 735 2037
0 256 2048 464 419 2040
256 256 2048 527 427 2020
512 256 2048 677 445 1981
768 256 2048 850 453 1991
1024 256 2048 1053 465 2001
1280 256 2048 1271 479 2011
1536 256 2048 1499 496 2018
1792 256 2048 1732 515 2024
2048 256 2048 1968 536 2029
2303 256 2048 2204 560 2032
2559 256 2048 2443 585 2034
2815 256 2048 2683 612 2036
3071 256 2048 2924 641 2037
3327 256 2048 3165 671 2038
3583 256 2048 3406 702 2038
3839 256 2048 3647 734 2038
4095 256 2048 3889 761 2038
0 512 2048 486 599 2040
256 512 2048 540 600 2023
512 512 2048 703 616 1957
768 512 2048 886 645 1882
1024 512 2048 1063 660 1904
1280 512 2048 1264 674 1933
1536 512 2048 1481 690 1959
1792 512 2048 1708 707 1979
2048 512 2048 1942 724 1995
2303 512 2048 2178 743 2008
2559 512 2048 2417 763 2017
2815 512 2048 2658 784 2025
3071 512 2048 2900 807 2030
3327 512 2048 3142 830 2034
3583 512 2048 3384 855 2037
3839 512 2048 3627 881 2039
4095 512 2048 3896 854 2038
0 768 2048 510 817 2041
256 768 2048 563 817 2026
512 768 2048 723 824 1973
768 768 2048 910 841 1899
1024 768 2048 1088 864 1862
1280 768 2048 1272 885 1877
1536 768 2048 1473 906 1903
1792 768 2048 1688 926 1931
2048 768 2048 1913 946 1957
2303 768 2048 2145 965 1979
2559 768 2048 2382 985 1997
2815 768 2048 2622 1004 2011
3071 768 2048 2863 1024 2022
3327 768 2048 3106 1044 2030
3583 768 2048 3350 1065 2037
3839 768 2048 3593 1087 2042
4095 768 2048 3898 1011 2039
0 1024 2048 557 1055 2041
256 1024 2048 592 1050 2034
512 1024 2048 748 1053 1991
768 1024 2048 939 1060 1929
1024 1024 2048 1121 1075 1889
1280 1024 2048 1303 1075 1980
1536 1024 2048 1500 1105 1931
1792 1024 2048 1697 1135 1926
2048 1024 2048 1906 1162 1942
2303 1024 2048 2125 1187 1963
2559 1024 2048 2353 1210 1984
2815 1024 2048 2587 1232 2003
3071 1024 2048 2826 1254 2019
3327 1024 2048 3067 1274 2031
3583 1024 2048 3309 1295 2042
3839 1024 2048 3562 1306 2049
4095 1024 2048 3901 1203 2040
0 1280 2048 594 1293 2043
256 1280 2048 636 1291 2035
512 1280 2048 785 1291 2004
768 1280 2048 975 1292 1958
1024 1280 2048 1161 1300 1922
1280 1280 2048 1332 1309 1968
1536 1280 2048 1541 1306 2043
1792 1280 2048 1770 1312 2043
2048 1280 2048 1951 1357 1984
2303 1280 2048 2146 1393 1980
2559 1280 2048 2355 1424 1992
2815 1280 2048 2575 1452 2009
3071 1280 2048 2803 1478 2026
3327 1280 2048 3036 1502 2041
3583 1280 2048 3274 1525 2054
3839 1280 2048 3566 1499 2056
4095 1280 2048 3906 1414 2041
0 1536 2048 651 1539 2044
256 1536 2048 682 1536 2040
512 1536 2048 823 1534 2020
768 1536 2048 1013 1532 1987
1024 1536 2048 1206 1534 1957
1280 1536 2048 1375 1543 1972
1536 1536 2048 1558 1548 2044
1792 1536 2048 1784 1553 2044
2048 1536 2048 2014 1559 2044
2303 1536 2048 2246 1566 2044
2559 1536 2048 2415 1614 2024
2815 1536 2048 2606 1654 2031
3071 1536 2048 2813 1688 2045
3327 1536 2048 3032 1719 2060
3583 1536 2048 3281 1731 2070
3839 1536 2048 3574 1708 2066
4095 1536 2048 3911 1638 2043
0 1792 2048 710 1784 2045
256 1792 2048 733 1783 2044
512 1792 2048 869 1780 2031
768 1792 2048 1055 1775 2012
1024 1792 2048 1251 1773 1994
1280 1792 2048 1429 1779 1993
1536 1792 2048 1579 1793 2046
1792 1792 2048 1802 1797 2046
2048 1792 2048 2030 1802 2046
2303 1792 2048 2260 1808 2046
2559 1792 2048 2493 1814 2046
2815 1792 2048 2725 1823 2046
3071 1792 2048 2874 1882 2062
3327 1792 2048 3058 1926 2082
3583 1792 2048 3296 1943 2090
3839 1792 2048 3583 1927 2079
4095 1792 2048 3918 1869 2044
0 2048 2048 761 2031 2048
256 2048 2048 796 2031 2047
512 2048 2048 922 2027 2041
768 2048 2048 1102 2021 2033
1024 2048 2048 1300 2017 2025
1280 2048 2048 1487 2018 2025
1536 2048 2048 1630 2034 2041
1792 2048 2048 1822 2044 2048
2048 2048 2048 2047 2048 2048
2303 2048 2048 2275 2052 2048
2559 2048 2048 2507 2058 2048
2815 2048 2048 2741 2064 2048
3071 2048 2048 2941 2088 2063
3327 2048 2048 3094 2140 2104
3583 2048 2048 3316 2162 2114
3839 2048 2048 3594 2153 2096
4095 2048 2048 3926 2105 2047
0 2303 2048 831 2278 2050
256 2303 2048 854 2279 2051
512 2303 2048 973 2275 2050
768 2303 2048 1148 2269 2051
1024 2303 2048 1347 2262 2053
1280 2303 2048 1543 2259 2058
1536 2303 2048 1709 2267 2063
1792 2303 2048 1846 2290 2051
2048 2303 2048 2068 2294 2050
2303 2303 2048 2293 2298 2050
2559 2303 2048 2523 2303 2050
2815 2303 2048 2755 2308 2050
3071 2303 2048 2989 2314 2050
3327 2303 2048 3145 2355 2115
3583 2303 2048 3341 2385 2142
3839 2303 2048 3607 2383 2117
4095 2303 2048 3935 2344 2049
0 2559 2048 894 2527 2053
256 2559 2048 919 2528 2054
512 2559 2048 1029 2524 2058
768 2559 2048 1196 2518 2065
1024 2559 2048 1392 2511 2075
1280 2559 2048 1594 2505 2088
1536 2559 2048 1779 2506 2099
1792 2559 2048 1921 2524 2083
2048 2559 2048 2091 2541 2053
2303 2559 2048 2314 2545 2053
2559 2559 2048 2541 2549 2053
2815 2559 2048 2772 2554 2053
3071 2559 2048 3004 2559 2053
3327 2559 2048 3235 2566 2057
3583 2559 2048 3375 2611 2171
3839 2559 2048 3624 2617 2145
4095 2559 2048 3946 2586 2052
0 2815 2048 961 2777 2056
256 2815 2048 986 2778 2058
512 2815 2048 1089 2774 2064
768 2815 2048 1249 2768 2076
1024 2815 2048 1441 2761 2092
1280 2815 2048 1644 2753 2112
1536 2815 2048 1840 2750 2131
1792 2815 2048 2011 2757 2134
2048 2815 2048 2137 2783 2078
2303 2815 2048 2337 2793 2056
2559 2815 2048 2562 2797 2056
2815 2815 2048 2790 2801 2056
3071 2815 2048 3021 2806 2056
3327 2815 2048 3253 2811 2055
3583 2815 2048 3429 2835 2170
3839 2815 2048 3643 2852 2182
4095 2815 2048 3958 2830 2056
0 3071 2048 1033 3025 2060
256 3071 2048 1053 3028 2062
512 3071 2048 1149 3025 2070
768 3071 2048 1301 3019 2084
1024 3071 2048 1487 3012 2104
1280 3071 2048 1691 3004 2129
1536 3071 2048 1894 2997 2156
1792 3071 2048 2082 2998 2173
2048 3071 2048 2241 3010 2159
2303 3071 2048 2363 3042 2061
2559 3071 2048 2584 3045 2059
2815 3071 2048 2810 3049 2059
3071 3071 2048 3039 3053 2068
3327 3071 2048 3266 3058 2091
3583 3071 2048 3488 3066 2112
3839 3071 2048 3668 3088 2232
4095 3071 2048 3971 3075 2061
0 3327 2048 1102 3277 2064
256 3327 2048 1124 3279 2066
512 3327 2048 1214 3276 2075
768 3327 2048 1356 3270 2091
1024 3327 2048 1537 3263 2114
1280 3327 2048 1738 3255 2143
1536 3327 2048 1945 3247 2175
1792 3327 2048 2142 3243 2202
2048 3327 2048 2321 3247 2212
2303 3327 2048 2475 3264 2178
2559 3327 2048 2646 3281 2132
2815 3327 2048 2862 3284 2149
3071 3327 2048 3077 3290 2166
3327 3327 2048 3292 3298 2182
3583 3327 2048 3506 3308 2199
3839 3327 2048 3720 3320 2216
4095 3327 2048 3985 3322 2066
0 3583 2048 1176 3526 2068
256 3583 2048 1194 3529 2070
512 3583 2048 1278 3527 2080
768 3583 2048 1415 3521 2097
1024 3583 2048 1590 3514 2122
1280 3583 2048 1788 3506 2153
1536 3583 2048 1995 3498 2189
1792 3583 2048 2197 3492 2223
2048 3583 2048 2388 3491 2247
2303 3583 2048 2561 3499 2246
2559 3583 2048 2725 3514 2213
2815 3583 2048 2927 3519 2225
3071 3583 2048 3131 3527 2237
3327 3583 2048 3338 3535 2250
3583 3583 2048 3545 3546 2263
3839 3583 2048 3754 3558 2276
4095 3583 2048 4001 3569 2077
0 3839 2048 1249 3776 2072
256 3839 2048 1266 3780 2075
512 3839 2048 1345 3778 2085
768 3839 2048 1474 3773 2102
1024 3839 2048 1642 3766 2128
1280 3839 2048 1835 3758 2161
1536 3839 2048 2042 3749 2200
1792 3839 2048 2248 3742 2239
2048 3839 2048 2448 3738 2272
2303 3839 2048 2633 3740 2290
2559 3839 2048 2810 3748 2288
2815 3839 2048 2995 3756 2287
3071 3839 2048 3191 3764 2296
3327 3839 2048 3391 3773 2304
3583 3839 2048 3594 3783 2314
3839 3839 2048 3799 3795 2325
4095 3839 2048 4006 3808 2336
0 4095 2048 1340 4003 2076
256 4095 2048 1352 4005 2076
512 4095 2048 1394 4015 2077
768 4095 2048 1472 4029 2078
1024 4095 2048 1591 4033 2078
1280 4095 2048 1738 4034 2079
1536 4095 2048 1904 4035 2078
1792 4095 2048 2088 4037 2078
2048 4095 2048 2281 4039 2078
2303 4095 2048 2485 4041 2078
2559 4095 2048 2695 4043 2078
2815 4095 2048 2912 4046 2079
3071 4095 2048 3132 4049 2079
3327 4095 2048 3355 4052 2077
3583 4095 2048 3581 4056 2079
3839 4095 2048 3809 4060 2079
4095 4095 2048 4021 4045 2074
0 0 2303 554 414 2290
256 0 2303 566 400 2293
512 0 2303 687 400 2294
768 0 2303 867 408 2294
1024 0 2303 1074 420 2293
1280 0 2303 1293 434 2293
1536 0 2303 1520 453 2293
1792 0 2303 1752 474 2293
2048 0 2303 1987 496 2293
2303 0 2303 2222 522 2293
2559 0 2303 2460 549 2293
2815 0 2303 2698 578 2293
3071 0 2303 2937 609 2293
3327 0 2303 3177 640 2293
3583 0 2303 3418 673 2293
3839 0 2303 3658 706 2293
4095 0 2303 3883 769 2289
0 256 2303 521 456 2294
256 256 2303 573 461 2280
512 256 2303 717 479 2240
768 256 2303 882 486 2247
1024 256 2303 1079 497 2256
1280 256 2303 1292 510 2264
1536 256 2303 1516 526 2270
1792 256 2303 1746 544 2276
2048 256 2303 1979 564 2281
2303 256 2303 2214 587 2284
2559 256 2303 2452 611 2286
2815 256 2303 2691 636 2288
3071 256 2303 2931 664 2289
3327 256 2303 3171 692 2290
3583 256 2303 3411 722 2291
3839 256 2303 3652 754 2292
4095 256 2303 3893 782 2291
0 512 2303 539 623 2294
256 512 2303 588 624 2278
512 512 2303 743 641 2217
768 512 2303 923 669 2141
1024 512 2303 1097 684 2153
1280 512 2303 1292 696 2180
1536 512 2303 1504 711 2204
1792 512 2303 1728 727 2224
2048 512 2303 1958 743 2241
2303 512 2303 2191 762 2254
2559 512 2303 2428 781 2264
2815 512 2303 2668 802 2272
3071 512 2303 2908 824 2278
3327 512 2303 3149 847 2283
3583 512 2303 3391 871 2286
3839 512 2303 3632 897 2289
4095 512 2303 3900 872 2293
0 768 2303 562 834 2294
256 768 2303 609 834 2281
512 768 2303 760 842 2229
768 768 2303 945 860 2154
1024 768 2303 1126 887 2090
1280 768 2303 1304 907 2103
1536 768 2303 1500 925 2133
1792 768 2303 1711 943 2163
2048 768 2303 1933 962 2190
2303 768 2303 2161 980 2214
2559 768 2303 2396 999 2234
2815 768 2303 2633 1018 2249
3071 768 2303 2873 1037 2262
3327 768 2303 3115 1057 2272
3583 768 2303 3357 1078 2280
3839 768 2303 3600 1099 2286
4095 768 2303 3902 1026 2293
0 1024 2303 613 1069 2292
256 1024 2303 631 1063 2291
512 1024 2303 784 1066 2244
768 1024 2303 970 1076 2179
1024 1024 2303 1155 1092 2120
1280 1024 2303 1332 1107 2130
1536 1024 2303 1521 1128 2136
1792 1024 2303 1718 1154 2141
2048 1024 2303 1925 1178 2161
2303 1024 2303 2142 1201 2186
2559 1024 2303 2368 1223 2209
2815 1024 2303 2601 1244 2231
3071 1024 2303 2837 1265 2249
3327 1024 2303 3076 1285 2264
3583 1024 2303 3318 1305 2276
3839 1024 2303 3566 1319 2287
4095 1024 2303 3905 1215 2294
0 1280 2303 646 1305 2294
256 1280 2303 672 1301 2291
512 1280 2303 816 1302 2256
768 1280 2303 1003 1305 2202
1024 1280 2303 1191 1314 2152
1280 1280 2303 1367 1327 2149
1536 1280 2303 1556 1316 2296
1792 1280 2303 1768 1339 2242
2048 1280 2303 1958 1377 2195
2303 1280 2303 2156 1409 2194
2559 1280 2303 2366 1438 2208
2815 1280 2303 2586 1464 2227
3071 1280 2303 2813 1489 2246
3327 1280 2303 3046 1513 2264
3583 1280 2303 3284 1535 2279
3839 1280 2303 3571 1511 2293
4095 1280 2303 3909 1424 2295
0 1536 2303 700 1548 2294
256 1536 2303 714 1544 2296
512 1536 2303 853 1543 2269
768 1536 2303 1039 1542 2228
1024 1536 2303 1230 1546 2188
1280 1536 2303 1409 1555 2175
1536 1536 2303 1576 1558 2278
1792 1536 2303 1796 1561 2298
2048 1536 2303 2025 1567 2298
2303 1536 2303 2233 1589 2271
2559 1536 2303 2414 1632 2245
2815 1536 2303 2611 1668 2247
3071 1536 2303 2820 1701 2260
3327 1536 2303 3039 1730 2276
3583 1536 2303 3286 1742 2293
3839 1536 2303 3579 1717 2302
4095 1536 2303 3915 1646 2296
0 1792 2303 762 1792 2294
256 1792 2303 762 1790 2299
512 1792 2303 892 1788 2282
768 1792 2303 1077 1784 2252
1024 1792 2303 1273 1784 2222
1280 1792 2303 1457 1788 2206
1536 1792 2303 1616 1799 2252
1792 1792 2303 1814 1804 2299
2048 1792 2303 2040 1809 2299
2303 1792 2303 2269 1814 2299
2559 1792 2303 2501 1821 2299
2815 1792 2303 2706 1846 2290
3071 1792 2303 2877 1893 2287
3327 1792 2303 3064 1937 2297
3583 1792 2303 3302 1952 2310
3839 1792 2303 3588 1935 2313
4095 1792 2303 3921 1876 2298
0 2048 2303 800 2037 2299
256 2048 2303 823 2037 2300
512 2048 2303 945 2034 2289
768 2048 2303 1122 2029 2272
1024 2048 2303 1318 2025 2253
1280 2048 2303 1508 2026 2241
1536 2048 2303 1672 2036 2256
1792 2048 2303 1834 2049 2301
2048 2048 2303 2058 2053 2301
2303 2048 2303 2284 2058 2301
2559 2048 2303 2515 2064 2301
2815 2048 2303 2748 2070 2301
3071 2048 2303 2940 2099 2304
3327 2048 2303 3098 2149 2321
3583 2048 2303 3321 2170 2332
3839 2048 2303 3599 2160 2328
4095 2048 2303 3930 2111 2300
0 2303 2303 875 2280 2298
256 2303 2303 876 2284 2303
512 2303 2303 991 2281 2298
768 2303 2303 1164 2276 2290
1024 2303 2303 1362 2270 2281
1280 2303 2303 1559 2267 2276
1536 2303 2303 1734 2272 2280
1792 2303 2303 1857 2295 2303
2048 2303 2303 2078 2299 2303
2303 2303 2303 2302 2303 2303
2559 2303 2303 2531 2307 2303
2815 2303 2303 2762 2313 2303
3071 2303 2303 2996 2319 2303
3327 2303 2303 3144 2365 2340
3583 2303 2303 3346 2392 2358
3839 2303 2303 3613 2389 2346
4095 2303 2303 3939 2350 2303
0 2559 2303 934 2527 2301
256 2559 2303 938 2533 2306
512 2559 2303 1046 2530 2305
768 2559 2303 1210 2524 2304
1024 2559 2303 1406 2518 2305
1280 2559 2303 1608 2512 2307
1536 2559 2303 1796 2512 2313
1792 2559 2303 1946 2526 2315
2048 2559 2303 2101 2546 2306
2303 2559 2303 2323 2550 2305
2559 2559 2303 2549 2554 2305
2815 2559 2303 2779 2558 2305
3071 2559 2303 3010 2564 2305
3327 2559 2303 3216 2580 2330
3583 2559 2303 3377 2618 2386
3839 2559 2303 3629 2622 2370
4095 2559 2303 3950 2591 2305
0 2815 2303 994 2777 2306
256 2815 2303 1006 2783 2309
512 2815 2303 1107 2779 2311
768 2815 2303 1265 2773 2316
1024 2815 2303 1455 2766 2324
1280 2815 2303 1657 2759 2334
1536 2815 2303 1853 2756 2346
1792 2815 2303 2024 2762 2351
2048 2815 2303 2145 2788 2320
2303 2815 2303 2345 2797 2308
2559 2815 2303 2569 2801 2308
2815 2815 2303 2797 2805 2308
3071 2815 2303 3027 2810 2308
3327 2815 2303 3259 2815 2307
3583 2815 2303 3424 2844 2404
3839 2815 2303 3648 2857 2401
4095 2815 2303 3962 2834 2308
0 3071 2303 1069 3020 2307
256 3071 2303 1072 3031 2311
512 3071 2303 1163 3030 2316
768 3071 2303 1314 3024 2325
1024 3071 2303 1500 3017 2338
1280 3071 2303 1703 3009 2355
1536 3071 2303 1906 3002 2374
1792 3071 2303 2093 3003 2387
2048 3071 2303 2248 3016 2378
2303 3071 2303 2370 3046 2311
2559 3071 2303 2592 3049 2311
2815 3071 2303 2817 3053 2311
3071 3071 2303 3045 3057 2311
3327 3071 2303 3276 3062 2311
3583 3071 2303 3508 3067 2310
3839 3071 2303 3672 3093 2444
4095 3071 2303 3975 3079 2313
0 3327 2303 1130 3275 2313
256 3327 2303 1140 3282 2316
512 3327 2303 1228 3279 2322
768 3327 2303 1371 3274 2333
1024 3327 2303 1551 3267 2350
1280 3327 2303 1751 3259 2372
1536 3327 2303 1957 3251 2396
1792 3327 2303 2152 3248 2417
2048 3327 2303 2329 3252 2425
2303 3327 2303 2474 3271 2394
2559 3327 2303 2616 3298 2315
2815 3327 2303 2839 3301 2314
3071 3327 2303 3066 3305 2314
3327 3327 2303 3294 3309 2314
3583 3327 2303 3525 3314 2314
3839 3327 2303 3711 3327 2475
4095 3327 2303 3990 3325 2317
0 3583 2303 1203 3521 2316
256 3583 2303 1209 3533 2319
512 3583 2303 1292 3530 2326
768 3583 2303 1428 3525 2340
1024 3583 2303 1603 3518 2360
1280 3583 2303 1800 3509 2385
1536 3583 2303 2006 3501 2414
1792 3583 2303 2207 3496 2442
2048 3583 2303 2396 3495 2461
2303 3583 2303 2564 3504 2458
2559 3583 2303 2705 3526 2401
2815 3583 2303 2869 3548 2328
3071 3583 2303 3099 3548 2350
3327 3583 2303 3324 3551 2370
3583 3583 2303 3546 3557 2390
3839 3583 2303 3765 3564 2409
4095 3583 2303 4005 3572 2326
0 3839 2303 1275 3769 2320
256 3839 2303 1279 3783 2323
512 3839 2303 1356 3781 2331
768 3839 2303 1486 3776 2345
1024 3839 2303 1654 3769 2367
1280 3839 2303 1848 3761 2395
1536 3839 2303 2053 3752 2427
1792 3839 2303 2257 3745 2460
2048 3839 2303 2455 3742 2489
2303 3839 2303 2637 3744 2502
2559 3839 2303 2812 3753 2500
2815 3839 2303 2996 3762 2498
3071 3839 2303 3184 3773 2488
3327 3839 2303 3380 3784 2474
3583 3839 2303 3587 3794 2473
3839 3839 2303 3799 3803 2488
4095 3839 2303 4008 3813 2528
0 4095 2303 1348 4017 2324
256 4095 2303 1355 4028 2326
512 4095 2303 1401 4034 2327
768 4095 2303 1487 4035 2328
1024 4095 2303 1606 4035 2328
1280 4095 2303 1750 4036 2327
1536 4095 2303 1916 4038 2327
1792 4095 2303 2098 4039 2328
2048 4095 2303 2291 4041 2327
2303 4095 2303 2492 4043 2327
2559 4095 2303 2703 4045 2327
2815 4095 2303 2918 4048 2327
3071 4095 2303 3138 4051 2328
3327 4095 2303 3361 4055 2328
3583 4095 2303 3586 4058 2328
3839 4095 2303 3814 4062 2329
4095 4095 2303 4023 4045 2321
0 0 2559 615 459 2542
256 0 2559 626 447 2546
512 0 2559 729 443 2549
768 0 2559 899 450 2549
1024 0 2559 1099 461 2548
1280 0 2559 1314 474 2549
1536 0 2559 1537 490 2548
1792 0 2559 1766 509 2548
2048 0 2559 1999 530 2549
2303 0 2559 2233 554 2548
2559 0 2559 2469 579 2548
2815 0 2559 2707 607 2548
3071 0 2559 2945 636 2548
3327 0 2559 3184 665 2548
3583 0 2559 3424 697 2548
3839 0 2559 3664 729 2548
4095 0 2559 3889 789 2542
0 256 2559 585 496 2548
256 256 2559 622 497 2540
512 256 2559 759 515 2500
768 256 2559 917 521 2505
1024 256 2559 1106 531 2512
1280 256 2559 1315 543 2519
1536 256 2559 1535 557 2524
1792 256 2559 1761 574 2529
2048 256 2559 1993 593 2534
2303 256 2559 2226 615 2537
2559 256 2559 2462 637 2540
2815 256 2559 2700 662 2542
3071 256 2559 2939 688 2543
3327 256 2559 3178 715 2545
3583 256 2559 3418 744 2545
3839 256 2559 3658 774 2546
4095 256 2559 3894 810 2544
0 512 2559 593 648 2549
256 512 2559 639 651 2534
512 512 2559 783 667 2478
768 512 2559 961 694 2405
1024 512 2559 1131 709 2407
1280 512 2559 1322 721 2431
1536 512 2559 1529 734 2453
1792 512 2559 1748 749 2472
2048 512 2559 1975 765 2489
2303 512 2559 2206 783 2502
2559 512 2559 2441 802 2512
2815 512 2559 2679 821 2521
3071 512 2559 2917 843 2527
3327 512 2559 3157 865 2533
3583 512 2559 3398 889 2537
3839 512 2559 3639 914 2540
4095 512 2559 3905 890 2548
0 768 2559 613 852 2549
256 768 2559 657 853 2537
512 768 2559 799 862 2487
768 768 2559 981 880 2412
1024 768 2559 1164 908 2336
1280 768 2559 1339 929 2337
1536 768 2559 1530 945 2369
1792 768 2559 1736 962 2400
2048 768 2559 1954 979 2428
2303 768 2559 2180 997 2453
2559 768 2559 2411 1015 2473
2815 768 2559 2647 1033 2490
3071 768 2559 2885 1052 2504
3327 768 2559 3125 1072 2516
3583 768 2559 3366 1092 2525
3839 768 2559 3608 1113 2532
4095 768 2559 3907 1040 2548
0 1024 2559 654 1080 2547
256 1024 2559 680 1077 2544
512 1024 2559 820 1082 2501
768 1024 2559 1003 1092 2433
1024 1024 2559 1190 1110 2364
1280 1024 2559 1367 1131 2333
1536 1024 2559 1549 1151 2346
1792 1024 2559 1742 1174 2360
2048 1024 2559 1947 1196 2385
2303 1024 2559 2162 1217 2412
2559 1024 2559 2386 1238 2438
2815 1024 2559 2616 1258 2461
3071 1024 2559 2850 1278 2481
3327 1024 2559 3088 1297 2499
3583 1024 2559 3328 1317 2513
3839 1024 2559 3576 1329 2526
4095 1024 2559 3911 1226 2549
0 1280 2559 685 1314 2549
256 1280 2559 718 1313 2544
512 1280 2559 852 1314 2509
768 1280 2559 1033 1319 2454
1024 1280 2559 1222 1329 2394
1280 1280 2559 1401 1344 2361
1536 1280 2559 1579 1352 2411
1792 1280 2559 1779 1365 2432
2048 1280 2559 1972 1397 2405
2303 1280 2559 2172 1426 2409
2559 1280 2559 2382 1453 2426
2815 1280 2559 2601 1478 2448
3071 1280 2559 2827 1501 2469
3327 1280 2559 3058 1524 2489
3583 1280 2559 3294 1546 2507
3839 1280 2559 3577 1523 2531
4095 1280 2559 3915 1434 2550
0 1536 2559 738 1556 2548
256 1536 2559 755 1553 2550
512 1536 2559 884 1553 2522
768 1536 2559 1065 1554 2477
1024 1536 2559 1257 1558 2426
1280 1536 2559 1441 1568 2393
1536 1536 2559 1612 1578 2428
1792 1536 2559 1809 1580 2500
2048 1536 2559 2032 1581 2535
2303 1536 2559 2230 1612 2485
2559 1536 2559 2419 1650 2460
2815 1536 2559 2619 1684 2463
3071 1536 2559 2830 1714 2476
3327 1536 2559 3049 1742 2494
3583 1536 2559 3293 1754 2516
3839 1536 2559 3585 1728 2538
4095 1536 2559 3920 1654 2551
0 1792 2559 789 1798 2548
256 1792 2559 801 1798 2552
512 1792 2559 924 1796 2532
768 1792 2559 1100 1794 2499
1024 1792 2559 1296 1795 2457
1280 1792 2559 1484 1800 2428
1536 1792 2559 1655 1809 2441
1792 1792 2559 1827 1812 2554
2048 1792 2559 2052 1816 2554
2303 1792 2559 2279 1822 2554
2559 1792 2559 2510 1828 2553
2815 1792 2559 2696 1867 2519
3071 1792 2559 2879 1909 2508
3327 1792 2559 3071 1949 2514
3583 1792 2559 3308 1963 2532
3839 1792 2559 3594 1944 2548
4095 1792 2559 3927 1883 2552
0 2048 2559 831 2043 2554
256 2048 2559 859 2043 2553
512 2048 2559 975 2041 2538
768 2048 2559 1145 2038 2515
1024 2048 2559 1338 2035 2487
1280 2048 2559 1531 2036 2463
1536 2048 2559 1705 2044 2464
1792 2048 2559 1850 2056 2550
2048 2048 2559 2069 2060 2555
2303 2048 2559 2295 2065 2555
2559 2048 2559 2524 2070 2555
2815 2048 2559 2756 2076 2555
3071 2048 2559 2946 2108 2541
3327 2048 2559 3105 2160 2538
3583 2048 2559 3328 2180 2552
3839 2048 2559 3605 2168 2561
4095 2048 2559 3935 2117 2554
0 2303 2559 904 2286 2550
256 2303 2559 907 2290 2557
512 2303 2559 1018 2287 2548
768 2303 2559 1185 2283 2533
1024 2303 2559 1379 2278 2515
1280 2303 2559 1577 2276 2499
1536 2303 2559 1759 2280 2495
1792 2303 2559 1907 2294 2526
2048 2303 2559 2089 2304 2557
2303 2303 2559 2312 2308 2557
2559 2303 2559 2540 2313 2557
2815 2303 2559 2771 2318 2557
3071 2303 2559 3003 2324 2557
3327 2303 2559 3149 2374 2562
3583 2303 2559 3352 2401 2576
3839 2303 2559 3619 2396 2577
4095 2303 2559 3944 2355 2556
0 2559 2559 958 2534 2555
256 2559 2559 970 2538 2559
512 2559 2559 1074 2535 2555
768 2559 2559 1233 2530 2547
1024 2559 2559 1424 2525 2539
1280 2559 2559 1624 2520 2531
1536 2559 2559 1814 2520 2529
1792 2559 2559 1976 2530 2538
2048 2559 2559 2112 2551 2559
2303 2559 2559 2333 2554 2559
2559 2559 2559 2558 2559 2559
2815 2559 2559 2787 2563 2559
3071 2559 2559 3018 2569 2559
3327 2559 2559 3213 2590 2574
3583 2559 2559 3383 2626 2603
3839 2559 2559 3635 2629 2597
4095 2559 2559 3955 2596 2559
0 2815 2559 1021 2781 2557
256 2815 2559 1033 2787 2562
512 2815 2559 1131 2784 2561
768 2815 2559 1285 2779 2559
1024 2815 2559 1472 2772 2558
1280 2815 2559 1672 2766 2559
1536 2815 2559 1868 2763 2563
1792 2815 2559 2044 2767 2568
2048 2815 2559 2173 2789 2567
2303 2815 2559 2355 2802 2562
2559 2815 2559 2578 2805 2561
2815 2815 2559 2805 2810 2561
3071 2815 2559 3034 2814 2561
3327 2815 2559 3266 2820 2561
3583 2815 2559 3425 2852 2626
3839 2815 2559 3654 2864 2624
4095 2815 2559 3967 2839 2561
0 3071 2559 1090 3027 2559
256 3071 2559 1095 3037 2565
512 3071 2559 1187 3034 2566
768 3071 2559 1335 3028 2569
1024 3071 2559 1518 3022 2575
1280 3071 2559 1718 3014 2583
1536 3071 2559 1920 3009 2593
1792 3071 2559 2107 3009 2602
2048 3071 2559 2264 3020 2601
2303 3071 2559 2380 3050 2564
2559 3071 2559 2601 3053 2564
2815 3071 2559 2825 3057 2564
3071 3071 2559 3053 3061 2564
3327 3071 2559 3283 3066 2564
3583 3071 2559 3500 3075 2589
3839 3071 2559 3677 3099 2660
4095 3071 2559 3980 3083 2565
0 3327 2559 1151 3281 2565
256 3327 2559 1166 3286 2568
512 3327 2559 1252 3283 2572
768 3327 2559 1392 3278 2578
1024 3327 2559 1569 3271 2589
1280 3327 2559 1766 3263 2602
1536 3327 2559 1969 3257 2618
1792 3327 2559 2164 3253 2634
2048 3327 2559 2340 3258 2641
2303 3327 2559 2480 3276 2619
2559 3327 2559 2625 3301 2567
2815 3327 2559 2847 3305 2567
3071 3327 2559 3073 3309 2567
3327 3327 2559 3301 3313 2567
3583 3327 2559 3531 3318 2566
3839 3327 2559 3711 3334 2699
4095 3327 2559 3995 3328 2568
0 3583 2559 1226 3524 2566
256 3583 2559 1230 3536 2571
512 3583 2559 1312 3534 2576
768 3583 2559 1447 3528 2586
1024 3583 2559 1620 3522 2600
1280 3583 2559 1815 3513 2618
1536 3583 2559 2017 3506 2639
1792 3583 2559 2218 3500 2660
2048 3583 2559 2406 3500 2676
2303 3583 2559 2571 3509 2674
2559 3583 2559 2701 3534 2622
2815 3583 2559 2871 3553 2570
3071 3583 2559 3095 3557 2570
3327 3583 2559 3321 3561 2570
3583 3583 2559 3550 3565 2570
3839 3583 2559 3780 3570 2570
4095 3583 2559 4011 3575 2576
0 3839 2559 1292 3776 2571
256 3839 2559 1301 3786 2575
512 3839 2559 1378 3784 2581
768 3839 2559 1506 3779 2592
1024 3839 2559 1672 3772 2609
1280 3839 2559 1862 3764 2630
1536 3839 2559 2064 3756 2655
1792 3839 2559 2268 3749 2681
2048 3839 2559 2465 3746 2705
2303 3839 2559 2645 3749 2717
2559 3839 2559 2817 3758 2715
2815 3839 2559 2998 3767 2712
3071 3839 2559 3184 3779 2700
3327 3839 2559 3373 3794 2664
3583 3839 2559 3570 3813 2573
3839 3839 2559 3799 3816 2584
4095 3839 2559 4007 3818 2768
0 4095 2559 1366 4022 2573
256 4095 2559 1379 4023 2574
512 4095 2559 1425 4027 2575
768 4095 2559 1506 4032 2576
1024 4095 2559 1620 4037 2578
1280 4095 2559 1764 4039 2578
1536 4095 2559 1929 4040 2579
1792 4095 2559 2108 4042 2578
2048 4095 2559 2302 4044 2579
2303 4095 2559 2502 4046 2579
2559 4095 2559 2711 4048 2578
2815 4095 2559 2925 4051 2578
3071 4095 2559 3144 4054 2578
3327 4095 2559 3367 4057 2578
3583 4095 2559 3592 4061 2578
3839 4095 2559 3820 4065 2580
4095 4095 2559 4040 4060 2574
0 0 2815 675 504 2793
256 0 2815 686 494 2799
512 0 2815 773 487 2804
768 0 2815 934 493 2804
1024 0 2815 1126 502 2803
1280 0 2815 1336 514 2803
1536 0 2815 1556 529 2804
1792 0 2815 1782 546 2803
2048 0 2815 2013 566 2804
2303 0 2815 2245 588 2803
2559 0 2815 2480 612 2803
2815 0 2815 2716 637 2803
3071 0 2815 2954 664 2803
3327 0 2815 3192 693 2803
3583 0 2815 3431 723 2803
3839 0 2815 3671 754 2803
4095 0 2815 3909 788 2802
0 256 2815 649 538 2800
256 256 2815 671 534 2800
512 256 2815 801 550 2762
768 256 2815 952 558 2763
1024 256 2815 1136 566 2768
1280 256 2815 1339 577 2774
1536 256 2815 1555 591 2779
1792 256 2815 1779 607 2784
2048 256 2815 2008 624 2788
2303 256 2815 2239 644 2791
2559 256 2815 2474 666 2794
2815 256 2815 2710 689 2796
3071 256 2815 2948 714 2797
3327 256 2815 3186 741 2799
3583 256 2815 3426 768 2800
3839 256 2815 3665 797 2800
4095 256 2815 3910 815 2802
0 512 2815 647 676 2804
256 512 2815 690 679 2790
512 512 2815 826 695 2738
768 512 2815 998 721 2670
1024 512 2815 1167 736 2664
1280 512 2815 1352 747 2684
1536 512 2815 1555 759 2704
1792 512 2815 1770 773 2722
2048 512 2815 1994 788 2738
2303 512 2815 2222 805 2751
2559 512 2815 2455 823 2762
2815 512 2815 2691 842 2771
3071 512 2815 2928 863 2778
3327 512 2815 3167 885 2783
3583 512 2815 3407 908 2788
3839 512 2815 3647 933 2792
4095 512 2815 3912 908 2803
0 768 2815 665 872 2805
256 768 2815 707 874 2792
512 768 2815 840 883 2746
768 768 2815 1017 901 2673
1024 768 2815 1202 930 2590
1280 768 2815 1376 953 2579
1536 768 2815 1562 967 2610
1792 768 2815 1764 982 2641
2048 768 2815 1978 998 2669
2303 768 2815 2200 1015 2694
2559 768 2815 2428 1032 2715
2815 768 2815 2662 1050 2733
3071 768 2815 2898 1068 2748
3327 768 2815 3136 1087 2760
3583 768 2815 3376 1107 2770
3839 768 2815 3617 1128 2778
4095 768 2815 3914 1056 2803
0 1024 2815 701 1095 2802
256 1024 2815 729 1093 2798
512 1024 2815 860 1098 2756
768 1024 2815 1038 1109 2691
1024 1024 2815 1225 1128 2615
1280 1024 2815 1404 1152 2561
1536 1024 2815 1582 1174 2562
1792 1024 2815 1771 1194 2584
2048 1024 2815 1973 1214 2612
2303 1024 2815 2184 1234 2642
2559 1024 2815 2405 1253 2669
2815 1024 2815 2633 1273 2694
3071 1024 2815 2865 1292 2716
3327 1024 2815 3101 1311 2735
3583 1024 2815 3340 1330 2751
3839 1024 2815 3584 1344 2766
4095 1024 2815 3917 1239 2804
0 1280 2815 735 1327 2803
256 1280 2815 761 1325 2800
512 1280 2815 890 1327 2763
768 1280 2815 1065 1333 2707
1024 1280 2815 1253 1344 2641
1280 1280 2815 1436 1361 2590
1536 1280 2815 1612 1378 2589
1792 1280 2815 1798 1396 2603
2048 1280 2815 1992 1418 2615
2303 1280 2815 2191 1444 2626
2559 1280 2815 2400 1469 2646
2815 1280 2815 2618 1492 2670
3071 1280 2815 2842 1515 2694
3327 1280 2815 3072 1537 2716
3583 1280 2815 3306 1558 2736
3839 1280 2815 3584 1537 2768
4095 1280 2815 3921 1444 2805
0 1536 2815 776 1565 2803
256 1536 2815 800 1564 2802
512 1536 2815 922 1564 2774
768 1536 2815 1094 1566 2728
1024 1536 2815 1285 1572 2671
1280 1536 2815 1471 1582 2624
1536 1536 2815 1647 1596 2619
1792 1536 2815 1830 1609 2641
2048 1536 2815 2026 1624 2659
2303 1536 2815 2232 1639 2681
2559 1536 2815 2430 1669 2673
2815 1536 2815 2632 1700 2678
3071 1536 2815 2843 1728 2693
3327 1536 2815 3062 1755 2713
3583 1536 2815 3301 1769 2739
3839 1536 2815 3592 1740 2775
4095 1536 2815 3927 1663 2806
0 1792 2815 829 1807 2802
256 1792 2815 842 1806 2806
512 1792 2815 960 1805 2783
768 1792 2815 1130 1805 2746
1024 1792 2815 1320 1806 2701
1280 1792 2815 1511 1812 2658
1536 1792 2815 1689 1822 2646
1792 1792 2815 1863 1832 2690
2048 1792 2815 2060 1842 2711
2303 1792 2815 2271 1851 2736
2559 1792 2815 2499 1854 2768
2815 1792 2815 2693 1887 2738
3071 1792 2815 2883 1926 2726
3327 1792 2815 3081 1961 2730
3583 1792 2815 3316 1976 2753
3839 1792 2815 3601 1955 2783
4095 1792 2815 3934 1891 2807
0 2048 2815 866 2051 2809
256 2048 2815 897 2051 2806
512 2048 2815 1008 2049 2789
768 2048 2815 1172 2047 2761
1024 2048 2815 1361 2045 2726
1280 2048 2815 1554 2047 2692
1536 2048 2815 1735 2054 2678
1792 2048 2815 1898 2064 2721
2048 2048 2815 2086 2069 2783
2303 2048 2815 2306 2072 2809
2559 2048 2815 2535 2077 2809
2815 2048 2815 2766 2083 2809
3071 2048 2815 2961 2113 2783
3327 2048 2815 3115 2171 2755
3583 2048 2815 3336 2191 2771
3839 2048 2815 3612 2178 2794
4095 2048 2815 3942 2124 2808
0 2303 2815 933 2294 2805
256 2303 2815 945 2296 2810
512 2303 2815 1052 2294 2798
768 2303 2815 1213 2291 2778
1024 2303 2815 1400 2287 2753
1280 2303 2815 1597 2286 2727
1536 2303 2815 1784 2289 2712
1792 2303 2815 1949 2299 2730
2048 2303 2815 2102 2311 2811
2303 2303 2815 2324 2315 2811
2559 2303 2815 2550 2319 2811
2815 2303 2815 2780 2325 2811
3071 2303 2815 3011 2331 2811
3327 2303 2815 3158 2384 2784
3583 2303 2815 3359 2411 2793
3839 2303 2815 3625 2405 2808
4095 2303 2815 3951 2361 2810
0 2559 2815 991 2540 2807
256 2559 2815 1002 2544 2813
512 2559 2815 1103 2541 2805
768 2559 2815 1259 2537 2791
1024 2559 2815 1445 2532 2775
1280 2559 2815 1642 2529 2759
1536 2559 2815 1834 2529 2748
1792 2559 2815 2006 2536 2753
2048 2559 2815 2139 2554 2801
2303 2559 2815 2344 2560 2813
2559 2559 2815 2568 2564 2813
2815 2559 2815 2796 2569 2813
3071 2559 2815 3026 2574 2813
3327 2559 2815 3217 2599 2809
3583 2559 2815 3390 2635 2819
3839 2559 2815 3641 2637 2825
4095 2559 2815 3961 2601 2812
0 2815 2815 1047 2789 2812
256 2815 2815 1065 2792 2815
512 2815 2815 1160 2789 2811
768 2815 2815 1309 2785 2804
1024 2815 2815 1492 2779 2795
1280 2815 2815 1689 2774 2787
1536 2815 2815 1885 2771 2782
1792 2815 2815 2066 2774 2784
2048 2815 2815 2212 2789 2798
2303 2815 2815 2366 2807 2815
2559 2815 2815 2588 2810 2815
2815 2815 2815 2814 2815 2815
3071 2815 2815 3043 2819 2815
3327 2815 2815 3273 2824 2815
3583 2815 2815 3430 2861 2845
3839 2815 2815 3660 2871 2848
4095 2815 2815 3974 2843 2815
0 3071 2815 1115 3034 2812
256 3071 2815 1125 3041 2818
512 3071 2815 1214 3038 2817
768 3071 2815 1358 3034 2815
1024 3071 2815 1537 3027 2813
1280 3071 2815 1734 3021 2812
1536 3071 2815 1935 3016 2813
1792 3071 2815 2124 3015 2818
2048 3071 2815 2286 3025 2823
2303 3071 2815 2392 3054 2818
2559 3071 2815 2611 3058 2818
2815 3071 2815 2834 3061 2817
3071 3071 2815 3061 3066 2817
3327 3071 2815 3290 3070 2817
3583 3071 2815 3493 3084 2847
3839 3071 2815 3684 3106 2878
4095 3071 2815 3986 3087 2818
0 3327 2815 1177 3285 2817
256 3327 2815 1191 3290 2821
512 3327 2815 1274 3288 2822
768 3327 2815 1411 3283 2824
1024 3327 2815 1585 3277 2827
1280 3327 2815 1780 3269 2833
1536 3327 2815 1982 3263 2841
1792 3327 2815 2178 3260 2850
2048 3327 2815 2356 3263 2857
2303 3327 2815 2497 3281 2850
2559 3327 2815 2635 3305 2820
2815 3327 2815 2856 3309 2820
3071 3327 2815 3081 3313 2820
3327 3327 2815 3309 3317 2820
3583 3327 2815 3538 3322 2820
3839 3327 2815 3716 3340 2915
4095 3327 2815 4002 3332 2821
0 3583 2815 1244 3533 2820
256 3583 2815 1258 3540 2824
512 3583 2815 1337 3537 2827
768 3583 2815 1467 3533 2832
1024 3583 2815 1636 3526 2840
1280 3583 2815 1828 3519 2851
1536 3583 2815 2030 3511 2864
1792 3583 2815 2231 3506 2879
2048 3583 2815 2419 3505 2891
2303 3583 2815 2583 3514 2892
2559 3583 2815 2705 3540 2854
2815 3583 2815 2880 3557 2823
3071 3583 2815 3103 3560 2823
3327 3583 2815 3329 3564 2823
3583 3583 2815 3557 3569 2822
3839 3583 2815 3787 3573 2822
4095 3583 2815 4017 3579 2826
0 3839 2815 1314 3781 2822
256 3839 2815 1324 3790 2827
512 3839 2815 1399 3787 2831
768 3839 2815 1523 3783 2839
1024 3839 2815 1686 3777 2850
1280 3839 2815 1874 3769 2864
1536 3839 2815 2076 3761 2883
1792 3839 2815 2280 3754 2903
2048 3839 2815 2477 3751 2922
2303 3839 2815 2655 3754 2932
2559 3839 2815 2822 3764 2929
2815 3839 2815 3002 3774 2926
3071 3839 2815 3184 3787 2914
3327 3839 2815 3370 3803 2873
3583 3839 2815 3577 3816 2826
3839 3839 2815 3805 3821 2825
4095 3839 2815 4034 3825 2838
0 4095 2815 1396 4011 2817
256 4095 2815 1408 4014 2819
512 4095 2815 1449 4022 2822
768 4095 2815 1525 4036 2828
1024 4095 2815 1638 4042 2830
1280 4095 2815 1780 4042 2830
1536 4095 2815 1942 4044 2830
1792 4095 2815 2121 4045 2830
2048 4095 2815 2312 4047 2830
2303 4095 2815 2513 4049 2830
2559 4095 2815 2721 4052 2830
2815 4095 2815 2934 4054 2830
3071 4095 2815 3152 4057 2830
3327 4095 2815 3374 4061 2830
3583 4095 2815 3599 4064 2831
3839 4095 2815 3826 4068 2831
4095 4095 2815 4047 4065 2825
0 0 3071 736 549 3043
256 0 3071 746 541 3050
512 0 3071 819 530 3059
768 0 3071 971 536 3059
1024 0 3071 1156 544 3058
1280 0 3071 1360 555 3059
1536 0 3071 1576 569 3058
1792 0 3071 1799 585 3058
2048 0 3071 2028 602 3059
2303 0 3071 2258 624 3058
2559 0 3071 2491 646 3058
2815 0 3071 2727 669 3058
3071 0 3071 2963 696 3058
3327 0 3071 3201 722 3058
3583 0 3071 3439 751 3058
3839 0 3071 3678 781 3058
4095 0 3071 3906 829 3051
0 256 3071 713 581 3052
256 256 3071 723 572 3059
512 256 3071 843 587 3025
768 256 3071 990 595 3021
1024 256 3071 1167 603 3025
1280 256 3071 1366 613 3030
1536 256 3071 1577 626 3034
1792 256 3071 1798 641 3038
2048 256 3071 2024 657 3042
2303 256 3071 2253 676 3045
2559 256 3071 2486 697 3047
2815 256 3071 2721 719 3050
3071 256 3071 2958 743 3051
3327 256 3071 3195 768 3053
3583 256 3071 3434 795 3054
3839 256 3071 3673 823 3055
4095 256 3071 3918 838 3058
0 512 3071 703 706 3059
256 512 3071 742 709 3047
512 512 3071 869 724 2998
768 512 3071 1036 748 2936
1024 512 3071 1203 764 2922
1280 512 3071 1383 774 2940
1536 512 3071 1582 786 2958
1792 512 3071 1794 799 2974
2048 512 3071 2014 813 2989
2303 512 3071 2239 830 3002
2559 512 3071 2470 847 3012
2815 512 3071 2704 866 3021
3071 512 3071 2940 886 3028
3327 512 3071 3177 907 3034
3583 512 3071 3416 930 3039
3839 512 3071 3655 954 3043
4095 512 3071 3918 932 3058
0 768 3071 719 894 3060
256 768 3071 758 896 3048
512 768 3071 883 906 3004
768 768 3071 1055 924 2933
1024 768 3071 1240 953 2849
1280 768 3071 1413 977 2825
1536 768 3071 1594 990 2856
1792 768 3071 1792 1004 2885
2048 768 3071 2003 1019 2913
2303 768 3071 2221 1034 2937
2559 768 3071 2447 1051 2959
2815 768 3071 2678 1068 2977
3071 768 3071 2912 1086 2992
3327 768 3071 3149 1105 3005
3583 768 3071 3387 1124 3016
3839 768 3071 3627 1144 3025
4095 768 3071 3920 1075 3058
0 1024 3071 753 1112 3056
256 1024 3071 777 1110 3053
512 1024 3071 901 1116 3014
768 1024 3071 1074 1128 2948
1024 1024 3071 1260 1147 2871
1280 1024 3071 1442 1173 2803
1536 1024 3071 1617 1194 2798
1792 1024 3071 1802 1215 2814
2048 1024 3071 2000 1233 2844
2303 1024 3071 2209 1252 2875
2559 1024 3071 2427 1270 2903
2815 1024 3071 2652 1288 2929
3071 1024 3071 2882 1307 2952
3327 1024 3071 3116 1325 2972
3583 1024 3071 3353 1344 2990
3839 1024 3071 3592 1362 3005
4095 1024 3071 3923 1255 3058
0 1280 3071 781 1340 3058
256 1280 3071 809 1339 3054
512 1280 3071 928 1342 3020
768 1280 3071 1099 1348 2962
1024 1280 3071 1286 1360 2894
1280 1280 3071 1470 1378 2831
1536 1280 3071 1646 1397 2814
1792 1280 3071 1828 1416 2822
2048 1280 3071 2018 1438 2832
2303 1280 3071 2215 1463 2845
2559 1280 3071 2422 1486 2869
2815 1280 3071 2637 1508 2895
3071 1280 3071 2860 1529 2921
3327 1280 3071 3088 1550 2945
3583 1280 3071 3321 1570 2966
3839 1280 3071 3591 1554 3005
4095 1280 3071 3927 1458 3059
0 1536 3071 825 1576 3056
256 1536 3071 842 1575 3058
512 1536 3071 959 1576 3029
768 1536 3071 1127 1579 2980
1024 1536 3071 1315 1585 2921
1280 1536 3071 1503 1597 2863
1536 1536 3071 1681 1613 2835
1792 1536 3071 1859 1628 2843
2048 1536 3071 2047 1646 2854
2303 1536 3071 2242 1667 2866
2559 1536 3071 2443 1690 2880
2815 1536 3071 2648 1717 2894
3071 1536 3071 2858 1743 2912
3327 1536 3071 3077 1769 2933
3583 1536 3071 3310 1785 2961
3839 1536 3071 3599 1755 3011
4095 1536 3071 3933 1674 3060
0 1792 3071 875 1816 3053
256 1792 3071 881 1816 3062
512 1792 3071 993 1815 3038
768 1792 3071 1160 1816 2997
1024 1792 3071 1348 1818 2946
1280 1792 3071 1539 1825 2896
1536 1792 3071 1720 1836 2865
1792 1792 3071 1897 1849 2871
2048 1792 3071 2082 1864 2882
2303 1792 3071 2275 1881 2896
2559 1792 3071 2476 1899 2912
2815 1792 3071 2685 1918 2931
3071 1792 3071 2891 1943 2940
3327 1792 3071 3093 1975 2946
3583 1792 3071 3325 1990 2974
3839 1792 3071 3608 1968 3018
4095 1792 3071 3940 1901 3061
0 2048 3071 908 2059 3062
256 2048 3071 935 2059 3060
512 2048 3071 1040 2058 3042
768 2048 3071 1200 2056 3010
1024 2048 3071 1387 2056 2969
1280 2048 3071 1579 2059 2927
1536 2048 3071 1763 2066 2899
1792 2048 3071 1936 2077 2907
2048 2048 3071 2120 2089 2920
2303 2048 3071 2312 2102 2935
2559 2048 3071 2514 2116 2954
2815 2048 3071 2728 2127 2977
3071 2048 3071 2957 2134 3005
3327 2048 3071 3127 2182 2973
3583 2048 3071 3345 2203 2990
3839 2048 3071 3619 2189 3027
4095 2048 3071 3948 2132 3063
0 2303 3071 977 2300 3054
256 2303 3071 979 2304 3065
512 2303 3071 1080 2302 3052
768 2303 3071 1238 2299 3026
1024 2303 3071 1425 2297 2994
1280 2303 3071 1619 2297 2961
1536 2303 3071 1808 2300 2935
1792 2303 3071 1983 2308 2936
2048 2303 3071 2153 2319 2970
2303 2303 3071 2347 2328 2989
2559 2303 3071 2554 2337 3012
2815 2303 3071 2779 2339 3042
3071 2303 3071 3021 2338 3065
3327 2303 3071 3171 2393 3006
3583 2303 3071 3368 2422 3010
3839 2303 3071 3633 2415 3039
4095 2303 3071 3957 2368 3064
0 2559 3071 1028 2545 3058
256 2559 3071 1034 2550 3067
512 2559 3071 1130 2548 3057
768 2559 3071 1281 2545 3040
1024 2559 3071 1465 2541 3016
1280 2559 3071 1663 2538 2991
1536 2559 3071 1855 2538 2971
1792 2559 3071 2034 2544 2966
2048 2559 3071 2189 2556 3002
2303 2559 3071 2357 2566 3067
2559 2559 3071 2579 2570 3067
2815 2559 3071 2806 2575 3067
3071 2559 3071 3035 2580 3067
3327 2559 3071 3230 2605 3045
3583 2559 3071 3399 2645 3035
3839 2559 3071 3649 2646 3054
4095 2559 3071 3967 2608 3066
0 2815 3071 1084 2792 3062
256 2815 3071 1094 2798 3069
512 2815 3071 1186 2795 3062
768 2815 3071 1331 2791 3050
1024 2815 3071 1512 2787 3035
1280 2815 3071 1707 2782 3019
1536 2815 3071 1904 2780 3005
1792 2815 3071 2088 2782 3000
2048 2815 3071 2249 2793 3014
2303 2815 3071 2379 2812 3069
2559 2815 3071 2599 2816 3069
2815 2815 3071 2824 2820 3069
3071 2815 3071 3052 2825 3069
3327 2815 3071 3282 2830 3069
3583 2815 3071 3439 2869 3063
3839 2815 3071 3668 2879 3073
4095 2815 3071 3980 2849 3068
0 3071 3071 1152 3034 3059
256 3071 3071 1156 3043 3068
512 3071 3071 1236 3044 3068
768 3071 3071 1377 3040 3062
1024 3071 3071 1554 3034 3053
1280 3071 3071 1750 3028 3044
1536 3071 3071 1950 3024 3037
1792 3071 3071 2142 3023 3034
2048 3071 3071 2312 3030 3040
2303 3071 3071 2440 3050 3061
2559 3071 3071 2622 3063 3071
2815 3071 3071 2844 3066 3071
3071 3071 3071 3070 3071 3071
3327 3071 3071 3298 3075 3071
3583 3071 3071 3496 3092 3083
3839 3071 3071 3691 3113 3098
4095 3071 3071 3992 3093 3071
0 3327 3071 1207 3288 3068
256 3327 3071 1217 3295 3074
512 3327 3071 1299 3293 3073
768 3327 3071 1432 3288 3071
1024 3327 3071 1603 3282 3068
1280 3327 3071 1796 3276 3066
1536 3327 3071 1996 3270 3066
1792 3327 3071 2193 3267 3068
2048 3327 3071 2375 3269 3073
2303 3327 3071 2524 3283 3078
2559 3327 3071 2646 3310 3074
2815 3327 3071 2866 3313 3073
3071 3327 3071 3090 3317 3073
3327 3327 3071 3317 3322 3073
3583 3327 3071 3546 3326 3073
3839 3327 3071 3723 3348 3131
4095 3327 3071 4007 3337 3074
0 3583 3071 1277 3531 3067
256 3583 3071 1280 3544 3076
512 3583 3071 1358 3542 3077
768 3583 3071 1486 3538 3079
1024 3583 3071 1653 3532 3081
1280 3583 3071 1844 3525 3085
1536 3583 3071 2044 3518 3091
1792 3583 3071 2245 3512 3098
2048 3583 3071 2434 3512 3107
2303 3583 3071 2600 3520 3111
2559 3583 3071 2726 3543 3096
2815 3583 3071 2890 3561 3076
3071 3583 3071 3112 3565 3076
3327 3583 3071 3337 3569 3076
3583 3583 3071 3564 3573 3076
3839 3583 3071 3781 3579 3114
4095 3583 3071 4023 3583 3079
0 3839 3071 1344 3779 3070
256 3839 3071 1349 3791 3078
512 3839 3071 1418 3792 3082
768 3839 3071 1541 3788 3086
1024 3839 3071 1703 3782 3092
1280 3839 3071 1890 3774 3100
1536 3839 3071 2090 3767 3112
1792 3839 3071 2293 3760 3125
2048 3839 3071 2490 3757 3138
2303 3839 3071 2669 3759 3147
2559 3839 3071 2832 3770 3146
2815 3839 3071 3005 3781 3143
3071 3839 3071 3184 3795 3130
3327 3839 3071 3363 3814 3086
3583 3839 3071 3584 3820 3079
3839 3839 3071 3812 3825 3078
4095 3839 3071 4040 3829 3087
0 4095 3071 1406 4036 3078
256 4095 3071 1416 4041 3081
512 4095 3071 1462 4043 3082
768 4095 3071 1544 4045 3083
1024 4095 3071 1658 4045 3083
1280 4095 3071 1797 4046 3083
1536 4095 3071 1958 4047 3083
1792 4095 3071 2135 4049 3083
2048 4095 3071 2325 4051 3083
2303 4095 3071 2523 4053 3082
2559 4095 3071 2731 4055 3082
2815 4095 3071 2944 4058 3083
3071 4095 3071 3161 4061 3083
3327 4095 3071 3382 4064 3083
3583 4095 3071 3606 4068 3083
3839 4095 3071 3833 4072 3084
4095 4095 3071 4054 4069 3077
0 0 3327 796 595 3293
256 0 3327 806 587 3301
512 0 3327 866 574 3314
768 0 3327 1010 579 3314
1024 0 3327 1188 586 3314
1280 0 3327 1387 596 3314
1536 0 3327 1598 609 3314
1792 0 3327 1818 623 3313
2048 0 3327 2044 640 3314
2303 0 3327 2272 659 3313
2559 0 3327 2504 680 3314
2815 0 3327 2738 703 3313
3071 0 3327 2974 727 3313
3327 0 3327 3210 753 3313
3583 0 3327 3448 780 3313
3839 0 3327 3686 808 3313
4095 0 3327 3906 866 3300
0 256 3327 776 623 3303
256 256 3327 785 616 3311
512 256 3327 887 624 3287
768 256 3327 1030 633 3278
1024 256 3327 1200 641 3282
1280 256 3327 1393 650 3286
1536 256 3327 1601 662 3289
1792 256 3327 1818 675 3293
2048 256 3327 2042 691 3297
2303 256 3327 2269 709 3299
2559 256 3327 2500 728 3302
2815 256 3327 2734 749 3304
3071 256 3327 2969 772 3306
3327 256 3327 3206 796 3307
3583 256 3327 3443 822 3308
3839 256 3327 3681 848 3309
4095 256 3327 3915 880 3305
0 512 3327 757 737 3314
256 512 3327 796 741 3302
512 512 3327 915 755 3257
768 512 3327 1074 777 3201
1024 512 3327 1240 794 3181
1280 512 3327 1415 803 3197
1536 512 3327 1610 814 3212
1792 512 3327 1818 826 3227
2048 512 3327 2035 840 3241
2303 512 3327 2258 856 3253
2559 512 3327 2486 873 3263
2815 512 3327 2718 890 3272
3071 512 3327 2953 910 3279
3327 512 3327 3189 931 3286
3583 512 3327 3426 952 3291
3839 512 3327 3665 975 3295
4095 512 3327 3926 953 3313
0 768 3327 774 918 3314
256 768 3327 810 920 3303
512 768 3327 927 930 3263
768 768 3327 1094 948 3195
1024 768 3327 1278 977 3111
1280 768 3327 1451 1001 3077
1536 768 3327 1628 1013 3105
1792 768 3327 1822 1026 3133
2048 768 3327 2029 1040 3159
2303 768 3327 2244 1055 3183
2559 768 3327 2467 1071 3204
2815 768 3327 2696 1088 3223
3071 768 3327 2928 1105 3238
3327 768 3327 3162 1123 3252
3583 768 3327 3399 1142 3263
3839 768 3327 3638 1162 3272
4095 768 3327 3928 1093 3313
0 1024 3327 801 1129 3312
256 1024 3327 829 1129 3308
512 1024 3327 945 1135 3270
768 1024 3327 1111 1147 3208
1024 1024 3327 1296 1167 3129
1280 1024 3327 1477 1191 3065
1536 1024 3327 1651 1208 3069
1792 1024 3327 1836 1229 3073
2048 1024 3327 2030 1252 3083
2303 1024 3327 2235 1270 3111
2559 1024 3327 2450 1288 3140
2815 1024 3327 2672 1305 3167
3071 1024 3327 2900 1323 3191
3327 1024 3327 3132 1341 3212
3583 1024 3327 3367 1359 3230
3839 1024 3327 3604 1378 3245
4095 1024 3327 3931 1270 3314
0 1280 3327 828 1354 3314
256 1280 3327 858 1354 3308
512 1280 3327 970 1357 3275
768 1280 3327 1135 1365 3219
1024 1280 3327 1319 1377 3149
1280 1280 3327 1504 1396 3082
1536 1280 3327 1677 1411 3077
1792 1280 3327 1859 1428 3082
2048 1280 3327 2050 1449 3087
2303 1280 3327 2247 1473 3093
2559 1280 3327 2448 1501 3100
2815 1280 3327 2659 1524 3123
3071 1280 3327 2880 1545 3150
3327 1280 3327 3106 1564 3176
3583 1280 3327 3336 1584 3199
3839 1280 3327 3599 1572 3241
4095 1280 3327 3936 1470 3314
0 1536 3327 868 1588 3312
256 1536 3327 890 1587 3312
512 1536 3327 998 1589 3284
768 1536 3327 1161 1593 3235
1024 1536 3327 1346 1600 3172
1280 1536 3327 1534 1613 3109
1536 1536 3327 1709 1626 3089
1792 1536 3327 1888 1641 3093
2048 1536 3327 2077 1659 3098
2303 1536 3327 2270 1679 3105
2559 1536 3327 2469 1703 3112
2815 1536 3327 2672 1730 3121
3071 1536 3327 2877 1759 3133
3327 1536 3327 3094 1783 3155
3583 1536 3327 3321 1802 3182
3839 1536 3327 3607 1771 3245
4095 1536 3327 3941 1685 3315
0 1792 3327 911 1826 3312
256 1792 3327 928 1826 3314
512 1792 3327 1033 1826 3291
768 1792 3327 1191 1828 3250
1024 1792 3327 1377 1831 3196
1280 1792 3327 1568 1839 3139
1536 1792 3327 1749 1850 3103
1792 1792 3327 1924 1863 3108
2048 1792 3327 2108 1877 3113
2303 1792 3327 2299 1895 3120
2559 1792 3327 2496 1915 3128
2815 1792 3327 2696 1938 3138
3071 1792 3327 2900 1964 3149
3327 1792 3327 3107 1991 3162
3583 1792 3327 3335 2006 3193
3839 1792 3327 3616 1982 3251
4095 1792 3327 3948 1910 3316
0 2048 3327 948 2068 3318
256 2048 3327 976 2068 3314
512 2048 3327 1076 2067 3295
768 2048 3327 1230 2067 3261
1024 2048 3327 1414 2068 3216
1280 2048 3327 1605 2071 3168
1536 2048 3327 1792 2079 3128
1792 2048 3327 1965 2090 3126
2048 2048 3327 2146 2102 3133
2303 2048 3327 2334 2117 3140
2559 2048 3327 2528 2135 3149
2815 2048 3327 2727 2154 3160
3071 2048 3327 2930 2175 3173
3327 2048 3327 3138 2198 3188
3583 2048 3327 3355 2218 3208
3839 2048 3327 3627 2201 3259
4095 2048 3327 3956 2140 3317
0 2303 3327 1007 2309 3313
256 2303 3327 1020 2311 3319
512 2303 3327 1116 2310 3304
768 2303 3327 1266 2308 3277
1024 2303 3327 1449 2307 3240
1280 2303 3327 1643 2308 3199
1536 2303 3327 1833 2312 3164
1792 2303 3327 2012 2320 3150
2048 2303 3327 2189 2331 3157
2303 2303 3327 2373 2344 3166
2559 2303 3327 2565 2358 3176
2815 2303 3327 2763 2374 3189
3071 2303 3327 2966 2391 3204
3327 2303 3327 3178 2408 3223
3583 2303 3327 3379 2435 3227
3839 2303 3327 3641 2426 3269
4095 2303 3327 3965 2375 3319
0 2559 3327 1058 2555 3316
256 2559 3327 1074 2557 3320
512 2559 3327 1165 2555 3308
768 2559 3327 1310 2553 3288
1024 2559 3327 1489 2550 3260
1280 2559 3327 1683 2548 3228
1536 2559 3327 1877 2549 3198
1792 2559 3327 2061 2554 3183
2048 2559 3327 2234 2564 3191
2303 2559 3327 2415 2575 3201
2559 2559 3327 2605 2587 3214
2815 2559 3327 2803 2599 3230
3071 2559 3327 3011 2611 3249
3327 2559 3327 3234 2618 3274
3583 2559 3327 3410 2656 3251
3839 2559 3327 3657 2656 3281
4095 2559 3327 3976 2614 3320
0 2815 3327 1114 2801 3318
256 2815 3327 1130 2804 3322
512 2815 3327 1217 2802 3314
768 2815 3327 1358 2799 3298
1024 2815 3327 1534 2795 3278
1280 2815 3327 1727 2791 3254
1536 2815 3327 1923 2789 3232
1792 2815 3327 2111 2792 3218
2048 2815 3327 2281 2800 3225
2303 2815 3327 2447 2811 3251
2559 2815 3327 2636 2821 3268
2815 2815 3327 2838 2829 3290
3071 2815 3327 3061 2832 3321
3327 2815 3327 3291 2836 3323
3583 2815 3327 3450 2879 3280
3839 2815 3327 3676 2888 3297
4095 2815 3327 3988 2855 3322
0 3071 3327 1176 3046 3318
256 3071 3327 1186 3052 3325
512 3071 3327 1270 3050 3319
768 3071 3327 1405 3046 3309
1024 3071 3327 1576 3041 3296
1280 3071 3327 1768 3037 3280
1536 3071 3327 1967 3033 3265
1792 3071 3327 2161 3032 3254
2048 3071 3327 2338 3037 3255
2303 3071 3327 2486 3051 3280
2559 3071 3327 2634 3068 3325
2815 3071 3327 2855 3072 3325
3071 3071 3327 3080 3076 3325
3327 3071 3327 3308 3081 3325
3583 3071 3327 3507 3099 3315
3839 3071 3327 3700 3122 3319
4095 3071 3327 4000 3098 3324
0 3327 3327 1233 3297 3324
256 3327 3327 1250 3300 3327
512 3327 3327 1329 3298 3324
768 3327 3327 1459 3294 3318
1024 3327 3327 1626 3289 3310
1280 3327 3327 1815 3283 3302
1536 3327 3327 2013 3278 3294
1792 3327 3327 2210 3275 3288
2048 3327 3327 2395 3277 3288
2303 3327 3327 2554 3287 3298
2559 3327 3327 2665 3313 3325
2815 3327 3327 2877 3318 3327
3071 3327 3327 3100 3322 3327
3327 3327 3327 3326 3327 3327
3583 3327 3327 3554 3331 3327
3839 3327 3327 3731 3356 3347
4095 3327 3327 4016 3342 3327
0 3583 3327 1300 3541 3323
256 3583 3327 1310 3549 3330
512 3583 3327 1386 3547 3329
768 3583 3327 1511 3543 3326
1024 3583 3327 1674 3537 3324
1280 3583 3327 1862 3531 3321
1536 3583 3327 2060 3524 3319
1792 3583 3327 2260 3520 3320
2048 3583 3327 2451 3519 3323
2303 3583 3327 2621 3525 3328
2559 3583 3327 2756 3544 3333
2815 3583 3327 2901 3566 3330
3071 3583 3327 3122 3569 3329
3327 3583 3327 3346 3573 3329
3583 3583 3327 3573 3577 3329
3839 3583 3327 3782 3586 3362
4095 3583 3327 4031 3588 3330
0 3839 3327 1365 3791 3327
256 3839 3327 1376 3798 3333
512 3839 3327 1447 3796 3333
768 3839 3327 1567 3792 3334
1024 3839 3327 1725 3786 3335
1280 3839 3327 1909 3780 3338
1536 3839 3327 2107 3773 3342
1792 3839 3327 2308 3766 3348
2048 3839 3327 2504 3763 3355
2303 3839 3327 2685 3765 3362
2559 3839 3327 2840 3778 3363
2815 3839 3327 3009 3790 3363
3071 3839 3327 3181 3805 3354
3327 3839 3327 3367 3821 3332
3583 3839 3327 3593 3824 3332
3839 3839 3327 3820 3829 3332
4095 3839 3327 4048 3834 3337
0 4095 3327 1441 4024 3320
256 4095 3327 1453 4026 3321
512 4095 3327 1495 4031 3324
768 4095 3327 1570 4039 3329
1024 4095 3327 1677 4049 3335
1280 4095 3327 1817 4050 3336
1536 4095 3327 1976 4051 3336
1792 4095 3327 2151 4053 3336
2048 4095 3327 2340 4055 3336
2303 4095 3327 2537 4057 3336
2559 4095 3327 2742 4059 3335
2815 4095 3327 2954 4062 3335
3071 4095 3327 3171 4065 3335
3327 4095 3327 3391 4068 3335
3583 4095 3327 3614 4072 3335
3839 4095 3327 3841 4076 3337
4095 4095 3327 4067 4079 3334
0 0 3583 857 640 3543
256 0 3583 865 633 3551
512 0 3583 915 617 3569
768 0 3583 1051 622 3569
1024 0 3583 1222 629 3568
1280 0 3583 1415 638 3568
1536 0 3583 1622 649 3569
1792 0 3583 1839 663 3568
2048 0 3583 2062 679 3569
2303 0 3583 2288 697 3568
2559 0 3583 2518 716 3568
2815 0 3583 2751 737 3568
3071 0 3583 2985 761 3568
3327 0 3583 3221 785 3568
3583 0 3583 3457 811 3568
3839 0 3583 3695 838 3568
4095 0 3583 3914 895 3552
0 256 3583 838 666 3553
256 256 3583 847 660 3561
512 256 3583 931 662 3548
768 256 3583 1071 672 3535
1024 256 3583 1235 679 3538
1280 256 3583 1423 688 3541
1536 256 3583 1626 698 3545
1792 256 3583 1840 712 3548
2048 256 3583 2061 726 3551
2303 256 3583 2286 743 3554
2559 256 3583 2515 762 3556
2815 256 3583 2747 781 3558
3071 256 3583 2981 803 3560
3327 256 3583 3216 826 3561
3583 256 3583 3453 851 3563
3839 256 3583 3690 877 3563
4095 256 3583 3921 910 3557
0 512 3583 814 770 3569
256 512 3583 849 774 3557
512 512 3583 961 787 3517
768 512 3583 1113 807 3466
1024 512 3583 1277 825 3441
1280 512 3583 1449 833 3454
1536 512 3583 1639 843 3468
1792 512 3583 1844 855 3482
2048 512 3583 2058 868 3495
2303 512 3583 2278 883 3505
2559 512 3583 2504 899 3515
2815 512 3583 2734 916 3524
3071 512 3583 2967 935 3531
3327 512 3583 3201 955 3538
3583 512 3583 3438 976 3543
3839 512 3583 3675 999 3547
4095 512 3583 3934 978 3568
0 768 3583 828 943 3570
256 768 3583 863 946 3559
512 768 3583 973 955 3521
768 768 3583 1134 974 3456
1024 768 3583 1313 1000 3380
1280 768 3583 1480 1016 3370
1536 768 3583 1661 1034 3370
1792 768 3583 1853 1049 3385
2048 768 3583 2056 1063 3408
2303 768 3583 2268 1078 3431
2559 768 3583 2488 1093 3451
2815 768 3583 2714 1109 3470
3071 768 3583 2944 1126 3485
3327 768 3583 3177 1143 3499
3583 768 3583 3413 1162 3511
3839 768 3583 3650 1181 3521
4095 768 3583 3936 1115 3568
0 1024 3583 855 1149 3567
256 1024 3583 880 1149 3563
512 1024 3583 990 1156 3527
768 1024 3583 1150 1168 3466
1024 1024 3583 1332 1187 3390
1280 1024 3583 1500 1202 3372
1536 1024 3583 1678 1216 3373
1792 1024 3583 1867 1233 3375
2048 1024 3583 2065 1254 3377
2303 1024 3583 2268 1278 3380
2559 1024 3583 2477 1303 3386
2815 1024 3583 2694 1324 3407
3071 1024 3583 2920 1341 3431
3327 1024 3583 3149 1358 3452
3583 1024 3583 3382 1376 3471
3839 1024 3583 3618 1394 3487
4095 1024 3583 3939 1288 3568
0 1280 3583 881 1370 3568
256 1280 3583 906 1370 3564
512 1280 3583 1014 1374 3531
768 1280 3583 1172 1382 3477
1024 1280 3583 1354 1395 3407
1280 1280 3583 1526 1408 3376
1536 1280 3583 1700 1420 3377
1792 1280 3583 1887 1434 3379
2048 1280 3583 2083 1451 3381
2303 1280 3583 2284 1471 3384
2559 1280 3583 2489 1495 3386
2815 1280 3583 2698 1522 3390
3071 1280 3583 2908 1552 3395
3327 1280 3583 3125 1580 3409
3583 1280 3583 3354 1599 3432
3839 1280 3583 3608 1593 3475
4095 1280 3583 3943 1485 3569
0 1536 3583 916 1601 3567
256 1536 3583 937 1601 3567
512 1536 3583 1041 1603 3538
768 1536 3583 1197 1607 3491
1024 1536 3583 1379 1616 3428
1280 1536 3583 1558 1627 3381
1536 1536 3583 1729 1636 3382
1792 1536 3583 1912 1648 3384
2048 1536 3583 2105 1663 3386
2303 1536 3583 2303 1680 3389
2559 1536 3583 2507 1701 3392
2815 1536 3583 2713 1724 3396
3071 1536 3583 2921 1751 3400
3327 1536 3583 3131 1781 3405
3583 1536 3583 3341 1815 3411
3839 1536 3583 3616 1789 3479
4095 1536 3583 3949 1698 3570
0 1792 3583 961 1837 3563
256 1792 3583 971 1837 3570
512 1792 3583 1073 1838 3545
768 1792 3583 1227 1840 3503
1024 1792 3583 1408 1845 3448
1280 1792 3583 1596 1853 3390
1536 1792 3583 1763 1861 3389
1792 1792 3583 1943 1872 3391
2048 1792 3583 2132 1884 3393
2303 1792 3583 2328 1899 3396
2559 1792 3583 2529 1917 3399
2815 1792 3583 2733 1937 3403
3071 1792 3583 2939 1961 3408
3327 1792 3583 3146 1988 3413
3583 1792 3583 3354 2018 3419
3839 1792 3583 3625 1997 3484
4095 1792 3583 3955 1921 3570
0 2048 3583 993 2078 3572
256 2048 3583 1018 2078 3569
512 2048 3583 1114 2078 3548
768 2048 3583 1264 2078 3513
1024 2048 3583 1442 2080 3466
1280 2048 3583 1632 2084 3413
1536 2048 3583 1805 2091 3397
1792 2048 3583 1980 2100 3399
2048 2048 3583 2165 2111 3402
2303 2048 3583 2357 2125 3405
2559 2048 3583 2555 2140 3408
2815 2048 3583 2757 2158 3412
3071 2048 3583 2961 2179 3418
3327 2048 3583 3166 2203 3424
3583 2048 3583 3372 2229 3431
3839 2048 3583 3636 2215 3490
4095 2048 3583 3964 2150 3572
0 2303 3583 1051 2317 3564
256 2303 3583 1059 2320 3574
512 2303 3583 1153 2319 3556
768 2303 3583 1300 2318 3526
1024 2303 3583 1476 2318 3488
1280 2303 3583 1668 2319 3442
1536 2303 3583 1853 2324 3407
1792 2303 3583 2024 2332 3410
2048 2303 3583 2205 2342 3412
2303 2303 3583 2393 2353 3416
2559 2303 3583 2587 2367 3420
2815 2303 3583 2786 2383 3425
3071 2303 3583 2987 2401 3431
3327 2303 3583 3190 2423 3438
3583 2303 3583 3394 2446 3446
3839 2303 3583 3650 2438 3498
4095 2303 3583 3973 2384 3573
0 2559 3583 1104 2560 3564
256 2559 3583 1108 2565 3576
512 2559 3583 1198 2564 3562
768 2559 3583 1341 2561 3537
1024 2559 3583 1516 2559 3505
1280 2559 3583 1707 2559 3469
1536 2559 3583 1900 2560 3432
1792 2559 3583 2075 2566 3423
2048 2559 3583 2251 2575 3426
2303 2559 3583 2435 2585 3430
2559 2559 3583 2625 2598 3435
2815 2559 3583 2820 2612 3441
3071 2559 3583 3018 2628 3448
3327 2559 3583 3219 2647 3457
3583 2559 3583 3423 2667 3467
3839 2559 3583 3666 2667 3508
4095 2559 3583 3983 2622 3574
0 2815 3583 1151 2807 3571
256 2815 3583 1166 2811 3576
512 2815 3583 1251 2809 3566
768 2815 3583 1388 2806 3547
1024 2815 3583 1560 2803 3522
1280 2815 3583 1749 2801 3493
1536 2815 3583 1944 2800 3464
1792 2815 3583 2133 2802 3442
2048 2815 3583 2305 2810 3445
2303 2815 3583 2483 2819 3450
2559 2815 3583 2669 2830 3456
2815 2815 3583 2860 2843 3463
3071 2815 3583 3056 2857 3472
3327 2815 3583 3256 2873 3483
3583 2815 3583 3461 2889 3497
3839 2815 3583 3685 2899 3521
4095 2815 3583 3995 2862 3576
0 3071 3583 1215 3049 3566
256 3071 3583 1218 3058 3580
512 3071 3583 1300 3056 3572
768 3071 3583 1433 3053 3558
1024 3071 3583 1602 3049 3539
1280 3071 3583 1791 3045 3518
1536 3071 3583 1986 3042 3496
1792 3071 3583 2181 3042 3477
2048 3071 3583 2362 3046 3471
2303 3071 3583 2535 3054 3477
2559 3071 3583 2716 3064 3485
2815 3071 3583 2904 3076 3495
3071 3071 3583 3098 3088 3508
3327 3071 3583 3300 3100 3524
3583 3071 3583 3518 3108 3546
3839 3071 3583 3709 3132 3539
4095 3071 3583 4008 3104 3578
0 3327 3583 1269 3299 3574
256 3327 3583 1279 3306 3581
512 3327 3583 1356 3304 3576
768 3327 3583 1483 3300 3567
1024 3327 3583 1648 3296 3554
1280 3327 3583 1835 3291 3539
1536 3327 3583 2032 3286 3524
1792 3327 3583 2228 3284 3512
2048 3327 3583 2415 3285 3506
2303 3327 3583 2583 3293 3513
2559 3327 3583 2745 3305 3532
2815 3327 3583 2926 3316 3548
3071 3327 3583 3118 3327 3571
3327 3327 3583 3336 3332 3581
3583 3327 3583 3563 3337 3581
3839 3327 3583 3741 3364 3563
4095 3327 3583 4023 3348 3580
0 3583 3583 1333 3545 3574
256 3583 3583 1340 3554 3584
512 3583 3583 1414 3552 3580
768 3583 3583 1536 3548 3575
1024 3583 3583 1697 3543 3567
1280 3583 3583 1881 3538 3559
1536 3583 3583 2078 3532 3550
1792 3583 3583 2277 3528 3543
2048 3583 3583 2468 3527 3540
2303 3583 3583 2644 3532 3544
2559 3583 3583 2792 3546 3558
2815 3583 3583 2912 3571 3583
3071 3583 3583 3132 3574 3583
3327 3583 3583 3356 3578 3583
3583 3583 3583 3582 3583 3583
3839 3583 3583 3792 3593 3590
4095 3583 3583 4039 3593 3583
0 3839 3583 1399 3789 3573
256 3839 3583 1402 3802 3585
512 3839 3583 1471 3801 3585
768 3839 3583 1589 3797 3582
1024 3839 3583 1745 3792 3579
1280 3839 3583 1926 3786 3576
1536 3839 3583 2122 3780 3574
1792 3839 3583 2323 3774 3572
2048 3839 3583 2520 3771 3574
2303 3839 3583 2703 3772 3578
2559 3839 3583 2864 3782 3584
2815 3839 3583 3011 3799 3589
3071 3839 3583 3171 3817 3588
3327 3839 3583 3377 3825 3585
3583 3839 3583 3602 3829 3585
3839 3839 3583 3829 3833 3585
4095 3839 3583 4056 3838 3588
0 4095 3583 1465 4033 3574
256 4095 3583 1472 4043 3581
512 4095 3583 1512 4052 3589
768 4095 3583 1592 4053 3589
1024 4095 3583 1702 4053 3589
1280 4095 3583 1837 4054 3589
1536 4095 3583 1994 4056 3589
1792 4095 3583 2168 4057 3589
2048 4095 3583 2355 4059 3589
2303 4095 3583 2550 4061 3589
2559 4095 3583 2755 4063 3589
2815 4095 3583 2966 4066 3588
3071 4095 3583 3181 4069 3588
3327 4095 3583 3401 4073 3588
3583 4095 3583 3624 4076 3588
3839 4095 3583 3849 4080 3589
4095 4095 3583 4075 4084 3587
0 0 3839 917 685 3792
256 0 3839 925 679 3800
512 0 3839 964 661 3824
768 0 3839 1093 665 3824
1024 0 3839 1257 672 3824
1280 0 3839 1445 680 3824
1536 0 3839 1648 691 3823
1792 0 3839 1861 703 3824
2048 0 3839 2081 718 3824
2303 0 3839 2305 735 3823
2559 0 3839 2534 753 3823
2815 0 3839 2765 773 3823
3071 0 3839 2997 795 3823
3327 0 3839 3232 818 3823
3583 0 3839 3468 843 3823
3839 0 3839 3704 869 3823
4095 0 3839 3923 923 3804
0 256 3839 900 709 3803
256 256 3839 908 703 3811
512 256 3839 977 701 3809
768 256 3839 1113 712 3792
1024 256 3839 1271 718 3795
1280 256 3839 1453 726 3798
1536 256 3839 1653 737 3800
1792 256 3839 1863 749 3803
2048 256 3839 2081 762 3806
2303 256 3839 2303 779 3808
2559 256 3839 2531 796 3811
2815 256 3839 2761 815 3813
3071 256 3839 2994 836 3814
3327 256 3839 3228 857 3816
3583 256 3839 3464 881 3817
3839 256 3839 3700 906 3818
4095 256 3839 3929 939 3810
0 512 3839 871 804 3824
256 512 3839 904 807 3813
512 512 3839 1008 820 3776
768 512 3839 1153 838 3732
1024 512 3839 1308 851 3719
1280 512 3839 1479 860 3725
1536 512 3839 1668 871 3731
1792 512 3839 1870 885 3737
2048 512 3839 2081 898 3749
2303 512 3839 2299 912 3759
2559 512 3839 2522 928 3768
2815 512 3839 2750 944 3776
3071 512 3839 2981 962 3783
3327 512 3839 3215 982 3790
3583 512 3839 3450 1002 3795
3839 512 3839 3686 1024 3800
4095 512 3839 3942 1005 3822
0 768 3839 884 970 3824
256 768 3839 916 973 3815
512 768 3839 1020 982 3778
768 768 3839 1171 999 3724
1024 768 3839 1324 1009 3709
1280 768 3839 1494 1019 3709
1536 768 3839 1681 1031 3709
1792 768 3839 1879 1046 3710
2048 768 3839 2086 1064 3710
2303 768 3839 2297 1084 3712
2559 768 3839 2515 1105 3717
2815 768 3839 2735 1129 3721
3071 768 3839 2962 1147 3734
3327 768 3839 3193 1165 3747
3583 768 3839 3427 1183 3759
3839 768 3839 3662 1202 3769
4095 768 3839 3945 1138 3823
0 1024 3839 907 1170 3823
256 1024 3839 932 1171 3818
512 1024 3839 1035 1177 3784
768 1024 3839 1188 1189 3729
1024 1024 3839 1342 1198 3710
1280 1024 3839 1509 1206 3710
1536 1024 3839 1694 1216 3710
1792 1024 3839 1891 1229 3711
2048 1024 3839 2096 1243 3711
2303 1024 3839 2306 1261 3712
2559 1024 3839 2521 1281 3712
2815 1024 3839 2739 1304 3713
3071 1024 3839 2959 1329 3714
3327 1024 3839 3180 1358 3716
3583 1024 3839 3405 1384 3723
3839 1024 3839 3635 1408 3733
4095 1024 3839 3948 1307 3823
0 1280 3839 930 1387 3824
256 1280 3839 957 1388 3818
512 1280 3839 1058 1392 3788
768 1280 3839 1209 1400 3737
1024 1280 3839 1366 1408 3711
1280 1280 3839 1530 1414 3711
1536 1280 3839 1712 1422 3712
1792 1280 3839 1906 1433 3712
2048 1280 3839 2110 1445 3713
2303 1280 3839 2318 1460 3713
2559 1280 3839 2532 1477 3714
2815 1280 3839 2748 1496 3715
3071 1280 3839 2967 1518 3715
3327 1280 3839 3187 1544 3716
3583 1280 3839 3407 1572 3718
3839 1280 3839 3631 1599 3723
4095 1280 3839 3952 1502 3823
0 1536 3839 967 1616 3821
256 1536 3839 985 1615 3822
512 1536 3839 1083 1618 3794
768 1536 3839 1234 1623 3747
1024 1536 3839 1395 1629 3713
1280 1536 3839 1556 1635 3713
1536 1536 3839 1734 1642 3713
1792 1536 3839 1926 1650 3714
2048 1536 3839 2127 1661 3714
2303 1536 3839 2334 1673 3715
2559 1536 3839 2545 1688 3716
2815 1536 3839 2760 1705 3716
3071 1536 3839 2978 1724 3717
3327 1536 3839 3196 1746 3718
3583 1536 3839 3415 1771 3720
3839 1536 3839 3636 1796 3724
4095 1536 3839 3957 1712 3824
0 1792 3839 1005 1850 3819
256 1792 3839 1018 1850 3825
512 1792 3839 1113 1851 3801
768 1792 3839 1262 1854 3758
1024 1792 3839 1431 1858 3715
1280 1792 3839 1587 1863 3715
1536 1792 3839 1762 1869 3716
1792 1792 3839 1950 1876 3716
2048 1792 3839 2148 1885 3717
2303 1792 3839 2353 1896 3717
2559 1792 3839 2562 1909 3718
2815 1792 3839 2776 1924 3719
3071 1792 3839 2991 1940 3720
3327 1792 3839 3208 1960 3721
3583 1792 3839 3425 1982 3722
3839 1792 3839 3643 2007 3724
4095 1792 3839 3964 1933 3825
0 2048 3839 1039 2088 3826
256 2048 3839 1062 2088 3824
512 2048 3839 1153 2089 3803
768 2048 3839 1298 2090 3766
1024 2048 3839 1467 2092 3724
1280 2048 3839 1624 2096 3718
1536 2048 3839 1795 2101 3718
1792 2048 3839 1980 2108 3719
2048 2048 3839 2174 2116 3719
2303 2048 3839 2376 2125 3720
2559 2048 3839 2583 2136 3721
2815 2048 3839 2794 2149 3722
3071 2048 3839 3007 2165 3723
3327 2048 3839 3222 2182 3724
3583 2048 3839 3438 2202 3726
3839 2048 3839 3653 2225 3728
4095 2048 3839 3972 2161 3826
0 2303 3839 1094 2326 3817
256 2303 3839 1100 2329 3829
512 2303 3839 1189 2329 3811
768 2303 3839 1331 2328 3780
1024 2303 3839 1505 2329 3737
1280 2303 3839 1668 2332 3721
1536 2303 3839 1834 2336 3722
1792 2303 3839 2014 2342 3722
2048 2303 3839 2205 2349 3723
2303 2303 3839 2403 2358 3723
2559 2303 3839 2607 2368 3724
2815 2303 3839 2816 2379 3725
3071 2303 3839 3027 2393 3727
3327 2303 3839 3239 2409 3728
3583 2303 3839 3452 2427 3730
3839 2303 3839 3667 2447 3734
4095 2303 3839 3981 2393 3827
0 2559 3839 1140 2570 3821
256 2559 3839 1150 2573 3830
512 2559 3839 1234 2572 3815
768 2559 3839 1371 2571 3790
1024 2559 3839 1543 2570 3754
1280 2559 3839 1719 2570 3725
1536 2559 3839 1880 2574 3726
1792 2559 3839 2055 2580 3726
2048 2559 3839 2242 2586 3727
2303 2559 3839 2436 2593 3728
2559 2559 3839 2637 2602 3729
2815 2559 3839 2842 2613 3730
3071 2559 3839 3050 2626 3732
3327 2559 3839 3260 2640 3734
3583 2559 3839 3470 2657 3736
3839 2559 3839 3682 2676 3740
4095 2559 3839 3992 2630 3828
0 2815 3839 1191 2814 3823
256 2815 3839 1202 2818 3831
512 2815 3839 1284 2817 3819
768 2815 3839 1417 2815 3798
1024 2815 3839 1585 2812 3769
1280 2815 3839 1771 2811 3737
1536 2815 3839 1934 2814 3731
1792 2815 3839 2104 2818 3731
2048 2815 3839 2285 2824 3732
2303 2815 3839 2475 2831 3733
2559 2815 3839 2672 2839 3735
2815 2815 3839 2873 2849 3736
3071 2815 3839 3078 2860 3738
3327 2815 3839 3285 2874 3741
3583 2815 3839 3492 2890 3743
3839 2815 3839 3699 2908 3747
4095 2815 3839 4004 2869 3830
0 3071 3839 1251 3056 3819
256 3071 3839 1256 3063 3831
512 3071 3839 1330 3063 3825
768 3071 3839 1459 3061 3809
1024 3071 3839 1625 3057 3786
1280 3071 3839 1813 3054 3759
1536 3071 3839 1997 3053 3738
1792 3071 3839 2162 3057 3738
2048 3071 3839 2338 3062 3739
2303 3071 3839 2523 3069 3741
2559 3071 3839 2715 3076 3742
2815 3071 3839 2912 3085 3744
3071 3071 3839 3113 3096 3747
3327 3071 3839 3315 3109 3750
3583 3071 3839 3518 3124 3754
3839 3071 3839 3722 3141 3759
4095 3071 3839 4016 3111 3831
0 3327 3839 1302 3307 3829
256 3327 3839 1314 3312 3835
512 3327 3839 1388 3310 3828
768 3327 3839 1511 3307 3816
1024 3327 3839 1672 3303 3800
1280 3327 3839 1855 3299 3780
1536 3327 3839 2051 3295 3758
1792 3327 3839 2232 3296 3747
2048 3327 3839 2402 3300 3749
2303 3327 3839 2581 3306 3751
2559 3327 3839 2768 3313 3753
2815 3327 3839 2960 3322 3756
3071 3327 3839 3155 3332 3760
3327 3327 3839 3353 3344 3765
3583 3327 3839 3552 3358 3771
3839 3327 3839 3753 3374 3779
4095 3327 3839 4031 3354 3834
0 3583 3839 1367 3548 3824
256 3583 3839 1371 3559 3837
512 3583 3839 1442 3558 3833
768 3583 3839 1561 3555 3825
1024 3583 3839 1719 3550 3813
1280 3583 3839 1901 3545 3799
1536 3583 3839 2096 3540 3784
1792 3583 3839 2294 3537 3770
2048 3583 3839 2481 3537 3763
2303 3583 3839 2653 3542 3766
2559 3583 3839 2832 3549 3770
2815 3583 3839 3018 3557 3775
3071 3583 3839 3207 3567 3781
3327 3583 3839 3399 3578 3790
3583 3583 3839 3594 3591 3802
3839 3583 3839 3804 3600 3820
4095 3583 3839 4047 3599 3836
0 3839 3839 1428 3796 3827
256 3839 3839 1433 3807 3839
512 3839 3839 1499 3806 3837
768 3839 3839 1614 3803 3832
1024 3839 3839 1766 3798 3825
1280 3839 3839 1944 3793 3817
1536 3839 3839 2139 3787 3808
1792 3839 3839 2339 3782 3800
2048 3839 3839 2536 3779 3794
2303 3839 3839 2722 3780 3794
2559 3839 3839 2889 3788 3800
2815 3839 3839 3050 3800 3812
3071 3839 3839 3205 3817 3828
3327 3839 3839 3388 3830 3839
3583 3839 3839 3612 3834 3839
3839 3839 3839 3838 3838 3839
4095 3839 3839 4064 3844 3840
0 4095 3839 1497 4034 3821
256 4095 3839 1509 4035 3822
512 4095 3839 1549 4039 3826
768 4095 3839 1621 4046 3832
1024 4095 3839 1724 4057 3841
1280 4095 3839 1859 4059 3842
1536 4095 3839 2014 4060 3842
1792 4095 3839 2186 4062 3842
2048 4095 3839 2371 4064 3842
2303 4095 3839 2566 4066 3842
2559 4095 3839 2768 4068 3842
2815 4095 3839 2978 4071 3842
3071 4095 3839 3193 4074 3842
3327 4095 3839 3412 4077 3842
3583 4095 3839 3634 4081 3842
3839 4095 3839 3858 4085 3842
4095 4095 3839 4084 4089 3841
0 0 4095 980 731 4038
256 0 4095 989 726 4046
512 0 4095 1020 707 4075
768 0 4095 1168 730 4051
1024 0 4095 1314 732 4056
1280 0 4095 1488 736 4062
1536 0 4095 1678 738 4072
1792 0 4095 1892 767 4053
2048 0 4095 2104 777 4058
2303 0 4095 2323 797 4054
2559 0 4095 2546 815 4054
2815 0 4095 2774 830 4059
3071 0 4095 3002 854 4057
3327 0 4095 3232 878 4056
3583 0 4095 3465 901 4057
3839 0 4095 3697 929 4055
4095 0 4095 3921 970 4044
0 256 4095 965 754 4050
256 256 4095 974 749 4058
512 256 4095 1026 742 4072
768 256 4095 1150 748 4068
1024 256 4095 1302 751 4072
1280 256 4095 1480 756 4076
1536 256 4095 1677 765 4076
1792 256 4095 1888 782 4070
2048 256 4095 2103 794 4072
2303 256 4095 2324 814 4066
2559 256 4095 2549 829 4068
2815 256 4095 2776 849 4067
3071 256 4095 3006 871 4065
3327 256 4095 3238 891 4067
3583 256 4095 3469 918 4063
3839 256 4095 3705 940 4065
4095 256 4095 3923 988 4046
0 512 4095 963 852 4056
256 512 4095 971 848 4065
512 512 4095 1022 841 4080
768 512 4095 1143 844 4079
1024 512 4095 1300 849 4080
1280 512 4095 1481 855 4079
1536 512 4095 1679 863 4079
1792 512 4095 1888 873 4079
2048 512 4095 2105 884 4079
2303 512 4095 2326 897 4079
2559 512 4095 2553 912 4079
2815 512 4095 2782 928 4079
3071 512 4095 3013 946 4078
3327 512 4095 3245 968 4076
3583 512 4095 3481 985 4079
3839 512 4095 3713 1011 4074
4095 512 4095 3933 1053 4056
0 768 4095 974 1009 4056
256 768 4095 986 1007 4062
512 768 4095 1037 1001 4077
768 768 4095 1153 1003 4080
1024 768 4095 1308 1007 4080
1280 768 4095 1488 1012 4080
1536 768 4095 1685 1018 4080
1792 768 4095 1893 1026 4080
2048 768 4095 2109 1036 4080
2303 768 4095 2330 1047 4080
2559 768 4095 2556 1059 4079
2815 768 4095 2785 1072 4079
3071 768 4095 3016 1087 4079
3327 768 4095 3249 1103 4079
3583 768 4095 3483 1121 4079
3839 768 4095 3719 1139 4079
4095 768 4095 3935 1179 4056
0 1024 4095 995 1200 4053
256 1024 4095 1007 1199 4059
512 1024 4095 1056 1195 4074
768 1024 4095 1167 1196 4080
1024 1024 4095 1320 1199 4080
1280 1024 4095 1499 1203 4080
1536 1024 4095 1694 1208 4080
1792 1024 4095 1901 1215 4080
2048 1024 4095 2116 1222 4080
2303 1024 4095 2336 1231 4080
2559 1024 4095 2562 1241 4080
2815 1024 4095 2790 1252 4080
3071 1024 4095 3021 1265 4080
3327 1024 4095 3253 1278 4079
3583 1024 4095 3487 1293 4079
3839 1024 4095 3722 1308 4079
4095 1024 4095 3938 1340 4056
0 1280 4095 1012 1410 4057
256 1280 4095 1022 1409 4064
512 1280 4095 1070 1406 4081
768 1280 4095 1185 1408 4081
1024 1280 4095 1336 1411 4081
1280 1280 4095 1512 1414 4081
1536 1280 4095 1706 1419 4081
1792 1280 4095 1912 1424 4080
2048 1280 4095 2126 1430 4080
2303 1280 4095 2345 1438 4080
2559 1280 4095 2569 1446 4080
2815 1280 4095 2796 1455 4080
3071 1280 4095 3027 1466 4080
3327 1280 4095 3259 1477 4080
3583 1280 4095 3492 1489 4080
3839 1280 4095 3727 1503 4080
4095 1280 4095 3944 1526 4058
0 1536 4095 1038 1632 4059
256 1536 4095 1046 1632 4067
512 1536 4095 1098 1631 4080
768 1536 4095 1209 1633 4081
1024 1536 4095 1357 1635 4081
1280 1536 4095 1530 1638 4081
1536 1536 4095 1721 1642 4081
1792 1536 4095 1925 1646 4081
2048 1536 4095 2137 1651 4081
2303 1536 4095 2355 1658 4081
2559 1536 4095 2578 1665 4081
2815 1536 4095 2805 1672 4081
3071 1536 4095 3034 1681 4081
3327 1536 4095 3266 1691 4081
3583 1536 4095 3499 1701 4081
3839 1536 4095 3733 1713 4080
4095 1536 4095 3954 1729 4065
0 1792 4095 1073 1863 4057
256 1792 4095 1083 1863 4063
512 1792 4095 1130 1863 4079
768 1792 4095 1236 1865 4082
1024 1792 4095 1381 1867 4082
1280 1792 4095 1551 1869 4082
1536 1792 4095 1739 1872 4082
1792 1792 4095 1941 1876 4082
2048 1792 4095 2151 1881 4082
2303 1792 4095 2367 1886 4082
2559 1792 4095 2589 1892 4082
2815 1792 4095 2815 1899 4082
3071 1792 4095 3044 1906 4082
3327 1792 4095 3274 1914 4081
3583 1792 4095 3506 1923 4081
3839 1792 4095 3740 1933 4081
4095 1792 4095 3970 1944 4075
0 2048 4095 1106 2097 4061
256 2048 4095 1117 2098 4067
512 2048 4095 1165 2100 4081
768 2048 4095 1268 2102 4083
1024 2048 4095 1409 2103 4083
1280 2048 4095 1575 2105 4083
1536 2048 4095 1761 2108 4083
1792 2048 4095 1959 2111 4083
2048 2048 4095 2168 2115 4083
2303 2048 4095 2382 2120 4083
2559 2048 4095 2603 2125 4083
2815 2048 4095 2827 2131 4083
3071 2048 4095 3054 2138 4083
3327 2048 4095 3284 2145 4082
3583 2048 4095 3516 2153 4082
3839 2048 4095 3749 2161 4082
4095 2048 4095 3977 2170 4076
0 2303 4095 1149 2334 4060
256 2303 4095 1159 2336 4067
512 2303 4095 1205 2339 4081
768 2303 4095 1304 2341 4084
1024 2303 4095 1440 2342 4084
1280 2303 4095 1603 2344 4084
1536 2303 4095 1785 2346 4084
1792 2303 4095 1981 2349 4084
2048 2303 4095 2187 2353 4084
2303 2303 4095 2399 2357 4084
2559 2303 4095 2618 2362 4084
2815 2303 4095 2841 2367 4084
3071 2303 4095 3067 2372 4084
3327 2303 4095 3296 2379 4083
3583 2303 4095 3526 2386 4083
3839 2303 4095 3759 2393 4083
4095 2303 4095 3981 2399 4070
0 2559 4095 1188 2577 4068
256 2559 4095 1195 2580 4078
512 2559 4095 1246 2582 4085
768 2559 4095 1344 2583 4085
1024 2559 4095 1476 2585 4085
1280 2559 4095 1634 2586 4085
1536 2559 4095 1813 2588 4085
1792 2559 4095 2005 2591 4085
2048 2559 4095 2208 2594 4085
2303 2559 4095 2419 2598 4085
2559 2559 4095 2635 2602 4085
2815 2559 4095 2857 2606 4085
3071 2559 4095 3082 2611 4085
3327 2559 4095 3309 2617 4085
3583 2559 4095 3539 2623 4085
3839 2559 4095 3770 2630 4084
4095 2559 4095 3991 2634 4071
0 2815 4095 1237 2819 4070
256 2815 4095 1248 2822 4075
512 2815 4095 1295 2826 4084
768 2815 4095 1387 2827 4087
1024 2815 4095 1514 2829 4087
1280 2815 4095 1669 2830 4087
1536 2815 4095 1843 2832 4087
1792 2815 4095 2032 2834 4087
2048 2815 4095 2232 2837 4086
2303 2815 4095 2440 2840 4086
2559 2815 4095 2655 2844 4086
2815 2815 4095 2874 2848 4086
3071 2815 4095 3098 2853 4086
3327 2815 4095 3324 2858 4086
3583 2815 4095 3552 2863 4086
3839 2815 4095 3783 2870 4086
4095 2815 4095 4008 2873 4078
0 3071 4095 1298 3058 4061
256 3071 4095 1308 3061 4067
512 3071 4095 1348 3068 4081
768 3071 4095 1433 3073 4088
1024 3071 4095 1556 3074 4088
1280 3071 4095 1706 3075 4088
1536 3071 4095 1876 3077 4088
1792 3071 4095 2062 3079 4088
2048 3071 4095 2259 3082 4088
2303 3071 4095 2464 3085 4088
2559 3071 4095 2676 3088 4088
2815 3071 4095 2894 3092 4088
3071 3071 4095 3116 3096 4088
3327 3071 4095 3340 3101 4088
3583 3071 4095 3568 3106 4087
3839 3071 4095 3797 3111 4087
4095 3071 4095 4027 3117 4087
0 3327 4095 1339 3313 4081
256 3327 4095 1347 3318 4090
512 3327 4095 1396 3319 4090
768 3327 4095 1482 3319 4090
1024 3327 4095 1601 3320 4090
1280 3327 4095 1746 3322 4090
1536 3327 4095 1912 3323 4090
1792 3327 4095 2094 3325 4090
2048 3327 4095 2288 3327 4090
2303 3327 4095 2490 3330 4090
2559 3327 4095 2700 3333 4090
2815 3327 4095 2916 3337 4089
3071 3327 4095 3135 3340 4089
3327 3327 4095 3358 3345 4089
3583 3327 4095 3584 3349 4089
3839 3327 4095 3812 3354 4089
4095 3327 4095 4037 3356 4084
0 3583 4095 1404 3552 4073
256 3583 4095 1415 3554 4076
512 3583 4095 1456 3560 4084
768 3583 4095 1535 3565 4090
1024 3583 4095 1648 3567 4092
1280 3583 4095 1789 3569 4092
1536 3583 4095 1951 3570 4092
1792 3583 4095 2128 3572 4092
2048 3583 4095 2319 3574 4091
2303 3583 4095 2518 3576 4091
2559 3583 4095 2726 3579 4091
2815 3583 4095 2939 3582 4091
3071 3583 4095 3157 3586 4091
3327 3583 4095 3378 3590 4091
3583 3583 4095 3603 3594 4091
3839 3583 4095 3829 3599 4091
4095 3583 4095 4054 3601 4087
0 3839 4095 1470 3789 4064
256 3839 4095 1480 3792 4068
512 3839 4095 1517 3802 4080
768 3839 4095 1588 3814 4093
1024 3839 4095 1698 3815 4094
1280 3839 4095 1834 3816 4094
1536 3839 4095 1992 3818 4093
1792 3839 4095 2166 3819 4093
2048 3839 4095 2352 3821 4093
2303 3839 4095 2549 3823 4093
2559 3839 4095 2753 3826 4093
2815 3839 4095 2964 3829 4093
3071 3839 4095 3180 3832 4093
3327 3839 4095 3400 3836 4093
3583 3839 4095 3622 3840 4093
3839 3839 4095 3848 3844 4093
4095 3839 4095 4074 3848 4092
0 4095 4095 1514 4060 4094
256 4095 4095 1526 4061 4095
512 4095 4095 1569 4061 4095
768 4095 4095 1645 4061 4094
1024 4095 4095 1751 4060 4092
1280 4095 4095 1882 4060 4091
1536 4095 4095 2035 4060 4090
1792 4095 4095 2204 4062 4091
2048 4095 4095 2387 4066 4093
2303 4095 4095 2580 4069 4093
2559 4095 4095 2781 4070 4092
2815 4095 4095 2990 4073 4093
3071 4095 4095 3204 4079 4095
3327 4095 4095 3421 4081 4093
3583 4095 4095 3643 4085 4094
3839 4095 4095 3867 4090 4095
4095 4095 4095 4094 4094 4095
