0 0 0 0 0 0
256 0 0 243 44 17
512 0 0 489 108 73
768 0 0 734 150 98
1024 0 0 978 183 104
1280 0 0 1218 212 62
1536 0 0 1461 258 75
1792 0 0 1703 293 39
2048 0 0 1945 338 54
2303 0 0 2187 378 34
2559 0 0 2429 425 53
2815 0 0 2671 460 0
3071 0 0 2913 503 0
3327 0 0 3150 562 63
3583 0 0 3401 571 0
3839 0 0 3629 649 41
4095 0 0 3865 699 55
0 256 0 79 250 33
256 256 0 252 252 29
512 256 0 490 259 28
768 256 0 731 272 23
1024 256 0 974 290 15
1280 256 0 1217 312 0
1536 256 0 1459 339 0
1792 256 0 1702 367 0
2048 256 0 1945 398 0
2303 256 0 2187 431 0
2559 256 0 2430 467 0
2815 256 0 2672 506 0
3071 256 0 2916 536 0
3327 256 0 3156 583 0
3583 256 0 3401 613 0
3839 256 0 3636 668 0
4095 256 0 3872 718 0
0 512 0 207 511 150
256 512 0 283 501 70
512 512 0 505 504 69
768 512 0 741 510 63
1024 512 0 980 518 53
1280 512 0 1222 530 52
1536 512 0 1463 544 40
1792 512 0 1705 560 19
2048 512 0 1948 580 0
2303 512 0 2190 601 0
2559 512 0 2432 624 0
2815 512 0 2675 650 0
3071 512 0 2918 676 0
3327 512 0 3161 704 0
3583 512 0 3404 734 0
3839 512 0 3646 765 0
4095 512 0 3866 833 80
0 768 0 260 762 167
256 768 0 328 750 95
512 768 0 529 751 91
768 768 0 756 755 91
1024 768 0 991 760 85
1280 768 0 1230 767 81
1536 768 0 1470 777 77
1792 768 0 1711 788 74
2048 768 0 1953 801 64
2303 768 0 2194 815 56
2559 768 0 2436 832 44
2815 768 0 2679 850 0
3071 768 0 2921 869 0
3327 768 0 3163 890 0
3583 768 0 3406 913 0
3839 768 0 3649 937 0
4095 768 0 3870 987 94
0 1024 0 326 1005 160
256 1024 0 387 1000 132
512 1024 0 565 1001 130
768 1024 0 780 1004 128
1024 1024 0 1009 1007 121
1280 1024 0 1244 1012 121
1536 1024 0 1481 1018 114
1792 1024 0 1720 1026 108
2048 1024 0 1960 1036 109
2303 1024 0 2200 1046 99
2559 1024 0 2442 1058 91
2815 1024 0 2684 1072 83
3071 1024 0 2925 1087 76
3327 1024 0 3168 1103 58
3583 1024 0 3410 1121 39
3839 1024 0 3652 1140 0
4095 1024 0 3881 1171 95
0 1280 0 400 1251 171
256 1280 0 450 1248 153
512 1280 0 606 1249 152
768 1280 0 809 1251 151
1024 1280 0 1030 1254 148
1280 1280 0 1260 1258 147
1536 1280 0 1494 1263 143
1792 1280 0 1732 1269 140
2048 1280 0 1970 1277 139
2303 1280 0 2209 1285 133
2559 1280 0 2449 1294 128
2815 1280 0 2690 1305 123
3071 1280 0 2932 1317 117
3327 1280 0 3173 1330 110
3583 1280 0 3415 1344 102
3839 1280 0 3657 1359 91
4095 1280 0 3879 1386 148
0 1536 0 476 1498 190
256 1536 0 520 1498 185
512 1536 0 657 1499 184
768 1536 0 846 1500 183
1024 1536 0 1058 1502 180
1280 1536 0 1282 1506 179
1536 1536 0 1512 1510 176
1792 1536 0 1746 1514 172
2048 1536 0 1983 1521 173
2303 1536 0 2220 1527 166
2559 1536 0 2459 1535 162
2815 1536 0 2699 1544 160
3071 1536 0 2939 1553 154
3327 1536 0 3180 1564 149
3583 1536 0 3422 1575 143
3839 1536 0 3663 1588 137
4095 1536 0 3889 1606 167
0 1792 0 564 1748 230
256 1792 0 592 1747 215
512 1792 0 713 1748 214
768 1792 0 888 1749 214
1024 1792 0 1090 1751 212
1280 1792 0 1308 1754 211
1536 1792 0 1533 1757 208
1792 1792 0 1764 1761 205
2048 1792 0 1998 1766 205
2303 1792 0 2233 1772 199
2559 1792 0 2470 1778 197
2815 1792 0 2709 1785 194
3071 1792 0 2949 1793 188
3327 1792 0 3188 1802 187
3583 1792 0 3430 1812 179
3839 1792 0 3670 1823 174
4095 1792 0 3888 1837 212
0 2048 0 625 1996 237
256 2048 0 659 1996 237
512 2048 0 769 1996 237
768 2048 0 931 1998 236
1024 2048 0 1125 1999 236
1280 2048 0 1336 2002 235
1536 2048 0 1557 2005 233
1792 2048 0 1784 2008 232
2048 2048 0 2016 2012 230
2303 2048 0 2249 2017 229
2559 2048 0 2485 2023 226
2815 2048 0 2722 2029 224
3071 2048 0 2960 2036 221
3327 2048 0 3199 2044 217
3583 2048 0 3439 2052 214
3839 2048 0 3679 2061 210
4095 2048 0 3897 2070 238
0 2303 0 702 2244 266
256 2303 0 732 2244 266
512 2303 0 830 2245 266
768 2303 0 981 2246 266
1024 2303 0 1165 2247 265
1280 2303 0 1369 2249 265
1536 2303 0 1585 2252 264
1792 2303 0 1808 2255 263
2048 2303 0 2036 2259 261
2303 2303 0 2267 2263 261
2559 2303 0 2501 2268 259
2815 2303 0 2736 2273 256
3071 2303 0 2973 2279 255
3327 2303 0 3211 2286 251
3583 2303 0 3449 2294 249
3839 2303 0 3688 2302 246
4095 2303 0 3905 2305 273
0 2559 0 780 2494 296
256 2559 0 807 2494 296
512 2559 0 895 2494 296
768 2559 0 1035 2495 295
1024 2559 0 1210 2496 295
1280 2559 0 1406 2498 294
1536 2559 0 1616 2500 294
1792 2559 0 1835 2503 293
2048 2559 0 2059 2506 291
2303 2559 0 2287 2510 291
2559 2559 0 2519 2514 289
2815 2559 0 2752 2519 287
3071 2559 0 2988 2525 285
3327 2559 0 3224 2531 282
3583 2559 0 3462 2537 281
3839 2559 0 3700 2544 277
4095 2559 0 3935 2550 278
0 2815 0 858 2743 325
256 2815 0 882 2743 325
512 2815 0 962 2744 325
768 2815 0 1092 2744 325
1024 2815 0 1257 2746 325
1280 2815 0 1446 2747 324
1536 2815 0 1650 2749 323
1792 2815 0 1864 2752 323
2048 2815 0 2085 2755 321
2303 2815 0 2310 2758 320
2559 2815 0 2539 2762 319
2815 2815 0 2771 2766 317
3071 2815 0 3004 2771 316
3327 2815 0 3239 2776 313
3583 2815 0 3476 2782 311
3839 2815 0 3713 2788 309
4095 2815 0 3930 2784 335
0 3071 0 936 2993 355
256 3071 0 958 2993 355
512 3071 0 1031 2993 355
768 3071 0 1152 2994 355
1024 3071 0 1308 2995 354
1280 3071 0 1489 2996 354
1536 3071 0 1687 2998 353
1792 3071 0 1896 3000 353
2048 3071 0 2113 3003 351
2303 3071 0 2335 3006 351
2559 3071 0 2561 3009 349
2815 3071 0 2791 3013 348
3071 3071 0 3023 3018 347
3327 3071 0 3256 3022 344
3583 3071 0 3491 3028 343
3839 3071 0 3727 3033 341
4095 3071 0 3941 3024 369
0 3327 0 1014 3242 385
256 3327 0 1034 3242 385
512 3327 0 1102 3242 385
768 3327 0 1214 3243 384
1024 3327 0 1362 3244 384
1280 3327 0 1535 3245 383
1536 3327 0 1727 3247 383
1792 3327 0 1931 3249 382
2048 3327 0 2144 3251 381
2303 3327 0 2362 3254 380
2559 3327 0 2586 3257 379
2815 3327 0 2813 3261 378
3071 3327 0 3043 3265 376
3327 3327 0 3274 3269 374
3583 3327 0 3508 3274 373
3839 3327 0 3743 3279 371
4095 3327 0 3946 3260 412
0 3583 0 1093 3491 414
256 3583 0 1111 3492 414
512 3583 0 1173 3492 414
768 3583 0 1278 3492 414
1024 3583 0 1418 3493 414
1280 3583 0 1584 3495 413
1536 3583 0 1769 3496 413
1792 3583 0 1968 3498 412
2048 3583 0 2177 3500 411
2303 3583 0 2391 3503 410
2559 3583 0 2612 3505 409
2815 3583 0 2837 3509 408
3071 3583 0 3064 3512 407
3327 3583 0 3294 3516 405
3583 3583 0 3526 3521 404
3839 3583 0 3760 3525 402
4095 3583 0 3964 3504 440
0 3839 0 1171 3741 444
256 3839 0 1187 3741 444
512 3839 0 1245 3741 444
768 3839 0 1343 3742 444
1024 3839 0 1476 3743 443
1280 3839 0 1635 3744 443
1536 3839 0 1814 3745 442
1792 3839 0 2008 3747 442
2048 3839 0 2212 3749 441
2303 3839 0 2423 3751 440
2559 3839 0 2640 3754 439
2815 3839 0 2862 3757 438
3071 3839 0 3088 3760 437
3327 3839 0 3316 3764 435
3583 3839 0 3546 3768 434
3839 3839 0 3778 3772 433
4095 3839 0 3999 3764 448
0 4095 0 1275 3962 508
256 4095 0 1290 3962 508
512 4095 0 1340 3964 505
768 4095 0 1414 3986 479
1024 4095 0 1543 3979 488
1280 4095 0 1700 3967 504
1536 4095 0 1865 3984 484
1792 4095 0 2054 3971 501
2048 4095 0 2249 3990 480
2303 4095 0 2454 3975 499
2559 4095 0 2665 3975 501
2815 4095 0 2882 3981 496
3071 4095 0 3103 3985 493
3327 4095 0 3326 3987 494
3583 4095 0 3549 3987 497
3839 4095 0 3775 3989 497
4095 4095 0 3981 3968 524
0 0 256 57 45 246
256 0 256 247 57 246
512 0 256 491 114 253
768 0 256 736 156 262
1024 0 256 976 176 253
1280 0 256 1216 206 244
1536 0 256 1459 247 243
1792 0 256 1702 287 241
2048 0 256 1945 327 240
2303 0 256 2187 367 238
2559 0 256 2430 408 236
2815 0 256 2673 448 233
3071 0 256 2916 489 231
3327 0 256 3159 529 227
3583 0 256 3402 570 224
3839 0 256 3645 610 220
4095 0 256 3871 689 241
0 256 256 93 252 247
256 256 256 256 254 247
512 256 256 471 274 261
768 256 256 703 302 274
1024 256 256 949 324 278
1280 256 256 1195 348 277
1536 256 256 1441 373 273
1792 256 256 1687 399 269
2048 256 256 1932 428 264
2303 256 256 2176 458 260
2559 256 256 2420 490 256
2815 256 256 2664 523 252
3071 256 256 2908 558 248
3327 256 256 3152 593 243
3583 256 256 3396 628 239
3839 256 256 3639 665 234
4095 256 256 3881 702 229
0 512 256 212 512 280
256 512 256 307 495 277
512 512 256 505 503 287
768 512 256 728 515 290
1024 512 256 961 531 292
1280 512 256 1199 549 293
1536 512 256 1439 569 294
1792 512 256 1680 592 294
2048 512 256 1922 616 293
2303 512 256 2163 642 292
2559 512 256 2405 670 291
2815 512 256 2647 700 289
3071 512 256 2890 729 287
3327 512 256 3135 757 281
3583 512 256 3377 790 279
3839 512 256 3624 813 267
4095 512 256 3890 796 221
0 768 256 264 763 288
256 768 256 354 745 294
512 768 256 541 748 299
768 768 256 757 754 299
1024 768 256 985 763 300
1280 768 256 1218 774 300
1536 768 256 1454 788 300
1792 768 256 1692 804 300
2048 768 256 1932 821 299
2303 768 256 2171 840 298
2559 768 256 2412 861 297
2815 768 256 2653 883 295
3071 768 256 2894 907 294
3327 768 256 3136 932 292
3583 768 256 3378 958 290
3839 768 256 3620 986 287
4095 768 256 3891 963 231
0 1024 256 329 1005 284
256 1024 256 413 995 302
512 1024 256 582 996 307
768 1024 256 788 1000 308
1024 1024 256 1010 1005 308
1280 1024 256 1239 1013 308
1536 1024 256 1472 1022 308
1792 1024 256 1708 1034 308
2048 1024 256 1945 1046 306
2303 1024 256 2183 1061 306
2559 1024 256 2422 1077 305
2815 1024 256 2662 1094 303
3071 1024 256 2902 1113 302
3327 1024 256 3143 1132 300
3583 1024 256 3384 1154 298
3839 1024 256 3625 1176 296
4095 1024 256 3894 1160 241
0 1280 256 393 1248 280
256 1280 256 474 1245 307
512 1280 256 630 1245 320
768 1280 256 824 1247 320
1024 1280 256 1038 1251 320
1280 1280 256 1263 1257 319
1536 1280 256 1492 1264 319
1792 1280 256 1725 1272 319
2048 1280 256 1961 1282 317
2303 1280 256 2196 1293 317
2559 1280 256 2434 1305 316
2815 1280 256 2673 1319 314
3071 1280 256 2912 1334 313
3327 1280 256 3152 1350 311
3583 1280 256 3392 1367 309
3839 1280 256 3633 1386 307
4095 1280 256 3897 1377 258
0 1536 256 474 1498 298
256 1536 256 538 1495 315
512 1536 256 685 1494 333
768 1536 256 865 1496 332
1024 1536 256 1070 1499 333
1280 1536 256 1289 1503 332
1536 1536 256 1515 1508 332
1792 1536 256 1745 1515 331
2048 1536 256 1978 1522 330
2303 1536 256 2212 1531 330
2559 1536 256 2448 1541 329
2815 1536 256 2686 1552 327
3071 1536 256 2924 1565 326
3327 1536 256 3163 1578 324
3583 1536 256 3402 1592 322
3839 1536 256 3642 1608 320
4095 1536 256 3905 1602 272
0 1792 256 550 1747 313
256 1792 256 606 1745 328
512 1792 256 743 1743 347
768 1792 256 910 1744 347
1024 1792 256 1107 1747 347
1280 1792 256 1319 1750 347
1536 1792 256 1540 1754 347
1792 1792 256 1767 1759 346
2048 1792 256 1998 1766 345
2303 1792 256 2230 1773 345
2559 1792 256 2464 1781 344
2815 1792 256 2701 1790 342
3071 1792 256 2937 1801 342
3327 1792 256 3175 1812 339
3583 1792 256 3414 1824 338
3839 1792 256 3652 1837 336
4095 1792 256 3908 1835 294
0 2048 256 627 1996 332
256 2048 256 676 1994 345
512 2048 256 806 1992 369
768 2048 256 960 1993 369
1024 2048 256 1147 1995 369
1280 2048 256 1352 1998 368
1536 2048 256 1569 2001 368
1792 2048 256 1792 2006 368
2048 2048 256 2019 2011 367
2303 2048 256 2249 2017 366
2559 2048 256 2482 2024 365
2815 2048 256 2717 2032 364
3071 2048 256 2952 2040 362
3327 2048 256 3189 2050 361
3583 2048 256 3427 2060 359
3839 2048 256 3665 2071 358
4095 2048 256 3917 2071 314
0 2303 256 705 2244 353
256 2303 256 748 2243 364
512 2303 256 866 2241 387
768 2303 256 1010 2242 387
1024 2303 256 1188 2244 387
1280 2303 256 1386 2246 387
1536 2303 256 1598 2249 386
1792 2303 256 1818 2252 386
2048 2303 256 2042 2257 385
2303 2303 256 2270 2262 385
2559 2303 256 2501 2267 384
2815 2303 256 2734 2274 382
3071 2303 256 2969 2281 382
3327 2303 256 3205 2289 380
3583 2303 256 3442 2298 379
3839 2303 256 3679 2307 378
4095 2303 256 3923 2309 339
0 2559 256 782 2494 374
256 2559 256 821 2493 385
512 2559 256 929 2491 407
768 2559 256 1063 2492 407
1024 2559 256 1232 2493 406
1280 2559 256 1424 2495 406
1536 2559 256 1630 2497 406
1792 2559 256 1845 2500 405
2048 2559 256 2067 2504 404
2303 2559 256 2292 2508 404
2559 2559 256 2522 2513 403
2815 2559 256 2753 2519 401
3071 2559 256 2987 2525 401
3327 2559 256 3221 2532 399
3583 2559 256 3457 2539 398
3839 2559 256 3694 2547 396
4095 2559 256 3939 2552 358
0 2815 256 860 2743 396
256 2815 256 895 2742 407
512 2815 256 993 2740 427
768 2815 256 1119 2741 427
1024 2815 256 1279 2742 427
1280 2815 256 1464 2744 427
1536 2815 256 1664 2746 426
1792 2815 256 1876 2749 426
2048 2815 256 2094 2752 425
2303 2815 256 2316 2756 424
2559 2815 256 2543 2760 423
2815 2815 256 2773 2765 422
3071 2815 256 3005 2770 421
3327 2815 256 3239 2776 420
3583 2815 256 3474 2783 418
3839 2815 256 3709 2790 417
4095 2815 256 3940 2789 393
0 3071 256 937 2993 420
256 3071 256 969 2992 430
512 3071 256 1060 2990 449
768 3071 256 1177 2991 449
1024 3071 256 1329 2992 449
1280 3071 256 1507 2993 448
1536 3071 256 1702 2995 448
1792 3071 256 1908 2998 447
2048 3071 256 2123 3001 447
2303 3071 256 2342 3004 446
2559 3071 256 2567 3008 445
2815 3071 256 2795 3012 444
3071 3071 256 3025 3017 444
3327 3071 256 3257 3022 442
3583 3071 256 3491 3028 441
3839 3071 256 3726 3034 439
4095 3071 256 3963 3038 407
0 3327 256 1015 3242 444
256 3327 256 1045 3241 454
512 3327 256 1128 3240 472
768 3327 256 1238 3240 472
1024 3327 256 1382 3241 471
1280 3327 256 1553 3243 471
1536 3327 256 1742 3244 471
1792 3327 256 1943 3247 470
2048 3327 256 2154 3249 469
2303 3327 256 2370 3252 469
2559 3327 256 2592 3255 468
2815 3327 256 2818 3259 467
3071 3327 256 3046 3263 466
3327 3327 256 3277 3268 464
3583 3327 256 3509 3273 463
3839 3327 256 3743 3279 462
4095 3327 256 3953 3265 461
0 3583 256 1093 3492 470
256 3583 256 1120 3491 478
512 3583 256 1198 3489 495
768 3583 256 1300 3490 495
1024 3583 256 1438 3491 495
1280 3583 256 1601 3492 494
1536 3583 256 1784 3494 494
1792 3583 256 1981 3496 494
2048 3583 256 2187 3498 493
2303 3583 256 2400 3501 492
2559 3583 256 2619 3504 492
2815 3583 256 2842 3507 490
3071 3583 256 3069 3511 490
3327 3583 256 3298 3515 488
3583 3583 256 3529 3520 487
3839 3583 256 3761 3525 486
4095 3583 256 3972 3510 484
0 3839 256 1171 3741 495
256 3839 256 1196 3740 504
512 3839 256 1268 3739 519
768 3839 256 1364 3740 519
1024 3839 256 1495 3740 519
1280 3839 256 1652 3742 519
1536 3839 256 1829 3743 518
1792 3839 256 2020 3745 518
2048 3839 256 2222 3747 517
2303 3839 256 2432 3749 517
2559 3839 256 2648 3752 516
2815 3839 256 2869 3755 515
3071 3839 256 3093 3759 514
3327 3839 256 3320 3763 513
3583 3839 256 3549 3767 512
3839 3839 256 3780 3771 511
4095 3839 256 4000 3765 498
0 4095 256 1276 3962 552
256 4095 256 1288 3965 549
512 4095 256 1334 3972 541
768 4095 256 1411 3991 522
1024 4095 256 1541 3984 530
1280 4095 256 1698 3974 542
1536 4095 256 1862 3993 522
1792 4095 256 2053 3978 539
2048 4095 256 2250 3992 525
2303 4095 256 2455 3983 536
2559 4095 256 2666 3982 539
2815 4095 256 2884 3986 536
3071 4095 256 3105 3990 534
3327 4095 256 3329 3992 535
3583 4095 256 3552 3992 537
3839 4095 256 3782 3998 534
4095 4095 256 3982 3968 567
0 0 512 194 183 509
256 0 512 261 96 488
512 0 512 497 132 495
768 0 512 739 162 497
1024 0 512 976 180 491
1280 0 512 1218 218 491
1536 0 512 1460 256 491
1792 0 512 1703 295 490
2048 0 512 1946 334 489
2303 0 512 2188 373 489
2559 0 512 2431 413 488
2815 0 512 2674 453 487
3071 0 512 2917 493 486
3327 0 512 3160 533 484
3583 0 512 3403 573 483
3839 0 512 3646 614 481
4095 0 512 3875 683 487
0 256 512 205 299 510
256 256 512 274 266 464
512 256 512 479 286 471
768 256 512 709 310 487
1024 256 512 952 332 496
1280 256 512 1198 354 499
1536 256 512 1443 378 500
1792 256 512 1688 404 499
2048 256 512 1933 433 498
2303 256 512 2177 463 497
2559 256 512 2421 494 495
2815 256 512 2665 527 494
3071 256 512 2909 561 492
3327 256 512 3153 596 490
3583 256 512 3396 632 489
3839 256 512 3640 668 487
4095 256 512 3886 694 481
0 512 512 288 539 533
256 512 512 310 502 492
512 512 512 512 508 494
768 512 512 745 513 494
1024 512 512 938 552 518
1280 512 512 1164 582 529
1536 512 512 1405 607 532
1792 512 512 1651 629 531
2048 512 512 1898 651 529
2303 512 512 2144 673 526
2559 512 512 2391 696 522
2815 512 512 2637 720 519
3071 512 512 2883 745 516
3327 512 512 3129 771 512
3583 512 512 3374 798 509
3839 512 512 3619 826 506
4095 512 512 3890 800 482
0 768 512 298 778 525
256 768 512 360 749 504
512 768 512 558 747 518
768 768 512 761 755 529
1024 768 512 971 771 543
1280 768 512 1187 793 554
1536 768 512 1409 820 564
1792 768 512 1636 849 572
2048 768 512 1868 880 578
2303 768 512 2107 906 576
2559 768 512 2352 929 571
2815 768 512 2598 951 565
3071 768 512 2846 973 559
3327 768 512 3093 995 553
3583 768 512 3340 1017 548
3839 768 512 3586 1041 542
4095 768 512 3892 965 485
0 1024 512 388 1030 540
256 1024 512 411 998 510
512 1024 512 625 989 553
768 1024 512 813 994 564
1024 1024 512 1014 1004 569
1280 1024 512 1226 1018 575
1536 1024 512 1445 1036 580
1792 1024 512 1669 1057 585
2048 1024 512 1896 1080 590
2303 1024 512 2125 1105 593
2559 1024 512 2358 1132 597
2815 1024 512 2591 1161 600
3071 1024 512 2826 1190 602
3327 1024 512 3063 1221 604
3583 1024 512 3304 1248 601
3839 1024 512 3555 1265 589
4095 1024 512 3895 1162 490
0 1280 512 424 1257 521
256 1280 512 476 1247 518
512 1280 512 674 1238 562
768 1280 512 867 1237 587
1024 1280 512 1061 1244 590
1280 1280 512 1268 1254 593
1536 1280 512 1483 1267 596
1792 1280 512 1704 1282 599
2048 1280 512 1928 1299 602
2303 1280 512 2155 1319 605
2559 1280 512 2385 1340 607
2815 1280 512 2616 1363 610
3071 1280 512 2849 1387 612
3327 1280 512 3083 1413 614
3583 1280 512 3318 1439 616
3839 1280 512 3561 1461 609
4095 1280 512 3899 1377 496
0 1536 512 504 1504 531
256 1536 512 536 1497 523
512 1536 512 723 1489 567
768 1536 512 922 1484 606
1024 1536 512 1108 1489 607
1280 1536 512 1310 1496 609
1536 1536 512 1521 1505 610
1792 1536 512 1739 1516 613
2048 1536 512 1961 1529 614
2303 1536 512 2186 1544 616
2559 1536 512 2414 1561 619
2815 1536 512 2644 1579 620
3071 1536 512 2875 1599 622
3327 1536 512 3107 1620 624
3583 1536 512 3341 1642 626
3839 1536 512 3578 1664 624
4095 1536 512 3905 1603 504
0 1792 512 568 1749 533
256 1792 512 607 1746 533
512 1792 512 775 1739 573
768 1792 512 976 1733 620
1024 1792 512 1154 1736 621
1280 1792 512 1351 1741 622
1536 1792 512 1559 1748 623
1792 1792 512 1774 1756 625
2048 1792 512 1994 1766 626
2303 1792 512 2217 1778 628
2559 1792 512 2443 1791 629
2815 1792 512 2672 1805 630
3071 1792 512 2902 1821 632
3327 1792 512 3133 1839 634
3583 1792 512 3366 1857 635
3839 1792 512 3600 1877 636
4095 1792 512 3911 1836 514
0 2048 512 639 1997 539
256 2048 512 678 1995 543
512 2048 512 830 1990 580
768 2048 512 1030 1982 634
1024 2048 512 1200 1985 634
1280 2048 512 1392 1989 635
1536 2048 512 1596 1994 635
1792 2048 512 1808 2000 636
2048 2048 512 2026 2008 637
2303 2048 512 2248 2017 638
2559 2048 512 2473 2027 638
2815 2048 512 2700 2039 639
3071 2048 512 2930 2051 640
3327 2048 512 3160 2066 641
3583 2048 512 3392 2081 642
3839 2048 512 3625 2097 643
4095 2048 512 3920 2072 525
0 2303 512 717 2244 552
256 2303 512 749 2244 554
512 2303 512 887 2239 588
768 2303 512 1080 2232 641
1024 2303 512 1246 2233 644
1280 2303 512 1431 2236 644
1536 2303 512 1632 2240 645
1792 2303 512 1841 2245 645
2048 2303 512 2057 2251 645
2303 2303 512 2277 2258 646
2559 2303 512 2501 2267 647
2815 2303 512 2728 2276 647
3071 2303 512 2956 2286 648
3327 2303 512 3187 2298 648
3583 2303 512 3418 2310 649
3839 2303 512 3651 2324 650
4095 2303 512 3929 2311 538
0 2559 512 790 2493 563
256 2559 512 822 2493 567
512 2559 512 949 2489 599
768 2559 512 1131 2482 649
1024 2559 512 1292 2483 655
1280 2559 512 1472 2486 655
1536 2559 512 1668 2489 655
1792 2559 512 1874 2493 655
2048 2559 512 2088 2498 655
2303 2559 512 2306 2503 655
2559 2559 512 2529 2510 655
2815 2559 512 2754 2518 656
3071 2559 512 2982 2526 656
3327 2559 512 3212 2536 656
3583 2559 512 3443 2546 656
3839 2559 512 3675 2557 656
4095 2559 512 3939 2553 552
0 2815 512 867 2742 577
256 2815 512 896 2743 581
512 2815 512 1012 2739 611
768 2815 512 1185 2733 659
1024 2815 512 1341 2733 666
1280 2815 512 1515 2735 666
1536 2815 512 1706 2738 666
1792 2815 512 1908 2741 666
2048 2815 512 2119 2745 666
2303 2815 512 2335 2750 666
2559 2815 512 2556 2756 666
2815 2815 512 2780 2762 666
3071 2815 512 3007 2769 666
3327 2815 512 3236 2777 666
3583 2815 512 3466 2786 665
3839 2815 512 3698 2795 665
4095 2815 512 3951 2796 567
0 3071 512 943 2992 592
256 3071 512 971 2992 596
512 3071 512 1077 2989 624
768 3071 512 1241 2983 671
1024 3071 512 1391 2983 679
1280 3071 512 1559 2985 679
1536 3071 512 1745 2987 679
1792 3071 512 1944 2990 678
2048 3071 512 2151 2993 678
2303 3071 512 2365 2998 678
2559 3071 512 2584 3002 678
2815 3071 512 2806 3008 678
3071 3071 512 3032 3014 678
3327 3071 512 3259 3021 677
3583 3071 512 3489 3028 677
3839 3071 512 3720 3036 677
4095 3071 512 3963 3041 592
0 3327 512 1020 3241 608
256 3327 512 1046 3242 613
512 3327 512 1144 3239 639
768 3327 512 1299 3233 683
1024 3327 512 1444 3233 692
1280 3327 512 1605 3235 692
1536 3327 512 1786 3237 692
1792 3327 512 1980 3239 692
2048 3327 512 2185 3242 692
2303 3327 512 2395 3246 691
2559 3327 512 2612 3250 691
2815 3327 512 2833 3254 691
3071 3327 512 3057 3260 690
3327 3327 512 3283 3266 690
3583 3327 512 3512 3272 689
3839 3327 512 3742 3279 689
4095 3327 512 3970 3278 604
0 3583 512 1098 3491 625
256 3583 512 1122 3491 630
512 3583 512 1213 3488 655
768 3583 512 1359 3483 697
1024 3583 512 1498 3483 707
1280 3583 512 1654 3485 707
1536 3583 512 1829 3486 707
1792 3583 512 2019 3488 706
2048 3583 512 2219 3491 706
2303 3583 512 2427 3494 706
2559 3583 512 2641 3498 705
2815 3583 512 2860 3502 705
3071 3583 512 3082 3507 705
3327 3583 512 3307 3512 704
3583 3583 512 3535 3517 704
3839 3583 512 3764 3524 703
4095 3583 512 3979 3516 629
0 3839 512 1175 3740 643
256 3839 512 1198 3741 648
512 3839 512 1282 3738 672
768 3839 512 1420 3734 713
1024 3839 512 1554 3733 723
1280 3839 512 1704 3734 723
1536 3839 512 1874 3736 722
1792 3839 512 2059 3738 722
2048 3839 512 2256 3740 722
2303 3839 512 2460 3743 721
2559 3839 512 2672 3746 721
2815 3839 512 2888 3750 721
3071 3839 512 3109 3754 720
3327 3839 512 3332 3759 719
3583 3839 512 3558 3764 719
3839 3839 512 3786 3769 718
4095 3839 512 4005 3769 640
0 4095 512 1278 3962 686
256 4095 512 1290 3965 683
512 4095 512 1332 3977 673
768 4095 512 1413 3992 662
1024 4095 512 1540 3992 664
1280 4095 512 1693 3987 666
1536 4095 512 1864 3994 662
1792 4095 512 2052 3991 665
2048 4095 512 2252 3998 663
2303 4095 512 2457 3996 663
2559 4095 512 2670 3995 665
2815 4095 512 2889 3999 663
3071 4095 512 3111 4002 662
3327 4095 512 3335 4003 663
3583 4095 512 3561 4004 665
3839 4095 512 3793 4012 660
4095 4095 512 3985 3972 694
0 0 768 200 185 748
256 0 768 287 133 735
512 0 768 512 174 743
768 0 768 750 191 745
1024 0 768 980 202 737
1280 0 768 1222 235 737
1536 0 768 1464 270 737
1792 0 768 1706 307 737
2048 0 768 1948 344 736
2303 0 768 2190 382 736
2559 0 768 2433 421 735
2815 0 768 2675 460 735
3071 0 768 2918 499 734
3327 0 768 3161 539 733
3583 0 768 3404 579 732
3839 0 768 3647 619 731
4095 0 768 3883 672 734
0 256 768 216 305 751
256 256 768 312 281 698
512 256 768 502 302 690
768 256 768 721 323 712
1024 256 768 960 343 728
1280 256 768 1203 364 736
1536 256 768 1447 387 739
1792 256 768 1691 413 741
2048 256 768 1936 440 741
2303 256 768 2179 470 741
2559 256 768 2423 501 741
2815 256 768 2667 533 740
3071 256 768 2910 567 739
3327 256 768 3154 601 738
3583 256 768 3397 636 737
3839 256 768 3641 672 736
4095 256 768 3890 694 731
0 512 768 269 536 762
256 512 768 339 509 720
512 512 768 524 514 735
768 512 768 746 525 731
1024 512 768 942 563 727
1280 512 768 1169 590 742
1536 512 768 1409 613 753
1792 512 768 1653 635 758
2048 512 768 1900 656 761
2303 512 768 2145 678 762
2559 512 768 2392 701 761
2815 512 768 2638 724 760
3071 512 768 2884 749 758
3327 512 768 3130 775 757
3583 512 768 3375 802 755
3839 512 768 3620 830 753
4095 512 768 3891 803 732
0 768 768 304 769 754
256 768 768 381 753 737
512 768 768 577 751 733
768 768 768 768 761 741
1024 768 768 1000 767 741
1280 768 768 1217 785 750
1536 768 768 1407 828 777
1792 768 768 1629 860 790
2048 768 768 1865 886 796
2303 768 768 2107 910 798
2559 768 768 2352 933 798
2815 768 768 2599 955 796
3071 768 768 2846 976 794
3327 768 768 3093 998 791
3583 768 768 3340 1021 787
3839 768 768 3587 1044 784
4095 768 768 3893 967 734
0 1024 768 377 1018 761
256 1024 768 425 1001 746
512 1024 768 630 994 762
768 1024 768 790 1007 744
1024 1024 768 1016 1011 744
1280 1024 768 1249 1016 743
1536 1024 768 1463 1033 772
1792 1024 768 1672 1060 797
2048 1024 768 1878 1096 823
2303 1024 768 2095 1130 840
2559 1024 768 2327 1159 845
2815 1024 768 2566 1185 845
3071 1024 768 2809 1209 843
3327 1024 768 3054 1232 839
3583 1024 768 3300 1254 834
3839 1024 768 3554 1269 824
4095 1024 768 3896 1164 737
0 1280 768 435 1258 757
256 1280 768 486 1249 753
512 1280 768 678 1242 779
768 1280 768 879 1238 805
1024 1280 768 1060 1248 796
1280 1280 768 1268 1257 810
1536 1280 768 1478 1271 824
1792 1280 768 1691 1290 838
2048 1280 768 1906 1313 851
2303 1280 768 2123 1339 863
2559 1280 768 2344 1367 875
2815 1280 768 2567 1398 885
3071 1280 768 2792 1431 895
3327 1280 768 3028 1459 895
3583 1280 768 3270 1484 891
3839 1280 768 3560 1464 839
4095 1280 768 3901 1379 741
0 1536 768 504 1503 759
256 1536 768 549 1498 758
512 1536 768 726 1491 787
768 1536 768 936 1484 828
1024 1536 768 1125 1486 845
1280 1536 768 1319 1494 852
1536 1536 768 1522 1506 860
1792 1536 768 1731 1520 868
2048 1536 768 1944 1537 876
2303 1536 768 2160 1557 885
2559 1536 768 2380 1580 893
2815 1536 768 2602 1605 901
3071 1536 768 2825 1632 909
3327 1536 768 3051 1660 916
3583 1536 768 3278 1690 924
3839 1536 768 3567 1674 860
4095 1536 768 3906 1604 746
0 1792 768 576 1750 764
256 1792 768 615 1748 764
512 1792 768 776 1742 792
768 1792 768 986 1733 838
1024 1792 768 1189 1729 877
1280 1792 768 1373 1735 881
1536 1792 768 1571 1744 886
1792 1792 768 1776 1755 891
2048 1792 768 1987 1769 896
2303 1792 768 2201 1784 902
2559 1792 768 2419 1802 908
2815 1792 768 2640 1822 914
3071 1792 768 2862 1844 920
3327 1792 768 3087 1867 926
3583 1792 768 3313 1892 932
3839 1792 768 3577 1894 887
4095 1792 768 3913 1837 752
0 2048 768 645 1998 768
256 2048 768 686 1997 772
512 2048 768 833 1991 799
768 2048 768 1034 1983 845
1024 2048 768 1245 1976 895
1280 2048 768 1427 1980 902
1536 2048 768 1619 1987 905
1792 2048 768 1821 1995 908
2048 2048 768 2030 2006 912
2303 2048 768 2242 2018 916
2559 2048 768 2459 2032 920
2815 2048 768 2679 2048 924
3071 2048 768 2901 2066 929
3327 2048 768 3125 2085 933
3583 2048 768 3350 2105 938
3839 2048 768 3589 2120 922
4095 2048 768 3921 2073 758
0 2303 768 721 2245 776
256 2303 768 756 2245 778
512 2303 768 890 2240 805
768 2303 768 1082 2233 849
1024 2303 768 1295 2224 904
1280 2303 768 1478 2226 918
1536 2303 768 1666 2231 919
1792 2303 768 1865 2238 921
2048 2303 768 2071 2246 924
2303 2303 768 2282 2256 926
2559 2303 768 2498 2267 929
2815 2303 768 2716 2280 932
3071 2303 768 2938 2294 935
3327 2303 768 3161 2310 939
3583 2303 768 3386 2326 942
3839 2303 768 3613 2344 946
4095 2303 768 3930 2312 767
0 2559 768 796 2494 784
256 2559 768 828 2494 787
512 2559 768 952 2490 812
768 2559 768 1134 2483 855
1024 2559 768 1343 2475 910
1280 2559 768 1527 2474 930
1536 2559 768 1711 2479 931
1792 2559 768 1907 2484 932
2048 2559 768 2111 2490 934
2303 2559 768 2320 2498 935
2559 2559 768 2534 2507 937
2815 2559 768 2752 2518 939
3071 2559 768 2973 2529 941
3327 2559 768 3196 2542 943
3583 2559 768 3421 2556 945
3839 2559 768 3648 2571 948
4095 2559 768 3940 2554 777
0 2815 768 871 2744 792
256 2815 768 902 2744 797
512 2815 768 1015 2740 820
768 2815 768 1188 2734 861
1024 2815 768 1392 2725 916
1280 2815 768 1576 2724 940
1536 2815 768 1756 2727 941
1792 2815 768 1948 2731 942
2048 2815 768 2149 2737 943
2303 2815 768 2357 2743 944
2559 2815 768 2570 2750 945
2815 2815 768 2787 2759 946
3071 2815 768 3007 2768 948
3327 2815 768 3229 2779 949
3583 2815 768 3453 2790 951
3839 2815 768 3679 2803 952
4095 2815 768 3952 2797 788
0 3071 768 948 2993 803
256 3071 768 976 2993 807
512 3071 768 1080 2990 829
768 3071 768 1243 2984 868
1024 3071 768 1441 2976 922
1280 3071 768 1626 2973 951
1536 3071 768 1800 2976 951
1792 3071 768 1989 2980 952
2048 3071 768 2188 2984 952
2303 3071 768 2393 2989 953
2559 3071 768 2604 2996 953
2815 3071 768 2820 3003 954
3071 3071 768 3039 3011 955
3327 3071 768 3260 3019 956
3583 3071 768 3484 3029 957
3839 3071 768 3710 3040 958
4095 3071 768 3964 3041 804
0 3327 768 1025 3242 815
256 3327 768 1051 3242 819
512 3327 768 1148 3239 840
768 3327 768 1301 3234 877
1024 3327 768 1492 3227 929
1280 3327 768 1675 3223 961
1536 3327 768 1846 3226 961
1792 3327 768 2030 3229 961
2048 3327 768 2226 3232 962
2303 3327 768 2428 3237 962
2559 3327 768 2638 3242 962
2815 3327 768 2852 3248 963
3071 3327 768 3070 3255 963
3327 3327 768 3290 3262 964
3583 3327 768 3513 3271 964
3839 3327 768 3738 3280 965
4095 3327 768 3980 3286 813
0 3583 768 1102 3492 826
256 3583 768 1126 3492 831
512 3583 768 1216 3489 851
768 3583 768 1361 3484 887
1024 3583 768 1545 3477 937
1280 3583 768 1726 3473 971
1536 3583 768 1892 3475 971
1792 3583 768 2072 3478 971
2048 3583 768 2265 3481 972
2303 3583 768 2465 3485 972
2559 3583 768 2672 3489 972
2815 3583 768 2884 3495 972
3071 3583 768 3101 3500 973
3327 3583 768 3320 3507 973
3583 3583 768 3542 3514 973
3839 3583 768 3766 3522 974
4095 3583 768 3989 3525 824
0 3839 768 1180 3740 840
256 3839 768 1201 3741 844
512 3839 768 1285 3739 863
768 3839 768 1422 3734 898
1024 3839 768 1599 3728 946
1280 3839 768 1778 3723 982
1536 3839 768 1939 3725 982
1792 3839 768 2115 3728 982
2048 3839 768 2304 3730 982
2303 3839 768 2501 3734 982
2559 3839 768 2706 3738 982
2815 3839 768 2917 3742 982
3071 3839 768 3131 3747 982
3327 3839 768 3349 3753 982
3583 3839 768 3570 3759 983
3839 3839 768 3794 3766 983
4095 3839 768 4016 3776 896
0 4095 768 1280 3964 870
256 4095 768 1291 3968 868
512 4095 768 1331 3983 859
768 4095 768 1417 3992 854
1024 4095 768 1543 3993 855
1280 4095 768 1696 3994 855
1536 4095 768 1867 3995 854
1792 4095 768 2055 3996 855
2048 4095 768 2254 3998 855
2303 4095 768 2460 4001 853
2559 4095 768 2675 4003 854
2815 4095 768 2893 4006 851
3071 4095 768 3116 4009 854
3327 4095 768 3341 4012 849
3583 4095 768 3568 4013 850
3839 4095 768 3800 4020 848
4095 4095 768 4024 4016 852
0 0 1024 252 219 994
256 0 1024 326 189 987
512 0 1024 533 206 990
768 0 1024 752 204 983
1024 0 1024 988 231 982
1280 0 1024 1228 258 983
1536 0 1024 1468 291 983
1792 0 1024 1709 325 983
2048 0 1024 1951 360 983
2303 0 1024 2192 397 983
2559 0 1024 2435 434 982
2815 0 1024 2677 471 982
3071 0 1024 2920 510 981
3327 0 1024 3163 548 981
3583 0 1024 3405 587 980
3839 0 1024 3648 627 979
4095 0 1024 3885 678 981
0 256 1024 251 310 991
256 256 1024 346 301 947
512 256 1024 529 324 918
768 256 1024 740 340 944
1024 256 1024 971 359 961
1280 256 1024 1211 379 973
1536 256 1024 1453 401 979
1792 256 1024 1695 426 982
2048 256 1024 1939 452 984
2303 256 1024 2182 481 985
2559 256 1024 2425 511 985
2815 256 1024 2669 543 985
3071 256 1024 2912 576 985
3327 256 1024 3156 609 985
3583 256 1024 3399 644 984
3839 256 1024 3642 680 983
4095 256 1024 3888 707 980
0 512 1024 323 548 1005
256 512 1024 362 520 968
512 512 1024 558 532 910
768 512 1024 750 546 932
1024 512 1024 954 576 936
1280 512 1024 1179 600 957
1536 512 1024 1416 622 974
1792 512 1024 1659 643 985
2048 512 1024 1904 664 992
2303 512 1024 2149 685 996
2559 512 1024 2395 708 998
2815 512 1024 2640 731 999
3071 512 1024 2886 756 999
3327 512 1024 3131 781 999
3583 512 1024 3376 808 998
3839 512 1024 3621 836 997
4095 512 1024 3892 809 980
0 768 1024 346 778 999
256 768 1024 400 760 978
512 768 1024 600 760 944
768 768 1024 779 767 986
1024 768 1024 1008 773 986
1280 768 1024 1209 801 976
1536 768 1024 1410 838 987
1792 768 1024 1633 868 1001
2048 768 1024 1869 893 1012
2303 768 1024 2110 916 1019
2559 768 1024 2355 938 1023
2815 768 1024 2601 960 1025
3071 768 1024 2847 981 1026
3327 768 1024 3094 1003 1025
3583 768 1024 3341 1025 1024
3839 768 1024 3588 1048 1023
4095 768 1024 3894 973 982
0 1024 1024 439 1038 1016
256 1024 1024 435 1009 989
512 1024 1024 641 1001 978
768 1024 1024 817 1007 984
1024 1024 1024 1024 1015 988
1280 1024 1024 1255 1020 988
1536 1024 1024 1491 1027 988
1792 1024 1024 1679 1063 1012
2048 1024 1024 1876 1104 1036
2303 1024 1024 2095 1136 1050
2559 1024 1024 2328 1165 1058
2815 1024 1024 2567 1190 1063
3071 1024 1024 2810 1214 1064
3327 1024 1024 3055 1236 1064
3583 1024 1024 3301 1258 1063
3839 1024 1024 3555 1271 1055
4095 1024 1024 3897 1168 984
0 1280 1024 474 1267 1006
256 1280 1024 499 1253 992
512 1280 1024 689 1246 1000
768 1280 1024 889 1243 1012
1024 1280 1024 1045 1261 991
1280 1280 1024 1272 1265 990
1536 1280 1024 1505 1270 990
1792 1280 1024 1740 1276 990
2048 1280 1024 1977 1283 990
2303 1280 1024 2151 1329 1047
2559 1280 1024 2346 1371 1082
2815 1280 1024 2562 1406 1100
3071 1280 1024 2791 1436 1108
3327 1280 1024 3027 1463 1111
3583 1280 1024 3269 1488 1110
3839 1280 1024 3561 1466 1068
4095 1280 1024 3901 1382 986
0 1536 1024 544 1511 1009
256 1536 1024 555 1502 995
512 1536 1024 734 1495 1013
768 1536 1024 945 1487 1040
1024 1536 1024 1121 1493 1042
1280 1536 1024 1293 1511 994
1536 1536 1024 1522 1514 1009
1792 1536 1024 1744 1522 1032
2048 1536 1024 1960 1536 1053
2303 1536 1024 2173 1556 1072
2559 1536 1024 2387 1580 1091
2815 1536 1024 2602 1608 1109
3071 1536 1024 2817 1640 1129
3327 1536 1024 3032 1676 1148
3583 1536 1024 3276 1695 1139
3839 1536 1024 3569 1676 1085
4095 1536 1024 3907 1607 990
0 1792 1024 614 1755 1013
256 1792 1024 620 1751 999
512 1792 1024 784 1744 1021
768 1792 1024 994 1735 1056
1024 1792 1024 1193 1732 1084
1280 1792 1024 1364 1742 1071
1536 1792 1024 1568 1749 1083
1792 1792 1024 1775 1759 1095
2048 1792 1024 1985 1773 1108
2303 1792 1024 2196 1789 1120
2559 1792 1024 2410 1809 1133
2815 1792 1024 2625 1832 1146
3071 1792 1024 2842 1857 1159
3327 1792 1024 3061 1884 1171
3583 1792 1024 3293 1907 1169
3839 1792 1024 3578 1896 1107
4095 1792 1024 3914 1839 995
0 2048 1024 669 1999 1010
256 2048 1024 694 1999 1007
512 2048 1024 842 1993 1029
768 2048 1024 1043 1985 1066
1024 2048 1024 1249 1978 1105
1280 2048 1024 1438 1979 1124
1536 2048 1024 1627 1987 1130
1792 2048 1024 1825 1996 1138
2048 2048 1024 2029 2007 1147
2303 2048 1024 2237 2021 1155
2559 2048 1024 2448 2038 1164
2815 2048 1024 2662 2056 1174
3071 2048 1024 2879 2077 1183
3327 2048 1024 3097 2100 1193
3583 2048 1024 3317 2125 1201
3839 2048 1024 3589 2122 1137
4095 2048 1024 3922 2076 999
0 2303 1024 749 2245 1018
256 2303 1024 759 2247 1010
512 2303 1024 895 2242 1033
768 2303 1024 1090 2234 1072
1024 2303 1024 1299 2226 1117
1280 2303 1024 1502 2222 1155
1536 2303 1024 1686 2227 1164
1792 2303 1024 1878 2235 1169
2048 2303 1024 2078 2244 1175
2303 2303 1024 2282 2256 1181
2559 2303 1024 2492 2269 1187
2815 2303 1024 2704 2285 1194
3071 2303 1024 2920 2302 1201
3327 2303 1024 3137 2321 1208
3583 2303 1024 3357 2342 1215
3839 2303 1024 3603 2352 1176
4095 2303 1024 3931 2314 1006
0 2559 1024 816 2493 1021
256 2559 1024 834 2496 1018
512 2559 1024 958 2492 1040
768 2559 1024 1141 2484 1077
1024 2559 1024 1347 2476 1124
1280 2559 1024 1557 2469 1172
1536 2559 1024 1744 2471 1189
1792 2559 1024 1931 2478 1192
2048 2559 1024 2127 2486 1196
2303 2559 1024 2329 2495 1200
2559 2559 1024 2536 2506 1204
2815 2559 1024 2748 2519 1209
3071 2559 1024 2962 2533 1214
3327 2559 1024 3179 2549 1219
3583 2559 1024 3398 2566 1224
3839 2559 1024 3622 2583 1223
4095 2559 1024 3941 2555 1013
0 2815 1024 888 2742 1027
256 2815 1024 907 2745 1025
512 2815 1024 1021 2741 1046
768 2815 1024 1194 2735 1082
1024 2815 1024 1396 2726 1129
1280 2815 1024 1607 2718 1181
1536 2815 1024 1799 2718 1207
1792 2815 1024 1982 2723 1210
2048 2815 1024 2175 2730 1212
2303 2815 1024 2374 2737 1215
2559 2815 1024 2580 2747 1218
2815 2815 1024 2790 2757 1221
3071 2815 1024 3003 2769 1225
3327 2815 1024 3219 2782 1229
3583 2815 1024 3438 2796 1233
3839 2815 1024 3658 2812 1237
4095 2815 1024 3953 2798 1021
0 3071 1024 965 2989 1035
256 3071 1024 979 2995 1032
512 3071 1024 1085 2991 1052
768 3071 1024 1249 2985 1088
1024 3071 1024 1446 2977 1134
1280 3071 1024 1656 2969 1188
1536 3071 1024 1852 2965 1222
1792 3071 1024 2031 2970 1224
2048 3071 1024 2221 2975 1226
2303 3071 1024 2418 2982 1228
2559 3071 1024 2622 2990 1230
2815 3071 1024 2830 2998 1232
3071 3071 1024 3043 3008 1235
3327 3071 1024 3258 3019 1237
3583 3071 1024 3476 3031 1240
3839 3071 1024 3696 3045 1244
4095 3071 1024 3966 3042 1033
0 3327 1024 1037 3240 1042
256 3327 1024 1056 3244 1042
512 3327 1024 1153 3241 1061
768 3327 1024 1307 3235 1094
1024 3327 1024 1497 3227 1140
1280 3327 1024 1704 3219 1193
1536 3327 1024 1904 3214 1235
1792 3327 1024 2080 3218 1236
2048 3327 1024 2266 3222 1237
2303 3327 1024 2461 3228 1239
2559 3327 1024 2663 3234 1240
2815 3327 1024 2870 3242 1242
3071 3327 1024 3081 3250 1244
3327 3327 1024 3295 3260 1246
3583 3327 1024 3513 3270 1248
3839 3327 1024 3732 3281 1250
4095 3327 1024 3981 3287 1045
0 3583 1024 1114 3488 1051
256 3583 1024 1130 3493 1051
512 3583 1024 1220 3490 1069
768 3583 1024 1366 3485 1101
1024 3583 1024 1549 3478 1146
1280 3583 1024 1753 3470 1199
1536 3583 1024 1956 3463 1247
1792 3583 1024 2128 3467 1247
2048 3583 1024 2311 3471 1248
2303 3583 1024 2503 3475 1249
2559 3583 1024 2703 3481 1250
2815 3583 1024 2908 3487 1251
3071 3583 1024 3118 3494 1253
3327 3583 1024 3331 3502 1254
3583 3583 1024 3548 3511 1256
3839 3583 1024 3766 3521 1257
4095 3583 1024 3998 3533 1045
0 3839 1024 1189 3738 1061
256 3839 1024 1205 3742 1061
512 3839 1024 1289 3740 1078
768 3839 1024 1427 3735 1109
1024 3839 1024 1603 3728 1152
1280 3839 1024 1802 3720 1204
1536 3839 1024 2008 3713 1257
1792 3839 1024 2176 3716 1258
2048 3839 1024 2356 3719 1258
2303 3839 1024 2545 3723 1259
2559 3839 1024 2743 3728 1260
2815 3839 1024 2946 3733 1260
3071 3839 1024 3155 3740 1261
3327 3839 1024 3367 3747 1262
3583 3839 1024 3582 3754 1264
3839 3839 1024 3800 3763 1265
4095 3839 1024 4020 3772 1265
0 4095 1024 1280 3970 1079
256 4095 1024 1289 3977 1076
512 4095 1024 1330 3992 1069
768 4095 1024 1423 3993 1070
1024 4095 1024 1548 3993 1071
1280 4095 1024 1699 3995 1070
1536 4095 1024 1871 3996 1070
1792 4095 1024 2058 3997 1070
2048 4095 1024 2257 3999 1071
2303 4095 1024 2463 4001 1069
2559 4095 1024 2677 4004 1070
2815 4095 1024 2896 4007 1069
3071 4095 1024 3119 4009 1071
3327 4095 1024 3344 4013 1070
3583 4095 1024 3572 4017 1070
3839 4095 1024 3802 4021 1071
4095 4095 1024 4025 4016 1068
0 0 1280 298 229 1234
256 0 1280 367 224 1232
512 0 1280 549 227 1231
768 0 1280 767 239 1229
1024 0 1280 999 261 1229
1280 0 1280 1236 285 1229
1536 0 1280 1475 315 1229
1792 0 1280 1715 345 1229
2048 0 1280 1956 378 1229
2303 0 1280 2197 413 1229
2559 0 1280 2439 448 1228
2815 0 1280 2681 485 1228
3071 0 1280 2923 522 1228
3327 0 1280 3166 560 1227
3583 0 1280 3408 598 1227
3839 0 1280 3651 636 1226
4095 0 1280 3876 709 1231
0 256 1280 285 317 1230
256 256 1280 385 327 1193
512 256 1280 561 348 1159
768 256 1280 762 362 1182
1024 256 1280 987 378 1199
1280 256 1280 1222 396 1212
1536 256 1280 1461 417 1219
1792 256 1280 1702 441 1224
2048 256 1280 1945 466 1227
2303 256 1280 2186 494 1228
2559 256 1280 2429 523 1229
2815 256 1280 2672 554 1230
3071 256 1280 2915 586 1230
3327 256 1280 3158 619 1230
3583 256 1280 3401 654 1230
3839 256 1280 3645 688 1229
4095 256 1280 3882 731 1229
0 512 1280 334 541 1236
256 512 1280 400 534 1209
512 512 1280 591 548 1138
768 512 1280 772 568 1131
1024 512 1280 973 592 1150
1280 512 1280 1194 613 1176
1536 512 1280 1428 633 1197
1792 512 1280 1668 653 1213
2048 512 1280 1911 673 1223
2303 512 1280 2154 694 1230
2559 512 1280 2399 716 1234
2815 512 1280 2644 739 1237
3071 512 1280 2889 763 1239
3327 512 1280 3134 789 1240
3583 512 1280 3379 815 1240
3839 512 1280 3624 843 1240
4095 512 1280 3894 816 1227
0 768 1280 372 777 1237
256 768 1280 432 769 1219
512 768 1280 624 771 1170
768 768 1280 804 781 1173
1024 768 1280 1018 781 1231
1280 768 1280 1211 818 1187
1536 768 1280 1417 850 1195
1792 768 1280 1641 877 1212
2048 768 1280 1876 901 1228
2303 768 1280 2116 924 1239
2559 768 1280 2359 945 1248
2815 768 1280 2605 966 1253
3071 768 1280 2851 987 1257
3327 768 1280 3097 1009 1259
3583 768 1280 3344 1031 1260
3839 768 1280 3590 1054 1260
4095 768 1280 3897 978 1228
0 1024 1280 441 1027 1243
256 1024 1280 471 1012 1229
512 1024 1280 660 1009 1203
768 1024 1280 850 1012 1188
1024 1024 1280 1034 1021 1233
1280 1024 1280 1263 1026 1233
1536 1024 1280 1497 1033 1233
1792 1024 1280 1675 1077 1232
2048 1024 1280 1878 1114 1246
2303 1024 1280 2099 1144 1260
2559 1024 1280 2331 1171 1271
2815 1024 1280 2570 1196 1280
3071 1024 1280 2812 1219 1285
3327 1024 1280 3057 1242 1288
3583 1024 1280 3303 1263 1290
3839 1024 1280 3560 1273 1285
4095 1024 1280 3900 1172 1229
0 1280 1280 480 1264 1240
256 1280 1280 528 1257 1233
512 1280 1280 707 1252 1225
768 1280 1280 905 1249 1220
1024 1280 1280 1055 1265 1235
1280 1280 1280 1280 1269 1235
1536 1280 1280 1511 1274 1235
1792 1280 1280 1745 1280 1234
2048 1280 1280 1980 1288 1235
2303 1280 1280 2144 1340 1272
2559 1280 1280 2344 1380 1295
2815 1280 1280 2563 1413 1310
3071 1280 1280 2792 1442 1320
3327 1280 1280 3029 1469 1326
3583 1280 1280 3269 1494 1329
3839 1280 1280 3563 1470 1297
4095 1280 1280 3904 1386 1232
0 1536 1280 558 1512 1246
256 1536 1280 581 1505 1238
512 1536 1280 752 1499 1242
768 1536 1280 957 1492 1251
1024 1536 1280 1131 1498 1255
1280 1536 1280 1301 1514 1237
1536 1536 1280 1528 1518 1237
1792 1536 1280 1760 1523 1237
2048 1536 1280 1995 1529 1237
2303 1536 1280 2230 1536 1237
2559 1536 1280 2449 1554 1253
2815 1536 1280 2616 1606 1311
3071 1536 1280 2815 1647 1342
3327 1536 1280 3030 1682 1359
3583 1536 1280 3277 1699 1353
3839 1536 1280 3570 1679 1311
4095 1536 1280 3909 1610 1234
0 1792 1280 617 1756 1246
256 1792 1280 645 1753 1243
512 1792 1280 803 1747 1254
768 1792 1280 1004 1739 1273
1024 1792 1280 1201 1736 1291
1280 1792 1280 1350 1753 1265
1536 1792 1280 1549 1764 1240
1792 1792 1280 1777 1768 1240
2048 1792 1280 2010 1773 1240
2303 1792 1280 2243 1779 1240
2559 1792 1280 2466 1791 1259
2815 1792 1280 2682 1810 1283
3071 1792 1280 2893 1835 1310
3327 1792 1280 3062 1888 1378
3583 1792 1280 3294 1911 1380
3839 1792 1280 3580 1899 1331
4095 1792 1280 3916 1842 1238
0 2048 1280 677 2002 1247
256 2048 1280 715 2001 1248
512 2048 1280 858 1995 1263
768 2048 1280 1051 1988 1287
1024 2048 1280 1257 1981 1316
1280 2048 1280 1441 1984 1329
1536 2048 1280 1591 2005 1274
1792 2048 1280 1811 2008 1291
2048 2048 1280 2029 2015 1308
2303 2048 1280 2244 2025 1325
2559 2048 1280 2458 2039 1341
2815 2048 1280 2673 2057 1357
3071 2048 1280 2888 2077 1373
3327 2048 1280 3103 2101 1390
3583 2048 1280 3315 2129 1412
3839 2048 1280 3591 2125 1356
4095 2048 1280 3924 2077 1241
0 2303 1280 756 2248 1253
256 2303 1280 778 2249 1252
512 2303 1280 912 2244 1269
768 2303 1280 1099 2236 1297
1024 2303 1280 1306 2228 1332
1280 2303 1280 1507 2225 1363
1536 2303 1280 1680 2233 1357
1792 2303 1280 1873 2241 1361
2048 2303 1280 2076 2249 1372
2303 2303 1280 2281 2260 1383
2559 2303 1280 2490 2273 1395
2815 2303 1280 2701 2289 1406
3071 2303 1280 2914 2307 1418
3327 2303 1280 3129 2328 1431
3583 2303 1280 3344 2350 1444
3839 2303 1280 3604 2354 1388
4095 2303 1280 3933 2316 1246
0 2559 1280 823 2496 1256
256 2559 1280 850 2498 1257
512 2559 1280 972 2493 1275
768 2559 1280 1149 2486 1303
1024 2559 1280 1354 2478 1342
1280 2559 1280 1562 2471 1382
1536 2559 1280 1753 2472 1405
1792 2559 1280 1937 2478 1409
2048 2559 1280 2132 2487 1417
2303 2559 1280 2331 2496 1425
2559 2559 1280 2535 2508 1433
2815 2559 1280 2743 2522 1442
3071 2559 1280 2954 2538 1451
3327 2559 1280 3167 2555 1460
3583 2559 1280 3382 2575 1470
3839 2559 1280 3621 2586 1432
4095 2559 1280 3943 2557 1252
0 2815 1280 897 2744 1262
256 2815 1280 921 2747 1263
512 2815 1280 1034 2743 1281
768 2815 1280 1203 2736 1310
1024 2815 1280 1403 2728 1349
1280 2815 1280 1613 2720 1395
1536 2815 1280 1815 2716 1432
1792 2815 1280 2000 2720 1445
2048 2815 1280 2189 2727 1450
2303 2815 1280 2383 2736 1456
2559 2815 1280 2584 2746 1462
2815 2815 1280 2790 2758 1469
3071 2815 1280 2998 2771 1475
3327 2815 1280 3210 2786 1482
3583 2815 1280 3424 2803 1490
3839 2815 1280 3641 2820 1493
4095 2815 1280 3955 2800 1258
0 3071 1280 972 2993 1268
256 3071 1280 993 2996 1269
512 3071 1280 1098 2992 1287
768 3071 1280 1257 2986 1315
1024 3071 1280 1451 2978 1354
1280 3071 1280 1661 2970 1402
1536 3071 1280 1869 2964 1448
1792 3071 1280 2061 2964 1473
2048 3071 1280 2244 2970 1476
2303 3071 1280 2435 2977 1480
2559 3071 1280 2634 2986 1485
2815 3071 1280 2837 2996 1490
3071 3071 1280 3044 3008 1495
3327 3071 1280 3254 3021 1500
3583 3071 1280 3467 3035 1505
3839 3071 1280 3682 3050 1511
4095 3071 1280 3968 3044 1268
0 3327 1280 1044 3243 1273
256 3327 1280 1067 3245 1276
512 3327 1280 1163 3242 1292
768 3327 1280 1314 3236 1321
1024 3327 1280 1502 3229 1360
1280 3327 1280 1709 3220 1408
1536 3327 1280 1920 3213 1458
1792 3327 1280 2119 3210 1495
2048 3327 1280 2298 3215 1497
2303 3327 1280 2486 3221 1500
2559 3327 1280 2682 3229 1503
2815 3327 1280 2883 3238 1507
3071 3327 1280 3088 3247 1511
3327 3327 1280 3297 3258 1515
3583 3327 1280 3509 3271 1519
3839 3327 1280 3723 3284 1523
4095 3327 1280 3983 3288 1273
0 3583 1280 1121 3491 1281
256 3583 1280 1140 3494 1283
512 3583 1280 1230 3491 1299
768 3583 1280 1374 3486 1327
1024 3583 1280 1554 3479 1365
1280 3583 1280 1758 3471 1413
1536 3583 1280 1969 3463 1465
1792 3583 1280 2175 3457 1512
2048 3583 1280 2351 3462 1514
2303 3583 1280 2536 3467 1516
2559 3583 1280 2729 3473 1519
2815 3583 1280 2928 3481 1521
3071 3583 1280 3132 3489 1524
3327 3583 1280 3340 3499 1527
3583 3583 1280 3551 3509 1530
3839 3583 1280 3764 3521 1534
4095 3583 1280 3998 3534 1308
0 3839 1280 1196 3741 1289
256 3839 1280 1215 3743 1291
512 3839 1280 1298 3741 1306
768 3839 1280 1434 3736 1333
1024 3839 1280 1608 3729 1370
1280 3839 1280 1807 3721 1418
1536 3839 1280 2017 3713 1471
1792 3839 1280 2228 3706 1525
2048 3839 1280 2403 3709 1529
2303 3839 1280 2585 3714 1530
2559 3839 1280 2775 3719 1532
2815 3839 1280 2973 3726 1534
3071 3839 1280 3175 3733 1536
3327 3839 1280 3381 3741 1538
3583 3839 1280 3591 3750 1541
3839 3839 1280 3804 3761 1543
4095 3839 1280 4019 3771 1546
0 4095 1280 1271 3991 1297
256 4095 1280 1286 3991 1297
512 4095 1280 1337 3993 1296
768 4095 1280 1429 3994 1297
1024 4095 1280 1554 3995 1298
1280 4095 1280 1704 3996 1297
1536 4095 1280 1876 3997 1297
1792 4095 1280 2062 3998 1297
2048 4095 1280 2261 4000 1297
2303 4095 1280 2467 4002 1297
2559 4095 1280 2680 4005 1297
2815 4095 1280 2898 4008 1296
3071 4095 1280 3121 4011 1297
3327 4095 1280 3346 4014 1297
3583 4095 1280 3574 4018 1297
3839 4095 1280 3805 4022 1299
4095 4095 1280 4024 4014 1296
0 0 1536 360 268 1479
256 0 1536 404 259 1476
512 0 1536 573 263 1475
768 0 1536 785 276 1475
1024 0 1536 1012 295 1474
1280 0 1536 1246 317 1475
1536 0 1536 1483 343 1475
1792 0 1536 1722 372 1475
2048 0 1536 1962 401 1475
2303 0 1536 2202 434 1475
2559 0 1536 2443 468 1475
2815 0 1536 2685 502 1474
3071 0 1536 2927 538 1474
3327 0 1536 3169 574 1474
3583 0 1536 3411 612 1473
3839 0 1536 3653 649 1473
4095 0 1536 3879 720 1475
0 256 1536 343 347 1476
256 256 1536 425 354 1445
512 256 1536 596 375 1406
768 256 1536 788 386 1425
1024 256 1536 1005 400 1440
1280 256 1536 1235 418 1452
1536 256 1536 1472 437 1461
1792 256 1536 1710 460 1466
2048 256 1536 1951 484 1470
2303 256 1536 2192 511 1472
2559 256 1536 2434 540 1473
2815 256 1536 2676 569 1474
3071 256 1536 2919 601 1475
3327 256 1536 3162 633 1475
3583 256 1536 3404 666 1475
3839 256 1536 3647 700 1475
4095 256 1536 3889 733 1474
0 512 1536 386 557 1480
256 512 1536 438 550 1458
512 512 1536 624 565 1382
768 512 1536 804 590 1342
1024 512 1536 998 609 1370
1280 512 1536 1213 628 1400
1536 512 1536 1443 647 1424
1792 512 1536 1679 666 1442
2048 512 1536 1920 685 1455
2303 512 1536 2161 706 1465
2559 512 1536 2405 727 1471
2815 512 1536 2649 750 1476
3071 512 1536 2893 774 1479
3327 512 1536 3138 799 1481
3583 512 1536 3382 825 1482
3839 512 1536 3626 852 1483
4095 512 1536 3897 826 1473
0 768 1536 411 785 1479
256 768 1536 469 780 1463
512 768 1536 651 784 1408
768 768 1536 837 797 1365
1024 768 1536 1027 801 1431
1280 768 1536 1223 836 1392
1536 768 1536 1431 864 1405
1792 768 1536 1653 889 1426
2048 768 1536 1886 911 1445
2303 768 1536 2124 933 1461
2559 768 1536 2366 954 1473
2815 768 1536 2610 975 1482
3071 768 1536 2855 995 1488
3327 768 1536 3101 1017 1492
3583 768 1536 3347 1038 1495
3839 768 1536 3593 1061 1497
4095 768 1536 3899 986 1474
0 1024 1536 483 1034 1485
256 1024 1536 498 1020 1475
512 1024 1536 685 1018 1434
768 1024 1536 877 1023 1398
1024 1024 1536 1048 1028 1474
1280 1024 1536 1273 1033 1478
1536 1024 1536 1490 1050 1461
1792 1024 1536 1676 1092 1444
2048 1024 1536 1884 1125 1455
2303 1024 1536 2105 1154 1470
2559 1024 1536 2337 1180 1485
2815 1024 1536 2575 1204 1496
3071 1024 1536 2817 1226 1505
3327 1024 1536 3061 1248 1512
3583 1024 1536 3306 1270 1517
3839 1024 1536 3562 1280 1516
4095 1024 1536 3902 1179 1476
0 1280 1536 527 1273 1485
256 1280 1536 550 1264 1477
512 1280 1536 725 1260 1456
768 1280 1536 924 1258 1433
1024 1280 1536 1092 1267 1448
1280 1280 1536 1290 1274 1480
1536 1280 1536 1519 1280 1480
1792 1280 1536 1752 1286 1480
2048 1280 1536 1962 1308 1479
2303 1280 1536 2141 1353 1489
2559 1280 1536 2346 1389 1505
2815 1280 1536 2566 1421 1519
3071 1280 1536 2796 1449 1531
3327 1280 1536 3032 1475 1540
3583 1280 1536 3273 1499 1546
3839 1280 1536 3566 1475 1526
4095 1280 1536 3906 1391 1477
0 1536 1536 584 1516 1487
256 1536 1536 604 1510 1481
512 1536 1536 769 1505 1473
768 1536 1536 971 1499 1465
1024 1536 1536 1154 1502 1467
1280 1536 1536 1311 1519 1482
1536 1536 1536 1536 1523 1482
1792 1536 1536 1767 1528 1482
2048 1536 1536 2000 1534 1481
2303 1536 1536 2235 1540 1481
2559 1536 1536 2434 1570 1500
2815 1536 1536 2611 1617 1532
3071 1536 1536 2813 1656 1554
3327 1536 1536 3031 1689 1569
3583 1536 1536 3279 1704 1568
3839 1536 1536 3573 1684 1539
4095 1536 1536 3912 1615 1480
0 1792 1536 653 1761 1490
256 1792 1536 660 1758 1485
512 1792 1536 813 1752 1486
768 1792 1536 1014 1745 1491
1024 1792 1536 1214 1741 1499
1280 1792 1536 1364 1756 1495
1536 1792 1536 1557 1768 1484
1792 1792 1536 1784 1772 1484
2048 1792 1536 2015 1777 1484
2303 1792 1536 2248 1783 1484
2559 1792 1536 2484 1789 1484
2815 1792 1536 2722 1796 1483
3071 1792 1536 2887 1845 1541
3327 1792 1536 3060 1895 1590
3583 1792 1536 3295 1916 1592
3839 1792 1536 3582 1902 1555
4095 1792 1536 3918 1846 1482
0 2048 1536 703 2005 1490
256 2048 1536 731 2005 1489
512 2048 1536 870 2000 1496
768 2048 1536 1062 1992 1509
1024 2048 1536 1267 1986 1527
1280 2048 1536 1449 1989 1536
1536 2048 1536 1581 2014 1487
1792 2048 1536 1804 2018 1487
2048 2048 1536 2033 2022 1487
2303 2048 1536 2264 2027 1487
2559 2048 1536 2498 2032 1487
2815 2048 1536 2734 2039 1486
3071 2048 1536 2971 2046 1486
3327 2048 1536 3102 2107 1603
3583 2048 1536 3316 2134 1620
3839 2048 1536 3594 2128 1576
4095 2048 1536 3926 2081 1485
0 2303 1536 779 2250 1495
256 2303 1536 792 2252 1492
512 2303 1536 922 2248 1503
768 2303 1536 1108 2240 1522
1024 2303 1536 1315 2232 1547
1280 2303 1536 1514 2228 1570
1536 2303 1536 1680 2239 1562
1792 2303 1536 1828 2263 1491
2048 2303 1536 2053 2267 1491
2303 2303 1536 2282 2271 1502
2559 2303 1536 2507 2277 1523
2815 2303 1536 2729 2287 1543
3071 2303 1536 2948 2301 1561
3327 2303 1536 3164 2318 1582
3583 2303 1536 3343 2355 1651
3839 2303 1536 3607 2356 1604
4095 2303 1536 3935 2319 1490
0 2559 1536 848 2496 1498
256 2559 1536 861 2501 1496
512 2559 1536 980 2497 1509
768 2559 1536 1157 2489 1531
1024 2559 1536 1363 2481 1561
1280 2559 1536 1570 2474 1593
1536 2559 1536 1757 2475 1611
1792 2559 1536 1914 2491 1578
2048 2559 1536 2112 2499 1575
2303 2559 1536 2323 2506 1589
2559 2559 1536 2535 2515 1604
2815 2559 1536 2747 2526 1619
3071 2559 1536 2960 2541 1633
3327 2559 1536 3174 2557 1647
3583 2559 1536 3383 2578 1671
3839 2559 1536 3623 2589 1641
4095 2559 1536 3946 2560 1494
0 2815 1536 914 2746 1501
256 2815 1536 934 2749 1502
512 2815 1536 1043 2745 1515
768 2815 1536 1212 2739 1539
1024 2815 1536 1412 2730 1572
1280 2815 1536 1620 2722 1609
1536 2815 1536 1820 2719 1640
1792 2815 1536 1999 2724 1646
2048 2815 1536 2181 2734 1640
2303 2815 1536 2380 2741 1650
2559 2815 1536 2583 2750 1661
2815 2815 1536 2789 2762 1671
3071 2815 1536 2997 2775 1682
3327 2815 1536 3207 2790 1694
3583 2815 1536 3419 2808 1705
3839 2815 1536 3643 2823 1692
4095 2815 1536 3958 2802 1499
0 3071 1536 990 2992 1507
256 3071 1536 1003 2998 1506
512 3071 1536 1104 2995 1520
768 3071 1536 1264 2989 1544
1024 3071 1536 1459 2980 1579
1280 3071 1536 1669 2972 1620
1536 3071 1536 1874 2966 1658
1792 3071 1536 2068 2965 1685
2048 3071 1536 2249 2972 1688
2303 3071 1536 2440 2979 1696
2559 3071 1536 2637 2988 1703
2815 3071 1536 2838 2998 1711
3071 3071 1536 3043 3010 1720
3327 3071 1536 3250 3024 1729
3583 3071 1536 3460 3039 1737
3839 3071 1536 3672 3056 1747
4095 3071 1536 3971 3046 1506
0 3327 1536 1060 3242 1512
256 3327 1536 1077 3247 1512
512 3327 1536 1171 3244 1526
768 3327 1536 1322 3238 1550
1024 3327 1536 1510 3230 1585
1280 3327 1536 1717 3222 1628
1536 3327 1536 1925 3214 1671
1792 3327 1536 2127 3210 1709
2048 3327 1536 2315 3213 1726
2303 3327 1536 2500 3220 1731
2559 3327 1536 2692 3228 1737
2815 3327 1536 2890 3237 1743
3071 3327 1536 3091 3247 1749
3327 3327 1536 3297 3260 1756
3583 3327 1536 3505 3273 1763
3839 3327 1536 3716 3288 1770
4095 3327 1536 3985 3290 1515
0 3583 1536 1134 3491 1517
256 3583 1536 1150 3496 1518
512 3583 1536 1238 3493 1532
768 3583 1536 1380 3488 1556
1024 3583 1536 1562 3481 1591
1280 3583 1536 1765 3472 1634
1536 3583 1536 1974 3464 1680
1792 3583 1536 2182 3458 1724
2048 3583 1536 2378 3457 1756
2303 3583 1536 2558 3463 1760
2559 3583 1536 2747 3470 1764
2815 3583 1536 2941 3478 1768
3071 3583 1536 3141 3487 1773
3327 3583 1536 3344 3498 1779
3583 3583 1536 3551 3509 1784
3839 3583 1536 3760 3522 1790
4095 3583 1536 4000 3536 1534
0 3839 1536 1210 3738 1524
256 3839 1536 1223 3745 1524
512 3839 1536 1305 3743 1537
768 3839 1536 1440 3738 1561
1024 3839 1536 1615 3731 1596
1280 3839 1536 1814 3722 1639
1536 3839 1536 2022 3714 1686
1792 3839 1536 2233 3707 1735
2048 3839 1536 2436 3703 1777
2303 3839 1536 2615 3707 1783
2559 3839 1536 2800 3713 1786
2815 3839 1536 2992 3721 1790
3071 3839 1536 3190 3729 1793
3327 3839 1536 3391 3738 1798
3583 3839 1536 3596 3749 1802
3839 3839 1536 3805 3760 1806
4095 3839 1536 4016 3772 1811
0 4095 1536 1288 3984 1532
256 4095 1536 1302 3985 1531
512 4095 1536 1352 3987 1531
768 4095 1536 1439 3991 1530
1024 4095 1536 1560 3995 1530
1280 4095 1536 1710 3997 1530
1536 4095 1536 1882 3998 1531
1792 4095 1536 2067 4000 1529
2048 4095 1536 2266 4002 1531
2303 4095 1536 2471 4004 1530
2559 4095 1536 2684 4006 1530
2815 4095 1536 2902 4009 1529
3071 4095 1536 3124 4012 1531
3327 4095 1536 3349 4016 1529
3583 4095 1536 3577 4019 1530
3839 4095 1536 3807 4023 1531
4095 4095 1536 4023 4012 1529
0 0 1792 412 308 1723
256 0 1792 446 298 1721
512 0 1792 604 304 1721
768 0 1792 807 315 1721
1024 0 1792 1029 331 1720
1280 0 1792 1259 350 1721
1536 0 1792 1493 374 1720
1792 0 1792 1730 400 1721
2048 0 1792 1969 427 1721
2303 0 1792 2208 458 1721
2559 0 1792 2449 490 1721
2815 0 1792 2690 523 1720
3071 0 1792 2931 557 1720
3327 0 1792 3173 592 1720
3583 0 1792 3415 628 1720
3839 0 1792 3657 664 1719
4095 0 1792 3895 709 1719
0 256 1792 394 376 1722
256 256 1792 469 384 1696
512 256 1792 631 403 1656
768 256 1792 815 413 1670
1024 256 1792 1026 427 1683
1280 256 1792 1251 442 1695
1536 256 1792 1484 461 1703
1792 256 1792 1720 483 1708
2048 256 1792 1960 505 1713
2303 256 1792 2199 531 1715
2559 256 1792 2440 558 1717
2815 256 1792 2682 587 1719
3071 256 1792 2923 617 1720
3327 256 1792 3166 648 1720
3583 256 1792 3408 681 1720
3839 256 1792 3651 714 1721
4095 256 1792 3897 737 1719
0 512 1792 424 570 1723
256 512 1792 481 569 1704
512 512 1792 659 585 1631
768 512 1792 841 613 1566
1024 512 1792 1027 629 1598
1280 512 1792 1236 645 1629
1536 512 1792 1460 663 1654
1792 512 1792 1693 681 1674
2048 512 1792 1931 700 1689
2303 512 1792 2170 719 1700
2559 512 1792 2412 741 1708
2815 512 1792 2655 762 1714
3071 512 1792 2899 786 1718
3327 512 1792 3143 810 1721
3583 512 1792 3386 836 1723
3839 512 1792 3630 863 1725
4095 512 1792 3900 837 1720
0 768 1792 454 795 1723
256 768 1792 507 792 1709
512 768 1792 681 798 1652
768 768 1792 869 813 1589
1024 768 1792 1049 827 1608
1280 768 1792 1242 854 1597
1536 768 1792 1449 879 1617
1792 768 1792 1669 902 1642
2048 768 1792 1899 923 1665
2303 768 1792 2135 944 1684
2559 768 1792 2375 964 1699
2815 768 1792 2618 984 1710
3071 768 1792 2862 1005 1719
3327 768 1792 3106 1026 1725
3583 768 1792 3352 1047 1730
3839 768 1792 3597 1069 1733
4095 768 1792 3902 995 1721
0 1024 1792 521 1041 1726
256 1024 1792 534 1029 1721
512 1024 1792 708 1029 1677
768 1024 1792 904 1035 1622
1024 1024 1792 1082 1047 1622
1280 1024 1792 1285 1042 1724
1536 1024 1792 1489 1072 1667
1792 1024 1792 1684 1107 1651
2048 1024 1792 1894 1138 1663
2303 1024 1792 2115 1165 1681
2559 1024 1792 2346 1189 1699
2815 1024 1792 2583 1212 1714
3071 1024 1792 2824 1234 1726
3327 1024 1792 3067 1256 1736
3583 1024 1792 3311 1277 1743
3839 1024 1792 3563 1290 1747
4095 1024 1792 3905 1187 1722
0 1280 1792 553 1276 1726
256 1280 1792 584 1271 1720
512 1280 1792 747 1268 1693
768 1280 1792 945 1268 1655
1024 1280 1792 1127 1275 1643
1280 1280 1792 1302 1281 1725
1536 1280 1792 1529 1286 1725
1792 1280 1792 1760 1292 1725
2048 1280 1792 1953 1326 1702
2303 1280 1792 2142 1366 1701
2559 1280 1792 2350 1400 1714
2815 1280 1792 2571 1430 1729
3071 1280 1792 2801 1457 1743
3327 1280 1792 3037 1483 1755
3583 1280 1792 3277 1506 1764
3839 1280 1792 3569 1482 1755
4095 1280 1792 3909 1397 1723
0 1536 1792 622 1522 1729
256 1536 1792 629 1516 1726
512 1536 1792 787 1512 1709
768 1536 1792 987 1508 1686
1024 1536 1792 1178 1510 1674
1280 1536 1792 1324 1524 1725
1536 1536 1792 1546 1528 1727
1792 1536 1792 1775 1533 1727
2048 1536 1792 2007 1539 1726
2303 1536 1792 2241 1546 1726
2559 1536 1792 2423 1586 1732
2815 1536 1792 2609 1629 1747
3071 1536 1792 2814 1665 1764
3327 1536 1792 3034 1697 1779
3583 1536 1792 3283 1711 1783
3839 1536 1792 3577 1689 1766
4095 1536 1792 3915 1620 1725
0 1792 1792 682 1765 1731
256 1792 1792 685 1762 1729
512 1792 1792 832 1758 1722
768 1792 1792 1028 1752 1713
1024 1792 1792 1229 1749 1708
1280 1792 1792 1395 1758 1716
1536 1792 1792 1566 1772 1729
1792 1792 1792 1792 1777 1729
2048 1792 1792 2022 1781 1729
2303 1792 1792 2255 1787 1728
2559 1792 1792 2490 1794 1728
2815 1792 1792 2727 1801 1728
3071 1792 1792 2880 1856 1769
3327 1792 1792 3061 1903 1800
3583 1792 1792 3298 1922 1804
3839 1792 1792 3586 1907 1780
4095 1792 1792 3921 1850 1727
0 2048 1792 727 2009 1732
256 2048 1792 754 2009 1732
512 2048 1792 889 2004 1732
768 2048 1792 1077 1997 1734
1024 2048 1792 1280 1991 1739
1280 2048 1792 1464 1994 1745
1536 2048 1792 1590 2018 1731
1792 2048 1792 1812 2022 1731
2048 2048 1792 2040 2026 1731
2303 2048 1792 2270 2031 1731
2559 2048 1792 2503 2036 1731
2815 2048 1792 2739 2042 1731
3071 2048 1792 2958 2057 1744
3327 2048 1792 3099 2115 1818
3583 2048 1792 3318 2140 1830
3839 2048 1792 3597 2132 1799
4095 2048 1792 3929 2085 1730
0 2303 1792 811 2251 1736
256 2303 1792 812 2256 1735
512 2303 1792 937 2252 1740
768 2303 1792 1121 2244 1749
1024 2303 1792 1328 2237 1763
1280 2303 1792 1526 2233 1777
1536 2303 1792 1688 2244 1775
1792 2303 1792 1835 2267 1734
2048 2303 1792 2060 2270 1734
2303 2303 1792 2288 2275 1734
2559 2303 1792 2519 2279 1734
2815 2303 1792 2753 2285 1733
3071 2303 1792 2988 2291 1733
3327 2303 1792 3156 2327 1815
3583 2303 1792 3344 2361 1859
3839 2303 1792 3610 2360 1823
4095 2303 1792 3938 2322 1733
0 2559 1792 868 2499 1739
256 2559 1792 880 2504 1739
512 2559 1792 997 2500 1747
768 2559 1792 1172 2493 1761
1024 2559 1792 1376 2484 1782
1280 2559 1792 1579 2478 1804
1536 2559 1792 1765 2480 1817
1792 2559 1792 1912 2498 1788
2048 2559 1792 2083 2517 1737
2303 2559 1792 2308 2521 1737
2559 2559 1792 2537 2525 1737
2815 2559 1792 2769 2530 1737
3071 2559 1792 3003 2535 1736
3327 2559 1792 3233 2543 1747
3583 2559 1792 3380 2584 1885
3839 2559 1792 3626 2593 1854
4095 2559 1792 3949 2563 1737
0 2815 1792 937 2746 1742
256 2815 1792 949 2752 1743
512 2815 1792 1058 2748 1753
768 2815 1792 1225 2742 1771
1024 2815 1792 1424 2733 1796
1280 2815 1792 1629 2726 1823
1536 2815 1792 1827 2722 1848
1792 2815 1792 2002 2729 1851
2048 2815 1792 2141 2753 1788
2303 2815 1792 2345 2761 1774
2559 2815 1792 2569 2764 1793
2815 2815 1792 2789 2771 1811
3071 2815 1792 3007 2780 1829
3327 2815 1792 3223 2792 1845
3583 2815 1792 3438 2806 1865
3839 2815 1792 3645 2826 1897
4095 2815 1792 3961 2805 1741
0 3071 1792 1011 2991 1747
256 3071 1792 1016 3001 1746
512 3071 1792 1117 2997 1757
768 3071 1792 1277 2991 1777
1024 3071 1792 1471 2983 1805
1280 3071 1792 1677 2975 1837
1536 3071 1792 1882 2969 1870
1792 3071 1792 2072 2969 1890
2048 3071 1792 2239 2980 1877
2303 3071 1792 2418 2992 1858
2559 3071 1792 2624 2998 1870
2815 3071 1792 2833 3006 1884
3071 3071 1792 3042 3016 1897
3327 3071 1792 3253 3028 1910
3583 3071 1792 3464 3043 1924
3839 3071 1792 3672 3060 1952
4095 3071 1792 3973 3048 1748
0 3327 1792 1076 3243 1751
256 3327 1792 1091 3249 1752
512 3327 1792 1185 3246 1763
768 3327 1792 1335 3240 1784
1024 3327 1792 1522 3232 1813
1280 3327 1792 1724 3224 1848
1536 3327 1792 1932 3217 1885
1792 3327 1792 2133 3213 1917
2048 3327 1792 2316 3217 1929
2303 3327 1792 2491 3227 1919
2559 3327 1792 2687 3233 1929
2815 3327 1792 2887 3242 1938
3071 3327 1792 3090 3252 1949
3327 3327 1792 3296 3264 1959
3583 3327 1792 3504 3277 1970
3839 3327 1792 3713 3292 1981
4095 3327 1792 3988 3293 1753
0 3583 1792 1153 3488 1756
256 3583 1792 1161 3498 1756
512 3583 1792 1249 3495 1768
768 3583 1792 1392 3490 1789
1024 3583 1792 1573 3482 1820
1280 3583 1792 1773 3474 1856
1536 3583 1792 1981 3466 1897
1792 3583 1792 2187 3460 1935
2048 3583 1792 2382 3459 1963
2303 3583 1792 2561 3465 1968
2559 3583 1792 2750 3472 1974
2815 3583 1792 2944 3480 1982
3071 3583 1792 3143 3489 1990
3327 3583 1792 3345 3500 1998
3583 3583 1792 3550 3512 2006
3839 3583 1792 3757 3526 2015
4095 3583 1792 4003 3538 1769
0 3839 1792 1225 3738 1761
256 3839 1792 1234 3747 1762
512 3839 1792 1316 3744 1774
768 3839 1792 1452 3739 1795
1024 3839 1792 1626 3732 1826
1280 3839 1792 1821 3724 1862
1536 3839 1792 2029 3716 1904
1792 3839 1792 2238 3709 1948
2048 3839 1792 2440 3705 1985
2303 3839 1792 2629 3706 2006
2559 3839 1792 2812 3712 2012
2815 3839 1792 3002 3720 2017
3071 3839 1792 3197 3728 2023
3327 3839 1792 3396 3738 2030
3583 3839 1792 3599 3749 2036
3839 3839 1792 3804 3761 2043
4095 3839 1792 4012 3775 2051
0 4095 1792 1306 3976 1768
256 4095 1792 1320 3978 1768
512 4095 1792 1367 3982 1768
768 4095 1792 1451 3990 1767
1024 4095 1792 1570 3997 1767
1280 4095 1792 1720 3999 1767
1536 4095 1792 1889 4000 1767
1792 4095 1792 2075 4002 1767
2048 4095 1792 2271 4003 1767
2303 4095 1792 2477 4005 1768
2559 4095 1792 2689 4008 1767
2815 4095 1792 2906 4011 1767
3071 4095 1792 3128 4014 1768
3327 4095 1792 3353 4017 1766
3583 4095 1792 3581 4021 1768
3839 4095 1792 3810 4025 1769
4095 4095 1792 4022 4010 1765
0 0 2048 471 352 1967
256 0 2048 493 340 1967
512 0 2048 638 345 1967
768 0 2048 831 355 1967
1024 0 2048 1047 368 1967
1280 0 2048 1274 385 1967
1536 0 2048 1505 406 1967
1792 0 2048 1741 429 1967
2048 0 2048 1978 455 1967
2303 0 2048 2216 484 1967
2559 0 2048 2455 513 1967
2815 0 2048 2696 545 1967
3071 0 2048 2937 577 1966
3327 0 2048 3178 611 1966
3583 0 2048 3419 646 1966
3839 0 2048 3661 681 1966
4095 0 2048 3883 753 1964
0 256 2048 448 408 1968
256 256 2048 513 416 1947
512 256 2048 668 434 1907
768 256 2048 844 443 1918
1024 256 2048 1048 455 1928
1280 256 2048 1269 469 1939
1536 256 2048 1498 487 1946
1792 256 2048 1732 506 1952
2048 256 2048 1970 528 1957
2303 256 2048 2207 552 1959
2559 256 2048 2447 578 1962
2815 256 2048 2688 606 1963
3071 256 2048 2929 635 1964
3327 256 2048 3171 665 1965
3583 256 2048 3413 697 1966
3839 256 2048 3655 729 1966
4095 256 2048 3890 770 1965
0 512 2048 471 589 1968
256 512 2048 527 590 1950
512 512 2048 694 606 1883
768 512 2048 878 635 1807
1024 512 2048 1058 650 1832
1280 512 2048 1261 665 1862
1536 512 2048 1480 681 1888
1792 512 2048 1709 698 1908
2048 512 2048 1944 716 1925
2303 512 2048 2181 735 1937
2559 512 2048 2421 755 1946
2815 512 2048 2663 777 1953
3071 512 2048 2906 800 1958
3327 512 2048 3149 823 1962
3583 512 2048 3392 849 1965
3839 512 2048 3635 875 1967
4095 512 2048 3904 849 1966
0 768 2048 495 807 1968
256 768 2048 550 807 1954
512 768 2048 714 814 1900
768 768 2048 903 830 1827
1024 768 2048 1082 853 1794
1280 768 2048 1268 874 1808
1536 768 2048 1471 896 1834
1792 768 2048 1688 916 1862
2048 768 2048 1915 937 1887
2303 768 2048 2148 956 1909
2559 768 2048 2386 976 1926
2815 768 2048 2627 995 1940
3071 768 2048 2870 1015 1951
3327 768 2048 3113 1036 1959
3583 768 2048 3358 1057 1965
3839 768 2048 3602 1079 1970
4095 768 2048 3906 1004 1966
0 1024 2048 546 1044 1969
256 1024 2048 578 1039 1962
512 1024 2048 739 1041 1919
768 1024 2048 932 1049 1857
1024 1024 2048 1115 1063 1821
1280 1024 2048 1300 1061 1923
1536 1024 2048 1499 1093 1864
1792 1024 2048 1697 1124 1857
2048 1024 2048 1908 1152 1873
2303 1024 2048 2128 1177 1894
2559 1024 2048 2357 1200 1915
2815 1024 2048 2593 1222 1933
3071 1024 2048 2832 1244 1948
3327 1024 2048 3074 1265 1960
3583 1024 2048 3318 1285 1970
3839 1024 2048 3572 1295 1977
4095 1024 2048 3909 1194 1967
0 1280 2048 583 1281 1970
256 1280 2048 623 1279 1963
512 1280 2048 776 1278 1931
768 1280 2048 968 1279 1886
1024 1280 2048 1156 1287 1852
1280 1280 2048 1328 1295 1905
1536 1280 2048 1540 1294 1970
1792 1280 2048 1770 1300 1970
2048 1280 2048 1952 1345 1914
2303 1280 2048 2148 1381 1910
2559 1280 2048 2358 1412 1922
2815 1280 2048 2579 1441 1939
3071 1280 2048 2809 1467 1955
3327 1280 2048 3044 1491 1970
3583 1280 2048 3283 1514 1982
3839 1280 2048 3574 1490 1984
4095 1280 2048 3914 1403 1969
0 1536 2048 636 1524 1972
256 1536 2048 669 1522 1968
512 1536 2048 815 1519 1947
768 1536 2048 1007 1517 1915
1024 1536 2048 1201 1519 1886
1280 1536 2048 1371 1529 1904
1536 1536 2048 1557 1535 1972
1792 1536 2048 1784 1540 1972
2048 1536 2048 2016 1545 1972
2303 1536 2048 2248 1552 1971
2559 1536 2048 2417 1602 1953
2815 1536 2048 2610 1642 1959
3071 1536 2048 2818 1676 1973
3327 1536 2048 3038 1707 1988
3583 1536 2048 3287 1720 1998
3839 1536 2048 3581 1696 1994
4095 1536 2048 3919 1625 1970
0 1792 2048 696 1768 1973
256 1792 2048 722 1767 1972
512 1792 2048 860 1764 1959
768 1792 2048 1048 1759 1940
1024 1792 2048 1247 1757 1922
1280 1792 2048 1425 1763 1922
1536 1792 2048 1577 1778 1974
1792 1792 2048 1802 1782 1974
2048 1792 2048 2031 1787 1974
2303 1792 2048 2262 1792 1973
2559 1792 2048 2496 1799 1973
2815 1792 2048 2723 1812 1974
3071 1792 2048 2878 1868 1990
3327 1792 2048 3064 1912 2009
3583 1792 2048 3302 1929 2017
3839 1792 2048 3590 1913 2006
4095 1792 2048 3926 1854 1972
0 2048 2048 748 2014 1976
256 2048 2048 784 2013 1975
512 2048 2048 913 2009 1969
768 2048 2048 1096 2003 1961
1024 2048 2048 1295 1999 1953
1280 2048 2048 1483 2000 1953
1536 2048 2048 1626 2017 1969
1792 2048 2048 1822 2026 1976
2048 2048 2048 2048 2030 1976
2303 2048 2048 2277 2035 1976
2559 2048 2048 2510 2041 1975
2815 2048 2048 2745 2047 1975
3071 2048 2048 2946 2071 1990
3327 2048 2048 3100 2124 2030
3583 2048 2048 3322 2146 2041
3839 2048 2048 3601 2137 2023
4095 2048 2048 3934 2089 1974
0 2303 2048 818 2258 1978
256 2303 2048 841 2259 1979
512 2303 2048 963 2255 1978
768 2303 2048 1141 2249 1978
1024 2303 2048 1342 2242 1980
1280 2303 2048 1539 2239 1985
1536 2303 2048 1706 2248 1990
1792 2303 2048 1845 2271 1978
2048 2303 2048 2068 2274 1978
2303 2303 2048 2295 2279 1978
2559 2303 2048 2526 2283 1978
2815 2303 2048 2759 2289 1978
3071 2303 2048 2993 2295 1977
3327 2303 2048 3150 2337 2041
3583 2303 2048 3347 2367 2068
3839 2303 2048 3614 2365 2043
4095 2303 2048 3943 2326 1977
0 2559 2048 881 2506 1981
256 2559 2048 907 2507 1982
512 2559 2048 1020 2503 1986
768 2559 2048 1189 2497 1992
1024 2559 2048 1387 2489 2002
1280 2559 2048 1590 2484 2014
1536 2559 2048 1777 2485 2024
1792 2559 2048 1919 2503 2009
2048 2559 2048 2091 2520 1981
2303 2559 2048 2315 2524 1981
2559 2559 2048 2543 2528 1981
2815 2559 2048 2775 2533 1981
3071 2559 2048 3008 2538 1980
3327 2559 2048 3237 2546 1988
3583 2559 2048 3380 2591 2095
3839 2559 2048 3630 2597 2070
4095 2559 2048 3953 2566 1980
0 2815 2048 949 2753 1984
256 2815 2048 974 2755 1986
512 2815 2048 1079 2751 1992
768 2815 2048 1241 2745 2003
1024 2815 2048 1435 2737 2018
1280 2815 2048 1640 2730 2038
1536 2815 2048 1837 2727 2056
1792 2815 2048 2009 2734 2059
2048 2815 2048 2135 2761 2003
2303 2815 2048 2337 2770 1984
2559 2815 2048 2563 2774 1984
2815 2815 2048 2793 2778 1984
3071 2815 2048 3024 2783 1984
3327 2815 2048 3258 2788 1983
3583 2815 2048 3433 2814 2097
3839 2815 2048 3649 2831 2106
4095 2815 2048 3965 2808 1984
0 3071 2048 1020 3001 1988
256 3071 2048 1041 3003 1990
512 3071 2048 1138 3000 1997
768 3071 2048 1292 2994 2011
1024 3071 2048 1481 2986 2030
1280 3071 2048 1686 2978 2055
1536 3071 2048 1891 2972 2080
1792 3071 2048 2079 2973 2097
2048 3071 2048 2239 2985 2083
2303 3071 2048 2362 3017 1988
2559 3071 2048 2585 3020 1987
2815 3071 2048 2813 3024 1987
3071 3071 2048 3043 3028 2003
3327 3071 2048 3269 3033 2024
3583 3071 2048 3491 3042 2044
3839 3071 2048 3674 3064 2154
4095 3071 2048 3978 3051 1988
0 3327 2048 1089 3250 1992
256 3327 2048 1111 3252 1994
512 3327 2048 1202 3248 2003
768 3327 2048 1348 3243 2018
1024 3327 2048 1530 3236 2040
1280 3327 2048 1734 3227 2068
1536 3327 2048 1942 3220 2099
1792 3327 2048 2140 3216 2125
2048 3327 2048 2320 3221 2134
2303 3327 2048 2473 3238 2100
2559 3327 2048 2649 3253 2063
2815 3327 2048 2865 3257 2079
3071 3327 2048 3081 3263 2095
3327 3327 2048 3296 3271 2111
3583 3327 2048 3510 3282 2126
3839 3327 2048 3722 3295 2153
4095 3327 2048 3992 3295 1994
0 3583 2048 1161 3498 1996
256 3583 2048 1182 3500 1999
512 3583 2048 1267 3497 2008
768 3583 2048 1406 3492 2025
1024 3583 2048 1583 3485 2049
1280 3583 2048 1782 3477 2079
1536 3583 2048 1991 3468 2114
1792 3583 2048 2194 3463 2146
2048 3583 2048 2386 3462 2169
2303 3583 2048 2559 3470 2167
2559 3583 2048 2727 3484 2139
2815 3583 2048 2929 3490 2151
3071 3583 2048 3134 3498 2163
3327 3583 2048 3341 3507 2175
3583 3583 2048 3549 3518 2188
3839 3583 2048 3759 3530 2200
4095 3583 2048 4007 3540 2006
0 3839 2048 1234 3746 2001
256 3839 2048 1253 3749 2003
512 3839 2048 1332 3746 2013
768 3839 2048 1464 3742 2030
1024 3839 2048 1634 3735 2055
1280 3839 2048 1830 3727 2087
1536 3839 2048 2038 3718 2124
1792 3839 2048 2245 3711 2162
2048 3839 2048 2446 3707 2194
2303 3839 2048 2631 3709 2211
2559 3839 2048 2809 3717 2209
2815 3839 2048 2997 3726 2211
3071 3839 2048 3194 3734 2218
3327 3839 2048 3394 3743 2227
3583 3839 2048 3597 3753 2236
3839 3839 2048 3803 3765 2247
4095 3839 2048 4010 3778 2261
0 4095 2048 1325 3971 2004
256 4095 2048 1337 3973 2005
512 4095 2048 1382 3982 2005
768 4095 2048 1462 3994 2006
1024 4095 2048 1581 4000 2007
1280 4095 2048 1730 4001 2007
1536 4095 2048 1898 4002 2006
1792 4095 2048 2083 4004 2007
2048 4095 2048 2278 4006 2006
2303 4095 2048 2483 4008 2007
2559 4095 2048 2695 4010 2007
2815 4095 2048 2912 4013 2007
3071 4095 2048 3133 4016 2007
3327 4095 2048 3357 4019 2006
3583 4095 2048 3585 4023 2007
3839 4095 2048 3814 4027 2008
4095 4095 2048 4025 4011 2003
0 0 2303 529 395 2210
256 0 2303 542 382 2213
512 0 2303 675 386 2212
768 0 2303 859 395 2212
1024 0 2303 1068 407 2211
1280 0 2303 1290 422 2212
1536 0 2303 1519 441 2211
1792 0 2303 1752 463 2211
2048 0 2303 1988 486 2212
2303 0 2303 2224 513 2212
2559 0 2303 2463 541 2212
2815 0 2303 2702 570 2212
3071 0 2303 2942 602 2211
3327 0 2303 3183 633 2211
3583 0 2303 3424 667 2211
3839 0 2303 3665 701 2211
4095 0 2303 3904 741 2210
0 256 2303 503 443 2213
256 256 2303 558 449 2197
512 256 2303 706 467 2157
768 256 2303 874 474 2165
1024 256 2303 1073 485 2174
1280 256 2303 1289 498 2182
1536 256 2303 1514 515 2189
1792 256 2303 1745 534 2195
2048 256 2303 1980 554 2199
2303 256 2303 2217 577 2202
2559 256 2303 2455 602 2205
2815 256 2303 2695 628 2207
3071 256 2303 2936 657 2208
3327 256 2303 3177 685 2209
3583 256 2303 3418 716 2210
3839 256 2303 3660 748 2210
4095 256 2303 3906 768 2210
0 512 2303 522 612 2212
256 512 2303 572 613 2196
512 512 2303 731 629 2134
768 512 2303 915 658 2056
1024 512 2303 1090 672 2071
1280 512 2303 1287 686 2099
1536 512 2303 1502 701 2124
1792 512 2303 1727 717 2144
2048 512 2303 1958 734 2161
2303 512 2303 2193 752 2174
2559 512 2303 2432 772 2183
2815 512 2303 2672 793 2191
3071 512 2303 2913 816 2197
3327 512 2303 3155 839 2202
3583 512 2303 3398 864 2205
3839 512 2303 3640 890 2208
4095 512 2303 3908 865 2211
0 768 2303 546 823 2213
256 768 2303 594 823 2199
512 768 2303 749 831 2146
768 768 2303 936 848 2071
1024 768 2303 1118 874 2011
1280 768 2303 1299 895 2025
1536 768 2303 1497 914 2054
1792 768 2303 1709 933 2085
2048 768 2303 1933 951 2112
2303 768 2303 2163 970 2135
2559 768 2303 2399 989 2155
2815 768 2303 2638 1008 2170
3071 768 2303 2879 1028 2182
3327 768 2303 3121 1048 2192
3583 768 2303 3364 1069 2200
3839 768 2303 3608 1091 2206
4095 768 2303 3910 1018 2212
0 1024 2303 598 1057 2211
256 1024 2303 616 1051 2209
512 1024 2303 773 1054 2162
768 1024 2303 962 1063 2097
1024 1024 2303 1148 1079 2040
1280 1024 2303 1326 1093 2058
1536 1024 2303 1519 1114 2061
1792 1024 2303 1716 1142 2064
2048 1024 2303 1925 1167 2084
2303 1024 2303 2144 1190 2108
2559 1024 2303 2371 1212 2132
2815 1024 2303 2605 1233 2152
3071 1024 2303 2843 1254 2170
3327 1024 2303 3083 1275 2185
3583 1024 2303 3325 1295 2196
3839 1024 2303 3574 1309 2206
4095 1024 2303 3913 1205 2212
0 1280 2303 630 1292 2213
256 1280 2303 658 1288 2209
512 1280 2303 806 1288 2174
768 1280 2303 995 1291 2121
1024 1280 2303 1184 1300 2072
1280 1280 2303 1361 1312 2074
1536 1280 2303 1554 1303 2215
1792 1280 2303 1768 1324 2167
2048 1280 2303 1959 1363 2118
2303 1280 2303 2158 1396 2116
2559 1280 2303 2369 1425 2130
2815 1280 2303 2590 1452 2149
3071 1280 2303 2819 1477 2168
3327 1280 2303 3053 1501 2185
3583 1280 2303 3291 1523 2200
3839 1280 2303 3578 1500 2213
4095 1280 2303 3917 1413 2213
0 1536 2303 684 1533 2213
256 1536 2303 700 1530 2214
512 1536 2303 842 1528 2187
768 1536 2303 1030 1527 2147
1024 1536 2303 1224 1530 2107
1280 1536 2303 1404 1539 2097
1536 1536 2303 1571 1542 2211
1792 1536 2303 1795 1547 2216
2048 1536 2303 2025 1553 2216
2303 1536 2303 2235 1575 2191
2559 1536 2303 2416 1619 2165
2815 1536 2303 2614 1655 2168
3071 1536 2303 2825 1687 2181
3327 1536 2303 3045 1717 2197
3583 1536 2303 3292 1730 2212
3839 1536 2303 3585 1705 2221
4095 1536 2303 3923 1633 2215
0 1792 2303 748 1776 2212
256 1792 2303 749 1774 2218
512 1792 2303 881 1771 2200
768 1792 2303 1070 1768 2171
1024 1792 2303 1267 1767 2141
1280 1792 2303 1452 1772 2127
1536 1792 2303 1611 1783 2177
1792 1792 2303 1813 1788 2218
2048 1792 2303 2040 1793 2218
2303 1792 2303 2270 1799 2218
2559 1792 2303 2504 1805 2218
2815 1792 2303 2706 1832 2208
3071 1792 2303 2880 1879 2206
3327 1792 2303 3069 1922 2217
3583 1792 2303 3308 1938 2230
3839 1792 2303 3594 1921 2232
4095 1792 2303 3929 1861 2217
0 2048 2303 784 2019 2218
256 2048 2303 810 2019 2218
512 2048 2303 934 2016 2207
768 2048 2303 1113 2011 2191
1024 2048 2303 1312 2007 2172
1280 2048 2303 1504 2008 2161
1536 2048 2303 1667 2018 2177
1792 2048 2303 1833 2031 2220
2048 2048 2303 2057 2036 2220
2303 2048 2303 2285 2040 2220
2559 2048 2303 2517 2046 2219
2815 2048 2303 2751 2052 2219
3071 2048 2303 2944 2081 2223
3327 2048 2303 3103 2133 2240
3583 2048 2303 3327 2154 2251
3839 2048 2303 3605 2144 2246
4095 2048 2303 3937 2094 2219
0 2303 2303 860 2260 2217
256 2303 2303 861 2265 2222
512 2303 2303 980 2261 2217
768 2303 2303 1156 2256 2209
1024 2303 2303 1356 2250 2200
1280 2303 2303 1555 2247 2195
1536 2303 2303 1730 2252 2199
1792 2303 2303 1855 2275 2222
2048 2303 2303 2077 2279 2222
2303 2303 2303 2303 2283 2222
2559 2303 2303 2533 2288 2222
2815 2303 2303 2765 2293 2221
3071 2303 2303 2999 2299 2221
3327 2303 2303 3149 2346 2258
3583 2303 2303 3351 2374 2276
3839 2303 2303 3619 2371 2264
4095 2303 2303 3946 2331 2221
0 2559 2303 919 2506 2221
256 2559 2303 924 2512 2225
512 2559 2303 1035 2508 2224
768 2559 2303 1202 2503 2223
1024 2559 2303 1399 2496 2223
1280 2559 2303 1603 2490 2226
1536 2559 2303 1792 2491 2231
1792 2559 2303 1942 2505 2233
2048 2559 2303 2100 2524 2224
2303 2559 2303 2323 2528 2224
2559 2559 2303 2551 2532 2224
2815 2559 2303 2781 2537 2224
3071 2559 2303 3014 2542 2224
3327 2559 2303 3220 2559 2248
3583 2559 2303 3383 2598 2303
3839 2559 2303 3635 2602 2287
4095 2559 2303 3957 2570 2224
0 2815 2303 980 2753 2225
256 2815 2303 992 2759 2228
512 2815 2303 1096 2755 2230
768 2815 2303 1256 2750 2235
1024 2815 2303 1449 2742 2242
1280 2815 2303 1652 2735 2252
1536 2815 2303 1850 2732 2263
1792 2815 2303 2022 2739 2268
2048 2815 2303 2142 2765 2237
2303 2815 2303 2345 2774 2227
2559 2815 2303 2571 2778 2227
2815 2815 2303 2799 2782 2227
3071 2815 2303 3030 2787 2226
3327 2815 2303 3263 2792 2226
3583 2815 2303 3428 2822 2320
3839 2815 2303 3654 2835 2318
4095 2815 2303 3969 2811 2227
0 3071 2303 1054 2996 2226
256 3071 2303 1057 3006 2230
512 3071 2303 1151 3004 2235
768 3071 2303 1304 2998 2243
1024 3071 2303 1493 2991 2256
1280 3071 2303 1698 2983 2272
1536 3071 2303 1902 2977 2290
1792 3071 2303 2090 2977 2303
2048 3071 2303 2246 2991 2294
2303 3071 2303 2370 3020 2230
2559 3071 2303 2593 3024 2230
2815 3071 2303 2819 3028 2230
3071 3071 2303 3048 3032 2230
3327 3071 2303 3280 3037 2229
3583 3071 2303 3513 3042 2229
3839 3071 2303 3678 3069 2359
4095 3071 2303 3981 3054 2232
0 3327 2303 1115 3248 2232
256 3327 2303 1127 3255 2235
512 3327 2303 1216 3252 2241
768 3327 2303 1361 3247 2252
1024 3327 2303 1544 3239 2268
1280 3327 2303 1746 3231 2289
1536 3327 2303 1952 3224 2312
1792 3327 2303 2149 3221 2333
2048 3327 2303 2326 3225 2340
2303 3327 2303 2471 3244 2308
2559 3327 2303 2617 3270 2234
2815 3327 2303 2841 3274 2233
3071 3327 2303 3068 3278 2233
3327 3327 2303 3298 3282 2233
3583 3327 2303 3530 3287 2233
3839 3327 2303 3716 3301 2391
4095 3327 2303 3996 3298 2236
0 3583 2303 1187 3493 2235
256 3583 2303 1195 3503 2238
512 3583 2303 1279 3501 2245
768 3583 2303 1418 3495 2258
1024 3583 2303 1594 3488 2277
1280 3583 2303 1794 3480 2302
1536 3583 2303 2001 3472 2330
1792 3583 2303 2203 3466 2356
2048 3583 2303 2394 3466 2375
2303 3583 2303 2561 3475 2371
2559 3583 2303 2702 3498 2314
2815 3583 2303 2874 3517 2254
3071 3583 2303 3103 3518 2274
3327 3583 2303 3328 3522 2294
3583 3583 2303 3550 3528 2313
3839 3583 2303 3769 3536 2331
4095 3583 2303 4012 3543 2243
0 3839 2303 1260 3738 2239
256 3839 2303 1264 3752 2242
512 3839 2303 1344 3749 2250
768 3839 2303 1475 3745 2264
1024 3839 2303 1646 3738 2285
1280 3839 2303 1841 3729 2312
1536 3839 2303 2048 3721 2343
1792 3839 2303 2254 3714 2374
2048 3839 2303 2453 3710 2402
2303 3839 2303 2635 3713 2415
2559 3839 2303 2811 3722 2413
2815 3839 2303 2996 3731 2411
3071 3839 2303 3185 3742 2400
3327 3839 2303 3383 3754 2388
3583 3839 2303 3591 3763 2391
3839 3839 2303 3803 3773 2406
4095 3839 2303 4010 3783 2467
0 4095 2303 1340 3974 2241
256 4095 2303 1349 3981 2243
512 4095 2303 1386 4001 2246
768 4095 2303 1474 4001 2247
1024 4095 2303 1595 4002 2247
1280 4095 2303 1741 4003 2247
1536 4095 2303 1908 4004 2246
1792 4095 2303 2092 4006 2247
2048 4095 2303 2287 4008 2247
2303 4095 2303 2490 4010 2246
2559 4095 2303 2702 4012 2247
2815 4095 2303 2918 4015 2247
3071 4095 2303 3139 4018 2247
3327 4095 2303 3363 4021 2247
3583 4095 2303 3590 4025 2248
3839 4095 2303 3818 4029 2248
4095 4095 2303 4047 4032 2244
0 0 2559 587 439 2453
256 0 2559 596 425 2458
512 0 2559 714 428 2458
768 0 2559 889 435 2458
1024 0 2559 1092 446 2458
1280 0 2559 1309 460 2458
1536 0 2559 1534 477 2457
1792 0 2559 1765 497 2458
2048 0 2559 1999 518 2458
2303 0 2559 2234 543 2458
2559 0 2559 2472 569 2458
2815 0 2559 2710 597 2458
3071 0 2559 2949 627 2457
3327 0 2559 3190 657 2457
3583 0 2559 3430 689 2457
3839 0 2559 3671 722 2457
4095 0 2559 3895 785 2451
0 256 2559 564 482 2458
256 256 2559 605 483 2448
512 256 2559 746 501 2407
768 256 2559 906 508 2413
1024 256 2559 1099 518 2420
1280 256 2559 1310 530 2428
1536 256 2559 1532 545 2434
1792 256 2559 1760 563 2439
2048 256 2559 1993 582 2444
2303 256 2559 2227 604 2447
2559 256 2559 2465 627 2449
2815 256 2559 2704 652 2452
3071 256 2559 2943 679 2453
3327 256 2559 3184 707 2454
3583 256 2559 3424 737 2455
3839 256 2559 3665 767 2455
4095 256 2559 3904 799 2454
0 512 2559 573 636 2458
256 512 2559 621 638 2443
512 512 2559 770 654 2386
768 512 2559 951 682 2310
1024 512 2559 1123 697 2315
1280 512 2559 1315 709 2340
1536 512 2559 1525 722 2363
1792 512 2559 1746 738 2383
2048 512 2559 1974 754 2399
2303 512 2559 2207 772 2412
2559 512 2559 2443 791 2423
2815 512 2559 2682 811 2431
3071 512 2559 2922 834 2438
3327 512 2559 3163 856 2443
3583 512 2559 3404 880 2447
3839 512 2559 3646 906 2450
4095 512 2559 3913 882 2457
0 768 2559 594 840 2459
256 768 2559 640 841 2446
512 768 2559 786 849 2396
768 768 2559 970 867 2320
1024 768 2559 1155 895 2246
1280 768 2559 1332 916 2249
1536 768 2559 1525 933 2281
1792 768 2559 1733 950 2312
2048 768 2559 1953 968 2341
2303 768 2559 2180 985 2365
2559 768 2559 2413 1004 2385
2815 768 2559 2650 1022 2402
3071 768 2559 2889 1041 2416
3327 768 2559 3130 1061 2427
3583 768 2559 3373 1082 2436
3839 768 2559 3615 1103 2443
4095 768 2559 3915 1032 2458
0 1024 2559 635 1068 2457
256 1024 2559 663 1064 2453
512 1024 2559 806 1068 2410
768 1024 2559 994 1078 2342
1024 1024 2559 1181 1096 2274
1280 1024 2559 1360 1117 2248
1536 1024 2559 1544 1136 2262
1792 1024 2559 1739 1160 2275
2048 1024 2559 1946 1183 2299
2303 1024 2559 2162 1205 2326
2559 1024 2559 2388 1225 2352
2815 1024 2559 2619 1246 2374
3071 1024 2559 2855 1266 2394
3327 1024 2559 3094 1286 2411
3583 1024 2559 3335 1306 2425
3839 1024 2559 3581 1322 2437
4095 1024 2559 3918 1216 2458
0 1280 2559 667 1300 2459
256 1280 2559 701 1299 2453
512 1280 2559 839 1300 2419
768 1280 2559 1023 1304 2363
1024 1280 2559 1214 1314 2304
1280 1280 2559 1394 1329 2275
1536 1280 2559 1575 1338 2324
1792 1280 2559 1776 1351 2346
2048 1280 2559 1972 1382 2320
2303 1280 2559 2172 1412 2323
2559 1280 2559 2383 1439 2340
2815 1280 2559 2604 1465 2361
3071 1280 2559 2831 1489 2383
3327 1280 2559 3064 1511 2402
3583 1280 2559 3301 1533 2419
3839 1280 2559 3583 1512 2442
4095 1280 2559 3922 1422 2459
0 1536 2559 723 1541 2457
256 1536 2559 737 1538 2460
512 1536 2559 872 1538 2431
768 1536 2559 1055 1538 2386
1024 1536 2559 1249 1542 2337
1280 1536 2559 1434 1552 2306
1536 1536 2559 1607 1561 2347
1792 1536 2559 1806 1565 2409
2048 1536 2559 2031 1566 2444
2303 1536 2559 2231 1597 2398
2559 1536 2559 2421 1636 2373
2815 1536 2559 2622 1669 2376
3071 1536 2559 2834 1700 2389
3327 1536 2559 3054 1728 2407
3583 1536 2559 3298 1741 2428
3839 1536 2559 3591 1715 2449
4095 1536 2559 3928 1641 2460
0 1792 2559 772 1782 2458
256 1792 2559 785 1781 2462
512 1792 2559 911 1779 2442
768 1792 2559 1091 1777 2408
1024 1792 2559 1289 1777 2368
1280 1792 2559 1478 1782 2340
1536 1792 2559 1649 1792 2356
1792 1792 2559 1825 1795 2463
2048 1792 2559 2051 1800 2463
2303 1792 2559 2280 1806 2463
2559 1792 2559 2512 1812 2463
2815 1792 2559 2697 1851 2429
3071 1792 2559 2882 1893 2420
3327 1792 2559 3076 1933 2426
3583 1792 2559 3314 1948 2443
3839 1792 2559 3600 1930 2459
4095 1792 2559 3934 1868 2462
0 2048 2559 814 2025 2463
256 2048 2559 844 2025 2462
512 2048 2559 962 2022 2448
768 2048 2559 1135 2019 2425
1024 2048 2559 1331 2016 2397
1280 2048 2559 1525 2017 2374
1536 2048 2559 1700 2025 2377
1792 2048 2559 1845 2038 2465
2048 2048 2559 2068 2042 2465
2303 2048 2559 2295 2046 2465
2559 2048 2559 2526 2052 2465
2815 2048 2559 2759 2058 2464
3071 2048 2559 2950 2090 2452
3327 2048 2559 3110 2143 2449
3583 2048 2559 3333 2163 2462
3839 2048 2559 3611 2152 2471
4095 2048 2559 3943 2100 2464
0 2303 2559 887 2266 2460
256 2303 2559 892 2270 2467
512 2303 2559 1005 2267 2458
768 2303 2559 1175 2263 2443
1024 2303 2559 1372 2258 2425
1280 2303 2559 1572 2255 2409
1536 2303 2559 1754 2259 2406
1792 2303 2559 1902 2274 2439
2048 2303 2559 2088 2284 2467
2303 2303 2559 2312 2288 2467
2559 2303 2559 2541 2293 2466
2815 2303 2559 2773 2299 2466
3071 2303 2559 3006 2305 2466
3327 2303 2559 3153 2355 2472
3583 2303 2559 3357 2382 2485
3839 2303 2559 3625 2378 2486
4095 2303 2559 3951 2336 2466
0 2559 2559 941 2512 2465
256 2559 2559 955 2516 2469
512 2559 2559 1061 2513 2464
768 2559 2559 1223 2508 2457
1024 2559 2559 1416 2502 2448
1280 2559 2559 1618 2498 2441
1536 2559 2559 1810 2498 2439
1792 2559 2559 1972 2508 2448
2048 2559 2559 2110 2529 2469
2303 2559 2559 2332 2533 2469
2559 2559 2559 2559 2537 2469
2815 2559 2559 2789 2542 2469
3071 2559 2559 3021 2547 2468
3327 2559 2559 3217 2569 2483
3583 2559 2559 3388 2605 2512
3839 2559 2559 3641 2608 2506
4095 2559 2559 3962 2575 2468
0 2815 2559 1005 2758 2467
256 2815 2559 1018 2763 2472
512 2815 2559 1118 2760 2470
768 2815 2559 1274 2755 2469
1024 2815 2559 1464 2748 2468
1280 2815 2559 1666 2742 2468
1536 2815 2559 1864 2739 2472
1792 2815 2559 2040 2744 2477
2048 2815 2559 2169 2766 2476
2303 2815 2559 2354 2778 2471
2559 2815 2559 2579 2782 2471
2815 2815 2559 2807 2786 2471
3071 2815 2559 3037 2791 2471
3327 2815 2559 3269 2796 2471
3583 2815 2559 3430 2829 2535
3839 2815 2559 3659 2841 2532
4095 2815 2559 3974 2815 2471
0 3071 2559 1073 3002 2469
256 3071 2559 1080 3011 2475
512 3071 2559 1174 3008 2476
768 3071 2559 1324 3003 2479
1024 3071 2559 1510 2996 2484
1280 3071 2559 1712 2988 2491
1536 3071 2559 1915 2983 2501
1792 3071 2559 2103 2983 2510
2048 3071 2559 2261 2995 2509
2303 3071 2559 2379 3024 2474
2559 3071 2559 2601 3028 2474
2815 3071 2559 2826 3031 2474
3071 3071 2559 3055 3036 2474
3327 3071 2559 3286 3040 2473
3583 3071 2559 3504 3050 2500
3839 3071 2559 3683 3075 2567
4095 3071 2559 3986 3058 2475
0 3327 2559 1134 3253 2475
256 3327 2559 1150 3258 2478
512 3327 2559 1238 3255 2481
768 3327 2559 1380 3250 2488
1024 3327 2559 1560 3243 2498
1280 3327 2559 1759 3236 2511
1536 3327 2559 1964 3229 2526
1792 3327 2559 2160 3226 2541
2048 3327 2559 2337 3230 2548
2303 3327 2559 2478 3249 2526
2559 3327 2559 2625 3274 2477
2815 3327 2559 2848 3277 2477
3071 3327 2559 3075 3281 2477
3327 3327 2559 3304 3286 2476
3583 3327 2559 3535 3290 2476
3839 3327 2559 3716 3307 2605
4095 3327 2559 4001 3301 2478
0 3583 2559 1208 3496 2476
256 3583 2559 1215 3507 2481
512 3583 2559 1298 3504 2486
768 3583 2559 1435 3499 2495
1024 3583 2559 1610 3492 2509
1280 3583 2559 1807 3484 2526
1536 3583 2559 2011 3476 2546
1792 3583 2559 2214 3471 2567
2048 3583 2559 2403 3471 2582
2303 3583 2559 2568 3480 2580
2559 3583 2559 2698 3506 2527
2815 3583 2559 2872 3524 2480
3071 3583 2559 3096 3527 2480
3327 3583 2559 3324 3531 2480
3583 3583 2559 3554 3536 2480
3839 3583 2559 3785 3540 2479
4095 3583 2559 4016 3546 2485
0 3839 2559 1276 3745 2481
256 3839 2559 1285 3755 2485
512 3839 2559 1364 3752 2491
768 3839 2559 1493 3747 2502
1024 3839 2559 1662 3741 2518
1280 3839 2559 1854 3733 2538
1536 3839 2559 2058 3725 2562
1792 3839 2559 2263 3718 2588
2048 3839 2559 2462 3714 2611
2303 3839 2559 2642 3718 2621
2559 3839 2559 2815 3727 2619
2815 3839 2559 2998 3736 2617
3071 3839 2559 3184 3748 2604
3327 3839 2559 3374 3764 2567
3583 3839 2559 3573 3782 2483
3839 3839 2559 3804 3785 2503
4095 3839 2559 4018 3789 2624
0 4095 2559 1347 3993 2485
256 4095 2559 1360 3994 2485
512 4095 2559 1407 3997 2486
768 4095 2559 1491 4001 2487
1024 4095 2559 1608 4004 2488
1280 4095 2559 1753 4006 2488
1536 4095 2559 1921 4007 2489
1792 4095 2559 2102 4009 2488
2048 4095 2559 2297 4010 2489
2303 4095 2559 2499 4012 2489
2559 4095 2559 2709 4015 2488
2815 4095 2559 2925 4018 2488
3071 4095 2559 3145 4021 2488
3327 4095 2559 3369 4024 2489
3583 4095 2559 3595 4028 2488
3839 4095 2559 3824 4032 2490
4095 4095 2559 4047 4030 2485
0 0 2815 645 482 2696
256 0 2815 653 471 2702
512 0 2815 756 470 2704
768 0 2815 921 476 2704
1024 0 2815 1117 486 2704
1280 0 2815 1330 498 2704
1536 0 2815 1552 514 2704
1792 0 2815 1780 532 2704
2048 0 2815 2012 552 2704
2303 0 2815 2245 575 2704
2559 0 2815 2481 599 2704
2815 0 2815 2719 626 2704
3071 0 2815 2957 654 2704
3327 0 2815 3197 683 2704
3583 0 2815 3437 713 2703
3839 0 2815 3677 745 2703
4095 0 2815 3902 804 2696
0 256 2815 625 521 2702
256 256 2815 653 519 2698
512 256 2815 787 536 2658
768 256 2815 940 542 2662
1024 256 2815 1127 551 2668
1280 256 2815 1333 563 2674
1536 256 2815 1551 576 2680
1792 256 2815 1776 593 2684
2048 256 2815 2007 611 2689
2303 256 2815 2240 632 2692
2559 256 2815 2476 654 2694
2815 256 2815 2713 678 2696
3071 256 2815 2952 704 2698
3327 256 2815 3191 730 2699
3583 256 2815 3431 759 2700
3839 256 2815 3672 788 2701
4095 256 2815 3906 824 2698
0 512 2815 625 662 2704
256 512 2815 670 665 2690
512 512 2815 810 680 2637
768 512 2815 987 707 2565
1024 512 2815 1157 722 2562
1280 512 2815 1344 733 2584
1536 512 2815 1549 746 2605
1792 512 2815 1767 760 2623
2048 512 2815 1992 776 2640
2303 512 2815 2222 793 2653
2559 512 2815 2456 812 2663
2815 512 2815 2693 831 2672
3071 512 2815 2932 853 2679
3327 512 2815 3172 875 2685
3583 512 2815 3412 898 2689
3839 512 2815 3654 923 2693
4095 512 2815 3919 899 2703
0 768 2815 644 859 2705
256 768 2815 688 860 2692
512 768 2815 825 869 2645
768 768 2815 1005 887 2571
1024 768 2815 1191 916 2490
1280 768 2815 1367 938 2480
1536 768 2815 1555 953 2512
1792 768 2815 1759 969 2544
2048 768 2815 1975 986 2572
2303 768 2815 2199 1002 2597
2559 768 2815 2429 1020 2618
2815 768 2815 2664 1038 2636
3071 768 2815 2901 1057 2650
3327 768 2815 3141 1076 2662
3583 768 2815 3382 1096 2672
3839 768 2815 3624 1117 2680
4095 768 2815 3921 1046 2704
0 1024 2815 681 1081 2702
256 1024 2815 710 1079 2698
512 1024 2815 845 1084 2656
768 1024 2815 1026 1094 2590
1024 1024 2815 1215 1113 2515
1280 1024 2815 1395 1137 2464
1536 1024 2815 1575 1158 2469
1792 1024 2815 1766 1179 2490
2048 1024 2815 1970 1200 2517
2303 1024 2815 2183 1220 2546
2559 1024 2815 2406 1240 2574
2815 1024 2815 2635 1260 2599
3071 1024 2815 2869 1279 2620
3327 1024 2815 3106 1298 2638
3583 1024 2815 3346 1318 2654
3839 1024 2815 3592 1332 2669
4095 1024 2815 3924 1228 2704
0 1280 2815 712 1312 2704
256 1280 2815 744 1311 2699
512 1280 2815 875 1312 2663
768 1280 2815 1053 1318 2607
1024 1280 2815 1244 1328 2542
1280 1280 2815 1427 1345 2494
1536 1280 2815 1605 1362 2495
1792 1280 2815 1793 1380 2509
2048 1280 2815 1990 1402 2522
2303 1280 2815 2190 1429 2532
2559 1280 2815 2401 1454 2552
2815 1280 2815 2620 1478 2576
3071 1280 2815 2846 1501 2599
3327 1280 2815 3077 1523 2621
3583 1280 2815 3312 1544 2640
3839 1280 2815 3590 1525 2671
4095 1280 2815 3928 1432 2705
0 1536 2815 757 1549 2704
256 1536 2815 781 1548 2703
512 1536 2815 907 1548 2674
768 1536 2815 1083 1549 2628
1024 1536 2815 1276 1555 2572
1280 1536 2815 1463 1565 2526
1536 1536 2815 1640 1578 2527
1792 1536 2815 1826 1592 2545
2048 1536 2815 2024 1608 2563
2303 1536 2815 2231 1623 2585
2559 1536 2815 2430 1653 2578
2815 1536 2815 2633 1684 2583
3071 1536 2815 2846 1713 2598
3327 1536 2815 3066 1740 2617
3583 1536 2815 3306 1755 2642
3839 1536 2815 3597 1726 2677
4095 1536 2815 3934 1649 2706
0 1792 2815 810 1789 2702
256 1792 2815 824 1789 2706
512 1792 2815 946 1788 2683
768 1792 2815 1118 1787 2646
1024 1792 2815 1311 1788 2601
1280 1792 2815 1504 1794 2560
1536 1792 2815 1682 1804 2552
1792 1792 2815 1859 1814 2592
2048 1792 2815 2058 1825 2613
2303 1792 2815 2270 1834 2638
2559 1792 2815 2500 1837 2670
2815 1792 2815 2695 1871 2641
3071 1792 2815 2885 1909 2629
3327 1792 2815 3085 1945 2634
3583 1792 2815 3321 1960 2656
3839 1792 2815 3607 1939 2685
4095 1792 2815 3940 1875 2707
0 2048 2815 850 2032 2708
256 2048 2815 878 2032 2707
512 2048 2815 993 2030 2689
768 2048 2815 1160 2027 2661
1024 2048 2815 1352 2026 2627
1280 2048 2815 1547 2028 2594
1536 2048 2815 1728 2034 2581
1792 2048 2815 1892 2045 2629
2048 2048 2815 2084 2051 2683
2303 2048 2815 2306 2053 2710
2559 2048 2815 2535 2059 2710
2815 2048 2815 2767 2065 2710
3071 2048 2815 2964 2095 2684
3327 2048 2815 3118 2153 2658
3583 2048 2815 3340 2173 2674
3839 2048 2815 3618 2160 2696
4095 2048 2815 3948 2106 2709
0 2303 2815 914 2273 2706
256 2303 2815 928 2276 2711
512 2303 2815 1038 2273 2698
768 2303 2815 1201 2270 2678
1024 2303 2815 1392 2266 2654
1280 2303 2815 1590 2265 2628
1536 2303 2815 1778 2268 2614
1792 2303 2815 1943 2278 2635
2048 2303 2815 2100 2290 2712
2303 2303 2815 2323 2294 2712
2559 2303 2815 2551 2299 2712
2815 2303 2815 2781 2304 2711
3071 2303 2815 3014 2311 2711
3327 2303 2815 3162 2364 2686
3583 2303 2815 3364 2392 2695
3839 2303 2815 3631 2386 2709
4095 2303 2815 3957 2341 2711
0 2559 2815 973 2517 2708
256 2559 2815 985 2521 2713
512 2559 2815 1088 2519 2705
768 2559 2815 1248 2514 2692
1024 2559 2815 1436 2509 2676
1280 2559 2815 1635 2506 2660
1536 2559 2815 1828 2506 2649
1792 2559 2815 2001 2513 2655
2048 2559 2815 2132 2532 2705
2303 2559 2815 2343 2538 2714
2559 2559 2815 2568 2542 2714
2815 2559 2815 2797 2547 2713
3071 2559 2815 3028 2552 2713
3327 2559 2815 3221 2577 2710
3583 2559 2815 3394 2614 2720
3839 2559 2815 3646 2616 2726
4095 2559 2815 3968 2580 2713
0 2815 2815 1029 2765 2713
256 2815 2815 1048 2768 2716
512 2815 2815 1145 2765 2711
768 2815 2815 1297 2760 2704
1024 2815 2815 1483 2754 2696
1280 2815 2815 1682 2749 2688
1536 2815 2815 1880 2746 2683
1792 2815 2815 2061 2750 2685
2048 2815 2815 2207 2765 2700
2303 2815 2815 2365 2783 2716
2559 2815 2815 2588 2787 2716
2815 2815 2815 2815 2791 2716
3071 2815 2815 3045 2796 2715
3327 2815 2815 3276 2801 2715
3583 2815 2815 3435 2837 2745
3839 2815 2815 3665 2848 2748
4095 2815 2815 3980 2820 2715
0 3071 2815 1097 3008 2713
256 3071 2815 1108 3015 2719
512 3071 2815 1199 3012 2717
768 3071 2815 1345 3007 2715
1024 3071 2815 1527 3001 2713
1280 3071 2815 1727 2994 2712
1536 3071 2815 1929 2989 2714
1792 3071 2815 2119 2989 2718
2048 3071 2815 2282 2999 2723
2303 3071 2815 2389 3028 2718
2559 3071 2815 2610 3032 2718
2815 3071 2815 2835 3036 2718
3071 3071 2815 3063 3040 2718
3327 3071 2815 3293 3045 2718
3583 3071 2815 3497 3059 2747
3839 3071 2815 3689 3081 2778
4095 3071 2815 3992 3062 2718
0 3327 2815 1159 3258 2718
256 3327 2815 1174 3262 2722
512 3327 2815 1259 3259 2722
768 3327 2815 1398 3255 2724
1024 3327 2815 1575 3248 2728
1280 3327 2815 1772 3241 2733
1536 3327 2815 1975 3235 2740
1792 3327 2815 2173 3232 2749
2048 3327 2815 2352 3235 2756
2303 3327 2815 2493 3253 2749
2559 3327 2815 2634 3278 2721
2815 3327 2815 2856 3281 2721
3071 3327 2815 3082 3285 2721
3327 3327 2815 3311 3289 2720
3583 3327 2815 3542 3294 2720
3839 3327 2815 3721 3314 2813
4095 3327 2815 4007 3305 2721
0 3583 2815 1227 3504 2721
256 3583 2815 1240 3510 2725
512 3583 2815 1321 3507 2727
768 3583 2815 1454 3503 2732
1024 3583 2815 1625 3496 2740
1280 3583 2815 1820 3489 2750
1536 3583 2815 2024 3481 2763
1792 3583 2815 2226 3476 2777
2048 3583 2815 2415 3476 2789
2303 3583 2815 2579 3485 2790
2559 3583 2815 2702 3511 2753
2815 3583 2815 2880 3527 2724
3071 3583 2815 3104 3531 2724
3327 3583 2815 3331 3535 2723
3583 3583 2815 3560 3539 2723
3839 3583 2815 3791 3544 2723
4095 3583 2815 4022 3549 2727
0 3839 2815 1296 3750 2724
256 3839 2815 1307 3758 2728
512 3839 2815 1383 3756 2732
768 3839 2815 1510 3751 2739
1024 3839 2815 1675 3745 2750
1280 3839 2815 1866 3737 2764
1536 3839 2815 2069 3729 2781
1792 3839 2815 2274 3723 2801
2048 3839 2815 2472 3719 2819
2303 3839 2815 2652 3722 2828
2559 3839 2815 2820 3732 2826
2815 3839 2815 3001 3742 2824
3071 3839 2815 3184 3755 2811
3327 3839 2815 3370 3773 2769
3583 3839 2815 3579 3785 2726
3839 3839 2815 3809 3789 2726
4095 3839 2815 4039 3794 2735
0 4095 2815 1376 3981 2720
256 4095 2815 1389 3983 2721
512 4095 2815 1432 3989 2724
768 4095 2815 1511 3999 2728
1024 4095 2815 1624 4008 2731
1280 4095 2815 1769 4009 2731
1536 4095 2815 1933 4010 2731
1792 4095 2815 2114 4012 2731
2048 4095 2815 2306 4014 2731
2303 4095 2815 2509 4016 2731
2559 4095 2815 2718 4018 2731
2815 4095 2815 2933 4021 2731
3071 4095 2815 3153 4024 2731
3327 4095 2815 3375 4027 2731
3583 4095 2815 3601 4031 2731
3839 4095 2815 3829 4035 2732
4095 4095 2815 4050 4031 2726
0 0 3071 703 526 2938
256 0 3071 711 516 2946
512 0 3071 800 512 2950
768 0 3071 956 518 2950
1024 0 3071 1145 526 2949
1280 0 3071 1352 537 2950
1536 0 3071 1571 552 2949
1792 0 3071 1796 569 2949
2048 0 3071 2026 587 2950
2303 0 3071 2257 609 2949
2559 0 3071 2492 632 2950
2815 0 3071 2729 656 2950
3071 0 3071 2966 683 2949
3327 0 3071 3205 710 2950
3583 0 3071 3444 740 2949
3839 0 3071 3684 770 2949
4095 0 3071 3922 804 2948
0 256 3071 685 561 2945
256 256 3071 701 555 2948
512 256 3071 829 572 2908
768 256 3071 976 578 2911
1024 256 3071 1156 586 2915
1280 256 3071 1357 597 2921
1536 256 3071 1571 610 2925
1792 256 3071 1794 625 2929
2048 256 3071 2022 642 2934
2303 256 3071 2253 662 2936
2559 256 3071 2487 683 2939
2815 256 3071 2723 706 2941
3071 256 3071 2961 731 2943
3327 256 3071 3199 756 2944
3583 256 3071 3439 784 2945
3839 256 3071 3678 812 2946
4095 256 3071 3924 829 2949
0 512 3071 679 690 2950
256 512 3071 720 693 2938
512 512 3071 852 708 2888
768 512 3071 1023 733 2821
1024 512 3071 1191 749 2811
1280 512 3071 1374 759 2830
1536 512 3071 1575 771 2849
1792 512 3071 1789 785 2866
2048 512 3071 2011 800 2881
2303 512 3071 2238 816 2894
2559 512 3071 2470 834 2904
2815 512 3071 2706 853 2914
3071 512 3071 2943 874 2921
3327 512 3071 3181 896 2927
3583 512 3071 3421 918 2931
3839 512 3071 3661 943 2935
4095 512 3071 3925 920 2949
0 768 3071 696 880 2951
256 768 3071 736 882 2939
512 768 3071 865 891 2895
768 768 3071 1041 909 2823
1024 768 3071 1228 937 2739
1280 768 3071 1403 961 2716
1536 768 3071 1586 975 2748
1792 768 3071 1786 989 2778
2048 768 3071 1999 1005 2806
2303 768 3071 2219 1021 2831
2559 768 3071 2447 1038 2853
2815 768 3071 2679 1055 2871
3071 768 3071 2915 1073 2886
3327 768 3071 3153 1092 2899
3583 768 3071 3392 1112 2909
3839 768 3071 3633 1133 2918
4095 768 3071 3926 1064 2949
0 1024 3071 732 1098 2947
256 1024 3071 755 1096 2945
512 1024 3071 883 1101 2905
768 1024 3071 1060 1112 2838
1024 1024 3071 1249 1131 2761
1280 1024 3071 1431 1157 2696
1536 1024 3071 1608 1177 2697
1792 1024 3071 1796 1199 2709
2048 1024 3071 1996 1218 2740
2303 1024 3071 2206 1237 2770
2559 1024 3071 2426 1256 2799
2815 1024 3071 2653 1275 2825
3071 1024 3071 2884 1293 2848
3327 1024 3071 3120 1312 2867
3583 1024 3071 3358 1331 2884
3839 1024 3071 3600 1347 2900
4095 1024 3071 3930 1243 2950
0 1280 3071 759 1324 2949
256 1280 3071 788 1323 2945
512 1280 3071 911 1326 2910
768 1280 3071 1086 1332 2853
1024 1280 3071 1275 1344 2785
1280 1280 3071 1460 1361 2724
1536 1280 3071 1637 1379 2712
1792 1280 3071 1821 1399 2720
2048 1280 3071 2014 1421 2730
2303 1280 3071 2212 1447 2743
2559 1280 3071 2421 1470 2766
2815 1280 3071 2638 1493 2792
3071 1280 3071 2862 1514 2817
3327 1280 3071 3092 1536 2841
3583 1280 3071 3326 1556 2862
3839 1280 3071 3597 1541 2899
4095 1280 3071 3934 1444 2951
0 1536 3071 804 1560 2947
256 1536 3071 821 1558 2950
512 1536 3071 942 1559 2920
768 1536 3071 1114 1562 2871
1024 1536 3071 1304 1568 2812
1280 1536 3071 1493 1579 2756
1536 1536 3071 1672 1594 2733
1792 1536 3071 1853 1610 2741
2048 1536 3071 2043 1629 2751
2303 1536 3071 2239 1650 2763
2559 1536 3071 2442 1673 2778
2815 1536 3071 2648 1700 2791
3071 1536 3071 2860 1727 2808
3327 1536 3071 3080 1753 2829
3583 1536 3071 3314 1770 2856
3839 1536 3071 3604 1740 2904
4095 1536 3071 3939 1659 2951
0 1792 3071 854 1798 2945
256 1792 3071 860 1798 2954
512 1792 3071 976 1797 2930
768 1792 3071 1147 1797 2888
1024 1792 3071 1338 1800 2838
1280 1792 3071 1530 1806 2788
1536 1792 3071 1712 1817 2760
1792 1792 3071 1890 1830 2768
2048 1792 3071 2078 1845 2779
2303 1792 3071 2272 1862 2792
2559 1792 3071 2475 1881 2808
2815 1792 3071 2685 1900 2827
3071 1792 3071 2893 1926 2836
3327 1792 3071 3097 1958 2842
3583 1792 3071 3329 1973 2869
3839 1792 3071 3613 1951 2911
4095 1792 3071 3946 1884 2953
0 2048 3071 890 2039 2952
256 2048 3071 914 2039 2952
512 2048 3071 1023 2038 2933
768 2048 3071 1187 2037 2901
1024 2048 3071 1376 2036 2861
1280 2048 3071 1570 2039 2820
1536 2048 3071 1756 2046 2793
1792 2048 3071 1930 2056 2802
2048 2048 3071 2115 2069 2815
2303 2048 3071 2309 2082 2830
2559 2048 3071 2513 2096 2848
2815 2048 3071 2728 2108 2871
3071 2048 3071 2959 2114 2898
3327 2048 3071 3130 2164 2868
3583 2048 3071 3349 2185 2885
3839 2048 3071 3624 2171 2920
4095 2048 3071 3954 2114 2954
0 2303 3071 958 2278 2945
256 2303 3071 960 2282 2957
512 2303 3071 1063 2281 2943
768 2303 3071 1224 2278 2918
1024 2303 3071 1414 2275 2885
1280 2303 3071 1610 2275 2853
1536 2303 3071 1801 2278 2828
1792 2303 3071 1976 2287 2832
2048 2303 3071 2150 2297 2863
2303 2303 3071 2344 2307 2881
2559 2303 3071 2553 2316 2904
2815 2303 3071 2779 2319 2934
3071 2303 3071 3022 2317 2957
3327 2303 3071 3173 2373 2900
3583 2303 3071 3372 2402 2904
3839 2303 3071 3637 2395 2931
4095 2303 3071 3963 2348 2956
0 2559 3071 1008 2523 2950
256 2559 3071 1015 2528 2959
512 2559 3071 1113 2525 2949
768 2559 3071 1268 2522 2931
1024 2559 3071 1455 2518 2908
1280 2559 3071 1654 2515 2883
1536 2559 3071 1848 2515 2864
1792 2559 3071 2028 2521 2860
2048 2559 3071 2182 2533 2899
2303 2559 3071 2354 2544 2959
2559 2559 3071 2579 2548 2959
2815 2559 3071 2807 2553 2958
3071 2559 3071 3037 2558 2958
3327 2559 3071 3233 2583 2938
3583 2559 3071 3402 2623 2928
3839 2559 3071 3653 2624 2946
4095 2559 3071 3973 2586 2958
0 2815 3071 1064 2768 2954
256 2815 3071 1075 2773 2960
512 2815 3071 1169 2771 2954
768 2815 3071 1318 2767 2942
1024 2815 3071 1501 2762 2927
1280 2815 3071 1699 2757 2911
1536 2815 3071 1897 2755 2897
1792 2815 3071 2082 2757 2892
2048 2815 3071 2243 2768 2908
2303 2815 3071 2376 2788 2961
2559 2815 3071 2598 2792 2961
2815 2815 3071 2824 2796 2961
3071 2815 3071 3053 2801 2960
3327 2815 3071 3284 2806 2960
3583 2815 3071 3442 2846 2955
3839 2815 3071 3672 2856 2965
4095 2815 3071 3985 2825 2960
0 3071 3071 1132 3009 2952
256 3071 3071 1136 3018 2961
512 3071 3071 1220 3018 2960
768 3071 3071 1363 3013 2953
1024 3071 3071 1543 3008 2945
1280 3071 3071 1741 3002 2936
1536 3071 3071 1943 2997 2929
1792 3071 3071 2136 2996 2926
2048 3071 3071 2307 3004 2932
2303 3071 3071 2435 3025 2953
2559 3071 3071 2620 3036 2963
2815 3071 3071 2844 3040 2963
3071 3071 3071 3071 3045 2963
3327 3071 3071 3301 3049 2962
3583 3071 3071 3500 3067 2974
3839 3071 3071 3695 3088 2990
4095 3071 3071 3998 3067 2963
0 3327 3071 1188 3260 2960
256 3327 3071 1199 3267 2966
512 3327 3071 1282 3264 2964
768 3327 3071 1418 3260 2962
1024 3327 3071 1592 3254 2960
1280 3327 3071 1787 3247 2957
1536 3327 3071 1989 3242 2957
1792 3327 3071 2188 3238 2959
2048 3327 3071 2370 3241 2964
2303 3327 3071 2520 3255 2969
2559 3327 3071 2644 3282 2965
2815 3327 3071 2865 3285 2965
3071 3327 3071 3091 3289 2965
3327 3327 3071 3319 3294 2965
3583 3327 3071 3549 3298 2965
3839 3327 3071 3727 3320 3021
4095 3327 3071 4012 3310 2966
0 3583 3071 1257 3502 2959
256 3583 3071 1261 3514 2968
512 3583 3071 1341 3512 2969
768 3583 3071 1472 3507 2970
1024 3583 3071 1641 3501 2972
1280 3583 3071 1834 3494 2976
1536 3583 3071 2037 3487 2981
1792 3583 3071 2239 3482 2989
2048 3583 3071 2429 3482 2997
2303 3583 3071 2596 3490 3001
2559 3583 3071 2722 3513 2987
2815 3583 3071 2889 3531 2968
3071 3583 3071 3112 3535 2968
3327 3583 3071 3338 3539 2968
3583 3583 3071 3567 3543 2967
3839 3583 3071 3784 3550 3005
4095 3583 3071 4028 3553 2970
0 3839 3071 1324 3748 2963
256 3839 3071 1329 3760 2970
512 3839 3071 1401 3760 2973
768 3839 3071 1527 3755 2977
1024 3839 3071 1690 3749 2983
1280 3839 3071 1880 3742 2991
1536 3839 3071 2082 3734 3002
1792 3839 3071 2287 3728 3014
2048 3839 3071 2485 3724 3027
2303 3839 3071 2664 3727 3036
2559 3839 3071 2829 3738 3035
2815 3839 3071 3004 3750 3032
3071 3839 3071 3183 3764 3020
3327 3839 3071 3362 3783 2975
3583 3839 3071 3586 3789 2970
3839 3839 3071 3816 3793 2970
4095 3839 3071 4045 3798 2978
0 4095 3071 1398 3984 2961
256 4095 3071 1407 3992 2965
512 4095 3071 1444 4010 2975
768 4095 3071 1528 4010 2975
1024 4095 3071 1644 4011 2975
1280 4095 3071 1785 4012 2975
1536 4095 3071 1947 4014 2974
1792 4095 3071 2127 4015 2975
2048 4095 3071 2319 4017 2974
2303 4095 3071 2519 4019 2974
2559 4095 3071 2727 4021 2974
2815 4095 3071 2942 4024 2974
3071 4095 3071 3161 4027 2975
3327 4095 3071 3383 4031 2974
3583 4095 3071 3608 4034 2975
3839 4095 3071 3836 4038 2975
4095 4095 3071 4058 4036 2969
0 0 3327 761 569 3180
256 0 3327 768 560 3189
512 0 3327 845 554 3196
768 0 3327 993 559 3196
1024 0 3327 1175 567 3196
1280 0 3327 1377 577 3196
1536 0 3327 1591 590 3196
1792 0 3327 1813 606 3196
2048 0 3327 2041 623 3196
2303 0 3327 2271 643 3196
2559 0 3327 2504 664 3196
2815 0 3327 2739 688 3196
3071 0 3327 2976 713 3196
3327 0 3327 3214 739 3196
3583 0 3327 3452 767 3195
3839 0 3327 3691 796 3195
4095 0 3327 3918 846 3186
0 256 3327 745 601 3188
256 256 3327 752 593 3196
512 256 3327 871 608 3160
768 256 3327 1013 615 3159
1024 256 3327 1187 622 3163
1280 256 3327 1383 632 3168
1536 256 3327 1593 644 3171
1792 256 3327 1813 658 3175
2048 256 3327 2038 675 3179
2303 256 3327 2267 693 3182
2559 256 3327 2500 713 3184
2815 256 3327 2735 735 3186
3071 256 3327 2971 758 3188
3327 256 3327 3209 783 3190
3583 256 3327 3447 809 3191
3839 256 3327 3686 836 3191
4095 256 3327 3929 856 3194
0 512 3327 731 720 3197
256 512 3327 771 723 3184
512 512 3327 894 738 3138
768 512 3327 1060 761 3077
1024 512 3327 1226 777 3060
1280 512 3327 1405 787 3077
1536 512 3327 1602 798 3094
1792 512 3327 1812 811 3109
2048 512 3327 2031 825 3124
2303 512 3327 2255 841 3136
2559 512 3327 2486 858 3146
2815 512 3327 2719 876 3156
3071 512 3327 2954 897 3163
3327 512 3327 3192 917 3169
3583 512 3327 3430 940 3174
3839 512 3327 3670 963 3178
4095 512 3327 3932 941 3195
0 768 3327 748 902 3197
256 768 3327 785 904 3186
512 768 3327 907 913 3144
768 768 3327 1078 932 3075
1024 768 3327 1264 960 2991
1280 768 3327 1439 984 2961
1536 768 3327 1618 997 2987
1792 768 3327 1815 1010 3016
2048 768 3327 2023 1025 3043
2303 768 3327 2241 1040 3067
2559 768 3327 2466 1057 3089
2815 768 3327 2696 1073 3107
3071 768 3327 2929 1091 3123
3327 768 3327 3165 1110 3136
3583 768 3327 3403 1129 3147
3839 768 3327 3643 1149 3157
4095 768 3327 3934 1081 3195
0 1024 3327 776 1113 3195
256 1024 3327 805 1113 3189
512 1024 3327 925 1119 3152
768 1024 3327 1095 1130 3088
1024 1024 3327 1283 1150 3010
1280 1024 3327 1463 1172 2955
1536 1024 3327 1640 1190 2959
1792 1024 3327 1828 1211 2963
2048 1024 3327 2024 1235 2970
2303 1024 3327 2231 1255 2997
2559 1024 3327 2448 1273 3026
2815 1024 3327 2672 1290 3053
3071 1024 3327 2901 1308 3077
3327 1024 3327 3135 1327 3098
3583 1024 3327 3371 1345 3115
3839 1024 3327 3609 1364 3131
4095 1024 3327 3937 1257 3196
0 1280 3327 803 1338 3196
256 1280 3327 834 1338 3190
512 1280 3327 951 1341 3157
768 1280 3327 1119 1347 3101
1024 1280 3327 1307 1360 3031
1280 1280 3327 1492 1377 2968
1536 1280 3327 1666 1392 2967
1792 1280 3327 1851 1410 2971
2048 1280 3327 2045 1431 2976
2303 1280 3327 2243 1455 2982
2559 1280 3327 2446 1484 2989
2815 1280 3327 2658 1508 3010
3071 1280 3327 2880 1529 3038
3327 1280 3327 3108 1549 3063
3583 1280 3327 3340 1569 3086
3839 1280 3327 3604 1558 3126
4095 1280 3327 3942 1456 3197
0 1536 3327 845 1571 3194
256 1536 3327 866 1570 3194
512 1536 3327 979 1571 3166
768 1536 3327 1145 1575 3117
1024 1536 3327 1334 1582 3054
1280 1536 3327 1523 1594 2992
1536 1536 3327 1699 1607 2978
1792 1536 3327 1880 1622 2982
2048 1536 3327 2071 1640 2988
2303 1536 3327 2266 1660 2994
2559 1536 3327 2467 1684 3001
2815 1536 3327 2671 1712 3010
3071 1536 3327 2878 1741 3021
3327 1536 3327 3096 1766 3043
3583 1536 3327 3325 1786 3070
3839 1536 3327 3611 1755 3130
4095 1536 3327 3947 1669 3197
0 1792 3327 887 1808 3194
256 1792 3327 906 1807 3197
512 1792 3327 1014 1808 3173
768 1792 3327 1176 1808 3132
1024 1792 3327 1365 1812 3078
1280 1792 3327 1557 1819 3022
1536 1792 3327 1738 1830 2992
1792 1792 3327 1916 1842 2997
2048 1792 3327 2103 1857 3002
2303 1792 3327 2295 1875 3009
2559 1792 3327 2494 1896 3017
2815 1792 3327 2696 1919 3026
3071 1792 3327 2901 1945 3037
3327 1792 3327 3109 1973 3050
3583 1792 3327 3339 1988 3080
3839 1792 3327 3620 1964 3136
4095 1792 3327 3953 1893 3198
0 2048 3327 927 2048 3200
256 2048 3327 954 2048 3197
512 2048 3327 1058 2047 3177
768 2048 3327 1215 2046 3143
1024 2048 3327 1401 2047 3099
1280 2048 3327 1595 2050 3051
1536 2048 3327 1783 2058 3013
1792 2048 3327 1957 2068 3015
2048 2048 3327 2140 2081 3021
2303 2048 3327 2330 2096 3028
2559 2048 3327 2526 2114 3037
2815 2048 3327 2726 2134 3047
3071 2048 3327 2931 2155 3060
3327 2048 3327 3140 2178 3075
3583 2048 3327 3358 2198 3095
3839 2048 3327 3631 2182 3144
4095 2048 3327 3961 2122 3200
0 2303 3327 985 2288 3195
256 2303 3327 998 2290 3201
512 2303 3327 1097 2288 3186
768 2303 3327 1251 2286 3159
1024 2303 3327 1437 2285 3122
1280 2303 3327 1633 2285 3082
1536 2303 3327 1825 2289 3048
1792 2303 3327 2004 2297 3038
2048 2303 3327 2183 2308 3044
2303 2303 3327 2369 2321 3053
2559 2303 3327 2563 2336 3063
2815 2303 3327 2762 2353 3075
3071 2303 3327 2967 2370 3090
3327 2303 3327 3180 2386 3109
3583 2303 3327 3382 2414 3113
3839 2303 3327 3645 2405 3153
4095 2303 3327 3970 2355 3201
0 2559 3327 1036 2532 3199
256 2559 3327 1053 2534 3203
512 2559 3327 1147 2532 3191
768 2559 3327 1295 2529 3170
1024 2559 3327 1477 2526 3143
1280 2559 3327 1673 2524 3111
1536 2559 3327 1869 2525 3083
1792 2559 3327 2053 2530 3068
2048 2559 3327 2228 2540 3076
2303 2559 3327 2411 2551 3086
2559 2559 3327 2602 2563 3099
2815 2559 3327 2802 2576 3114
3071 2559 3327 3011 2588 3134
3327 2559 3327 3236 2595 3158
3583 2559 3327 3412 2633 3136
3839 2559 3327 3661 2633 3165
4095 2559 3327 3981 2592 3203
0 2815 3327 1092 2776 3201
256 2815 3327 1109 2779 3205
512 2815 3327 1199 2777 3196
768 2815 3327 1343 2773 3181
1024 2815 3327 1521 2769 3160
1280 2815 3327 1717 2765 3137
1536 2815 3327 1915 2764 3116
1792 2815 3327 2104 2766 3103
2048 2815 3327 2274 2774 3111
2303 2815 3327 2444 2786 3134
2559 2815 3327 2634 2796 3151
2815 2815 3327 2838 2804 3173
3071 2815 3327 3061 2807 3203
3327 2815 3327 3293 2812 3205
3583 2815 3327 3452 2854 3165
3839 2815 3327 3680 2864 3181
4095 2815 3327 3992 2831 3205
0 3071 3327 1155 3020 3201
256 3071 3327 1166 3025 3208
512 3071 3327 1251 3023 3202
768 3071 3327 1389 3019 3192
1024 3071 3327 1564 3014 3178
1280 3071 3327 1758 3009 3163
1536 3071 3327 1959 3005 3148
1792 3071 3327 2154 3005 3137
2048 3071 3327 2331 3010 3139
2303 3071 3327 2479 3025 3165
2559 3071 3327 2631 3042 3208
2815 3071 3327 2854 3045 3208
3071 3071 3327 3080 3050 3207
3327 3071 3327 3309 3054 3207
3583 3071 3327 3510 3073 3198
3839 3071 3327 3703 3096 3202
4095 3071 3327 4005 3072 3207
0 3327 3327 1212 3268 3207
256 3327 3327 1230 3271 3210
512 3327 3327 1310 3269 3206
768 3327 3327 1443 3265 3200
1024 3327 3327 1613 3260 3193
1280 3327 3327 1804 3254 3184
1536 3327 3327 2005 3249 3176
1792 3327 3327 2203 3246 3171
2048 3327 3327 2389 3248 3171
2303 3327 3327 2548 3259 3181
2559 3327 3327 2658 3286 3209
2815 3327 3327 2875 3290 3210
3071 3327 3327 3100 3294 3210
3327 3327 3327 3327 3298 3210
3583 3327 3327 3556 3303 3209
3839 3327 3327 3734 3328 3229
4095 3327 3327 4020 3314 3209
0 3583 3327 1279 3512 3207
256 3583 3327 1290 3518 3213
512 3583 3327 1367 3516 3211
768 3583 3327 1495 3512 3209
1024 3583 3327 1661 3507 3206
1280 3583 3327 1851 3500 3203
1536 3583 3327 2052 3494 3201
1792 3583 3327 2253 3489 3202
2048 3583 3327 2445 3488 3205
2303 3583 3327 2616 3495 3210
2559 3583 3327 2751 3514 3215
2815 3583 3327 2899 3536 3212
3071 3583 3327 3121 3539 3212
3327 3583 3327 3347 3543 3212
3583 3583 3327 3575 3547 3212
3839 3583 3327 3785 3557 3243
4095 3583 3327 4035 3558 3213
0 3839 3327 1344 3759 3210
256 3839 3327 1356 3766 3215
512 3839 3327 1429 3763 3216
768 3839 3327 1551 3759 3216
1024 3839 3327 1712 3754 3217
1280 3839 3327 1898 3747 3220
1536 3839 3327 2098 3740 3224
1792 3839 3327 2301 3734 3229
2048 3839 3327 2498 3731 3236
2303 3839 3327 2680 3733 3243
2559 3839 3327 2837 3745 3245
2815 3839 3327 3008 3757 3245
3071 3839 3327 3181 3773 3236
3327 3839 3327 3368 3789 3215
3583 3839 3327 3594 3793 3214
3839 3839 3327 3823 3797 3214
4095 3839 3327 4051 3802 3219
0 4095 3327 1416 3997 3208
256 4095 3327 1429 3998 3208
512 4095 3327 1473 4002 3210
768 4095 3327 1551 4007 3213
1024 4095 3327 1662 4013 3217
1280 4095 3327 1802 4016 3218
1536 4095 3327 1964 4017 3218
1792 4095 3327 2141 4019 3218
2048 4095 3327 2332 4020 3218
2303 4095 3327 2531 4023 3218
2559 4095 3327 2738 4025 3218
2815 4095 3327 2951 4028 3218
3071 4095 3327 3170 4031 3218
3327 4095 3327 3391 4034 3218
3583 4095 3327 3615 4038 3218
3839 4095 3327 3843 4042 3219
4095 4095 3327 4070 4045 3216
0 0 3583 818 612 3422
256 0 3583 826 604 3431
512 0 3583 891 596 3442
768 0 3583 1031 600 3442
1024 0 3583 1207 608 3442
1280 0 3583 1403 617 3442
1536 0 3583 1613 629 3442
1792 0 3583 1832 644 3441
2048 0 3583 2057 660 3442
2303 0 3583 2285 679 3441
2559 0 3583 2517 699 3442
2815 0 3583 2751 721 3442
3071 0 3583 2986 745 3441
3327 0 3583 3223 770 3442
3583 0 3583 3461 796 3441
3839 0 3583 3699 824 3441
4095 0 3583 3920 880 3426
0 256 3583 804 642 3430
256 256 3583 811 635 3439
512 256 3583 914 645 3412
768 256 3583 1052 652 3407
1024 256 3583 1220 659 3410
1280 256 3583 1411 668 3414
1536 256 3583 1617 679 3418
1792 256 3583 1833 693 3421
2048 256 3583 2056 708 3425
2303 256 3583 2283 725 3427
2559 256 3583 2513 745 3430
2815 256 3583 2747 765 3432
3071 256 3583 2982 788 3433
3327 256 3583 3219 811 3435
3583 256 3583 3456 836 3436
3839 256 3583 3695 863 3437
4095 256 3583 3929 893 3433
0 512 3583 785 751 3443
256 512 3583 823 755 3430
512 512 3583 938 768 3389
768 512 3583 1097 790 3333
1024 512 3583 1262 807 3311
1280 512 3583 1436 815 3326
1536 512 3583 1629 826 3340
1792 512 3583 1836 838 3354
2048 512 3583 2052 851 3368
2303 512 3583 2274 867 3379
2559 512 3583 2502 883 3389
2815 512 3583 2733 901 3398
3071 512 3583 2967 920 3406
3327 512 3583 3203 941 3412
3583 512 3583 3441 962 3417
3839 512 3583 3679 985 3421
4095 512 3583 3939 965 3441
0 768 3583 800 926 3443
256 768 3583 836 928 3432
512 768 3583 950 938 3393
768 768 3583 1116 955 3327
1024 768 3583 1297 981 3254
1280 768 3583 1466 996 3249
1536 768 3583 1649 1013 3252
1792 768 3583 1844 1031 3262
2048 768 3583 2049 1046 3283
2303 768 3583 2263 1061 3306
2559 768 3583 2485 1077 3326
2815 768 3583 2713 1093 3345
3071 768 3583 2945 1110 3361
3327 768 3583 3179 1128 3374
3583 768 3583 3416 1147 3386
3839 768 3583 3654 1167 3396
4095 768 3583 3941 1101 3441
0 1024 3583 827 1132 3440
256 1024 3583 854 1132 3436
512 1024 3583 968 1138 3399
768 1024 3583 1132 1150 3339
1024 1024 3583 1315 1169 3265
1280 1024 3583 1485 1182 3252
1536 1024 3583 1666 1196 3253
1792 1024 3583 1858 1214 3255
2048 1024 3583 2059 1235 3257
2303 1024 3583 2263 1259 3259
2559 1024 3583 2474 1286 3265
2815 1024 3583 2692 1307 3284
3071 1024 3583 2919 1325 3308
3327 1024 3583 3151 1343 3329
3583 1024 3583 3385 1361 3348
3839 1024 3583 3622 1379 3364
4095 1024 3583 3944 1274 3442
0 1280 3583 853 1353 3442
256 1280 3583 881 1353 3437
512 1280 3583 992 1356 3404
768 1280 3583 1154 1364 3349
1024 1280 3583 1339 1376 3279
1280 1280 3583 1511 1388 3255
1536 1280 3583 1688 1400 3257
1792 1280 3583 1878 1415 3259
2048 1280 3583 2076 1432 3261
2303 1280 3583 2279 1453 3263
2559 1280 3583 2486 1477 3266
2815 1280 3583 2696 1504 3269
3071 1280 3583 2908 1535 3274
3327 1280 3583 3127 1563 3288
3583 1280 3583 3356 1583 3311
3839 1280 3583 3612 1577 3352
4095 1280 3583 3949 1470 3442
0 1536 3583 891 1583 3440
256 1536 3583 912 1583 3440
512 1536 3583 1019 1584 3411
768 1536 3583 1179 1588 3363
1024 1536 3583 1364 1596 3300
1280 1536 3583 1543 1607 3260
1536 1536 3583 1717 1616 3262
1792 1536 3583 1903 1629 3264
2048 1536 3583 2098 1643 3266
2303 1536 3583 2298 1661 3268
2559 1536 3583 2504 1682 3271
2815 1536 3583 2712 1705 3275
3071 1536 3583 2921 1733 3279
3327 1536 3583 3132 1763 3284
3583 1536 3583 3343 1797 3290
3839 1536 3583 3620 1772 3356
4095 1536 3583 3954 1682 3443
0 1792 3583 937 1818 3436
256 1792 3583 946 1818 3444
512 1792 3583 1052 1819 3418
768 1792 3583 1210 1820 3375
1024 1792 3583 1393 1824 3321
1280 1792 3583 1581 1832 3269
1536 1792 3583 1751 1841 3268
1792 1792 3583 1934 1851 3270
2048 1792 3583 2125 1864 3272
2303 1792 3583 2323 1879 3275
2559 1792 3583 2526 1897 3278
2815 1792 3583 2731 1917 3282
3071 1792 3583 2939 1941 3286
3327 1792 3583 3147 1968 3292
3583 1792 3583 3356 1999 3298
3839 1792 3583 3629 1979 3361
4095 1792 3583 3960 1903 3444
0 2048 3583 969 2057 3444
256 2048 3583 994 2057 3442
512 2048 3583 1094 2057 3421
768 2048 3583 1246 2057 3386
1024 2048 3583 1428 2058 3339
1280 2048 3583 1620 2062 3287
1536 2048 3583 1793 2070 3276
1792 2048 3583 1970 2079 3278
2048 2048 3583 2158 2090 3280
2303 2048 3583 2352 2103 3283
2559 2048 3583 2552 2119 3287
2815 2048 3583 2755 2137 3291
3071 2048 3583 2960 2158 3296
3327 2048 3583 3167 2182 3302
3583 2048 3583 3374 2209 3309
3839 2048 3583 3640 2195 3367
4095 2048 3583 3969 2131 3445
0 2303 3583 1027 2295 3438
256 2303 3583 1035 2298 3447
512 2303 3583 1132 2297 3429
768 2303 3583 1282 2295 3399
1024 2303 3583 1462 2295 3361
1280 2303 3583 1656 2296 3316
1536 2303 3583 1841 2301 3286
1792 2303 3583 2014 2309 3288
2048 2303 3583 2197 2318 3291
2303 2303 3583 2387 2330 3294
2559 2303 3583 2584 2344 3298
2815 2303 3583 2784 2360 3303
3071 2303 3583 2986 2379 3309
3327 2303 3583 3191 2400 3316
3583 2303 3583 3396 2424 3324
3839 2303 3583 3653 2417 3374
4095 2303 3583 3977 2363 3446
0 2559 3583 1078 2537 3439
256 2559 3583 1086 2541 3449
512 2559 3583 1178 2540 3435
768 2559 3583 1324 2537 3411
1024 2559 3583 1502 2535 3379
1280 2559 3583 1695 2534 3343
1536 2559 3583 1891 2535 3307
1792 2559 3583 2065 2542 3301
2048 2559 3583 2243 2550 3304
2303 2559 3583 2429 2561 3308
2559 2559 3583 2621 2573 3313
2815 2559 3583 2818 2588 3319
3071 2559 3583 3018 2604 3326
3327 2559 3583 3220 2623 3334
3583 2559 3583 3425 2644 3344
3839 2559 3583 3669 2644 3384
4095 2559 3583 3988 2599 3448
0 2815 3583 1128 2782 3445
256 2815 3583 1143 2785 3450
512 2815 3583 1230 2783 3439
768 2815 3583 1371 2781 3421
1024 2815 3583 1545 2777 3396
1280 2815 3583 1737 2774 3367
1536 2815 3583 1934 2773 3339
1792 2815 3583 2124 2776 3318
2048 2815 3583 2297 2784 3322
2303 2815 3583 2477 2793 3327
2559 2815 3583 2665 2804 3333
2815 2815 3583 2858 2817 3340
3071 2815 3583 3055 2832 3349
3327 2815 3583 3256 2848 3360
3583 2815 3583 3463 2864 3373
3839 2815 3583 3688 2874 3397
4095 2815 3583 4000 2837 3450
0 3071 3583 1192 3022 3440
256 3071 3583 1195 3031 3453
512 3071 3583 1279 3029 3445
768 3071 3583 1416 3026 3431
1024 3071 3583 1588 3021 3413
1280 3071 3583 1779 3017 3391
1536 3071 3583 1977 3014 3370
1792 3071 3583 2172 3014 3352
2048 3071 3583 2355 3018 3347
2303 3071 3583 2530 3027 3353
2559 3071 3583 2712 3037 3361
2815 3071 3583 2901 3048 3371
3071 3071 3583 3097 3061 3383
3327 3071 3583 3300 3073 3399
3583 3071 3583 3519 3081 3421
3839 3071 3583 3712 3105 3414
4095 3071 3583 4012 3078 3451
0 3327 3583 1246 3271 3448
256 3327 3583 1257 3277 3455
512 3327 3583 1336 3275 3449
768 3327 3583 1466 3271 3440
1024 3327 3583 1634 3266 3428
1280 3327 3583 1824 3261 3413
1536 3327 3583 2022 3257 3398
1792 3327 3583 2220 3254 3386
2048 3327 3583 2408 3256 3380
2303 3327 3583 2576 3264 3388
2559 3327 3583 2743 3276 3405
2815 3327 3583 2925 3287 3421
3071 3327 3583 3118 3298 3443
3327 3327 3583 3336 3304 3454
3583 3327 3583 3565 3308 3454
3839 3327 3583 3744 3336 3437
4095 3327 3583 4027 3319 3454
0 3583 3583 1310 3515 3448
256 3583 3583 1318 3523 3457
512 3583 3583 1393 3521 3454
768 3583 3583 1519 3517 3448
1024 3583 3583 1682 3512 3441
1280 3583 3583 1869 3506 3432
1536 3583 3583 2068 3501 3424
1792 3583 3583 2268 3496 3417
2048 3583 3583 2461 3496 3414
2303 3583 3583 2637 3501 3418
2559 3583 3583 2786 3515 3432
2815 3583 3583 2910 3540 3457
3071 3583 3583 3131 3544 3457
3327 3583 3583 3356 3548 3457
3583 3583 3583 3583 3552 3457
3839 3583 3583 3794 3563 3463
4095 3583 3583 4042 3563 3457
0 3839 3583 1376 3757 3448
256 3839 3583 1380 3770 3459
512 3839 3583 1451 3768 3458
768 3839 3583 1571 3764 3456
1024 3839 3583 1730 3759 3453
1280 3839 3583 1914 3753 3449
1536 3839 3583 2112 3746 3447
1792 3839 3583 2315 3741 3445
2048 3839 3583 2513 3738 3447
2303 3839 3583 2697 3739 3451
2559 3839 3583 2859 3749 3457
2815 3839 3583 3010 3766 3462
3071 3839 3583 3173 3784 3462
3327 3839 3583 3377 3793 3459
3583 3839 3583 3603 3797 3459
3839 3839 3583 3831 3801 3459
4095 3839 3583 4059 3806 3462
0 4095 3583 1451 3986 3438
256 4095 3583 1462 3990 3441
512 4095 3583 1499 4002 3450
768 4095 3583 1571 4018 3462
1024 4095 3583 1684 4019 3462
1280 4095 3583 1823 4020 3462
1536 4095 3583 1980 4021 3462
1792 4095 3583 2158 4023 3462
2048 4095 3583 2345 4025 3462
2303 4095 3583 2544 4027 3462
2559 4095 3583 2750 4029 3462
2815 4095 3583 2962 4032 3462
3071 4095 3583 3179 4035 3462
3327 4095 3583 3400 4038 3462
3583 4095 3583 3624 4042 3462
3839 4095 3583 3851 4046 3463
4095 4095 3583 4078 4050 3460
0 0 3839 876 655 3664
256 0 3839 883 648 3673
512 0 3839 938 638 3688
768 0 3839 1072 642 3688
1024 0 3839 1240 649 3688
1280 0 3839 1431 658 3688
1536 0 3839 1637 669 3688
1792 0 3839 1853 682 3687
2048 0 3839 2075 697 3688
2303 0 3839 2301 715 3687
2559 0 3839 2531 734 3688
2815 0 3839 2764 755 3688
3071 0 3839 2998 777 3687
3327 0 3839 3234 801 3688
3583 0 3839 3470 827 3687
3839 0 3839 3708 853 3687
4095 0 3839 3927 909 3669
0 256 3839 863 683 3672
256 256 3839 870 676 3681
512 256 3839 958 682 3664
768 256 3839 1092 690 3655
1024 256 3839 1254 696 3658
1280 256 3839 1440 705 3661
1536 256 3839 1642 716 3664
1792 256 3839 1855 728 3667
2048 256 3839 2075 742 3671
2303 256 3839 2299 759 3673
2559 256 3839 2528 777 3675
2815 256 3839 2760 797 3677
3071 256 3839 2994 818 3678
3327 256 3839 3230 841 3680
3583 256 3839 3466 865 3681
3839 256 3839 3704 890 3682
4095 256 3839 3934 923 3675
0 512 3839 840 783 3688
256 512 3839 875 787 3677
512 512 3839 983 800 3639
768 512 3839 1133 818 3593
1024 512 3839 1289 829 3584
1280 512 3839 1464 839 3590
1536 512 3839 1657 853 3591
1792 512 3839 1861 864 3605
2048 512 3839 2074 878 3614
2303 512 3839 2293 894 3623
2559 512 3839 2519 910 3633
2815 512 3839 2749 927 3642
3071 512 3839 2981 946 3648
3327 512 3839 3216 966 3655
3583 512 3839 3452 986 3660
3839 512 3839 3689 1009 3664
4095 512 3839 3947 990 3686
0 768 3839 854 952 3688
256 768 3839 887 954 3679
512 768 3839 995 963 3641
768 768 3839 1150 979 3586
1024 768 3839 1305 988 3577
1280 768 3839 1478 998 3577
1536 768 3839 1668 1011 3577
1792 768 3839 1869 1026 3578
2048 768 3839 2078 1044 3578
2303 768 3839 2292 1065 3579
2559 768 3839 2510 1088 3582
2815 768 3839 2734 1109 3591
3071 768 3839 2961 1131 3600
3327 768 3839 3194 1149 3613
3583 768 3839 3429 1167 3625
3839 768 3839 3666 1187 3635
4095 768 3839 3949 1123 3687
0 1024 3839 877 1152 3687
256 1024 3839 904 1152 3682
512 1024 3839 1010 1158 3648
768 1024 3839 1166 1170 3595
1024 1024 3839 1323 1178 3578
1280 1024 3839 1493 1186 3578
1536 1024 3839 1681 1196 3578
1792 1024 3839 1881 1209 3579
2048 1024 3839 2088 1224 3579
2303 1024 3839 2301 1242 3580
2559 1024 3839 2518 1262 3580
2815 1024 3839 2737 1285 3581
3071 1024 3839 2958 1312 3582
3327 1024 3839 3181 1340 3584
3583 1024 3839 3407 1368 3590
3839 1024 3839 3638 1392 3601
4095 1024 3839 3952 1292 3687
0 1280 3839 903 1369 3687
256 1280 3839 929 1369 3683
512 1280 3839 1034 1373 3651
768 1280 3839 1188 1380 3602
1024 1280 3839 1346 1388 3579
1280 1280 3839 1514 1394 3579
1536 1280 3839 1699 1403 3580
1792 1280 3839 1896 1413 3580
2048 1280 3839 2102 1426 3581
2303 1280 3839 2313 1440 3581
2559 1280 3839 2528 1458 3582
2815 1280 3839 2746 1477 3583
3071 1280 3839 2966 1500 3583
3327 1280 3839 3187 1526 3584
3583 1280 3839 3409 1555 3586
3839 1280 3839 3633 1583 3591
4095 1280 3839 3957 1485 3688
0 1536 3839 938 1596 3686
256 1536 3839 958 1596 3686
512 1536 3839 1059 1598 3658
768 1536 3839 1214 1603 3611
1024 1536 3839 1376 1609 3581
1280 1536 3839 1540 1614 3581
1536 1536 3839 1721 1621 3581
1792 1536 3839 1916 1630 3582
2048 1536 3839 2119 1641 3582
2303 1536 3839 2328 1653 3583
2559 1536 3839 2542 1668 3584
2815 1536 3839 2758 1685 3584
3071 1536 3839 2977 1705 3585
3327 1536 3839 3197 1727 3586
3583 1536 3839 3417 1752 3588
3839 1536 3839 3640 1778 3592
4095 1536 3839 3962 1694 3688
0 1792 3839 978 1829 3683
256 1792 3839 991 1830 3689
512 1792 3839 1090 1831 3665
768 1792 3839 1243 1833 3622
1024 1792 3839 1410 1837 3585
1280 1792 3839 1571 1842 3583
1536 1792 3839 1749 1848 3584
1792 1792 3839 1940 1855 3584
2048 1792 3839 2141 1865 3585
2303 1792 3839 2347 1875 3585
2559 1792 3839 2558 1888 3586
2815 1792 3839 2773 1903 3587
3071 1792 3839 2990 1920 3588
3327 1792 3839 3208 1940 3589
3583 1792 3839 3427 1962 3590
3839 1792 3839 3646 1988 3592
4095 1792 3839 3968 1914 3689
0 2048 3839 1012 2067 3690
256 2048 3839 1036 2067 3688
512 2048 3839 1131 2067 3667
768 2048 3839 1278 2068 3631
1024 2048 3839 1452 2070 3588
1280 2048 3839 1608 2074 3586
1536 2048 3839 1782 2079 3586
1792 2048 3839 1969 2086 3587
2048 2048 3839 2166 2094 3587
2303 2048 3839 2370 2103 3588
2559 2048 3839 2579 2115 3589
2815 2048 3839 2791 2128 3590
3071 2048 3839 3006 2143 3591
3327 2048 3839 3222 2161 3592
3583 2048 3839 3439 2181 3594
3839 2048 3839 3656 2204 3595
4095 2048 3839 3976 2140 3690
0 2303 3839 1069 2304 3681
256 2303 3839 1074 2307 3693
512 2303 3839 1166 2306 3675
768 2303 3839 1312 2305 3644
1024 2303 3839 1489 2305 3602
1280 2303 3839 1652 2308 3589
1536 2303 3839 1820 2313 3589
1792 2303 3839 2003 2319 3590
2048 2303 3839 2197 2326 3591
2303 2303 3839 2397 2334 3591
2559 2303 3839 2603 2344 3592
2815 2303 3839 2813 2356 3593
3071 2303 3839 3025 2370 3595
3327 2303 3839 3239 2386 3596
3583 2303 3839 3454 2404 3598
3839 2303 3839 3669 2425 3601
4095 2303 3839 3985 2371 3691
0 2559 3839 1114 2545 3686
256 2559 3839 1124 2549 3694
512 2559 3839 1212 2548 3679
768 2559 3839 1352 2546 3654
1024 2559 3839 1527 2545 3619
1280 2559 3839 1703 2545 3593
1536 2559 3839 1866 2550 3593
1792 2559 3839 2044 2555 3594
2048 2559 3839 2233 2561 3595
2303 2559 3839 2429 2569 3596
2559 2559 3839 2632 2578 3597
2815 2559 3839 2839 2588 3598
3071 2559 3839 3048 2601 3599
3327 2559 3839 3260 2616 3601
3583 2559 3839 3471 2633 3603
3839 2559 3839 3684 2652 3607
4095 2559 3839 3995 2606 3693
0 2815 3839 1165 2788 3688
256 2815 3839 1177 2792 3695
512 2815 3839 1261 2791 3683
768 2815 3839 1398 2788 3663
1024 2815 3839 1569 2786 3634
1280 2815 3839 1755 2784 3604
1536 2815 3839 1920 2787 3598
1792 2815 3839 2092 2792 3599
2048 2815 3839 2276 2798 3600
2303 2815 3839 2468 2804 3601
2559 2815 3839 2667 2813 3602
2815 2815 3839 2870 2823 3604
3071 2815 3839 3076 2834 3606
3327 2815 3839 3284 2848 3608
3583 2815 3839 3493 2864 3611
3839 2815 3839 3701 2882 3615
4095 2815 3839 4007 2844 3694
0 3071 3839 1226 3029 3684
256 3071 3839 1231 3036 3696
512 3071 3839 1308 3036 3690
768 3071 3839 1440 3033 3674
1024 3071 3839 1609 3029 3651
1280 3071 3839 1799 3026 3624
1536 3071 3839 1984 3025 3605
1792 3071 3839 2150 3029 3605
2048 3071 3839 2328 3034 3607
2303 3071 3839 2515 3041 3608
2559 3071 3839 2709 3048 3610
2815 3071 3839 2908 3057 3612
3071 3071 3839 3110 3068 3614
3327 3071 3839 3314 3081 3617
3583 3071 3839 3519 3096 3621
3839 3071 3839 3724 3114 3626
4095 3071 3839 4020 3084 3696
0 3327 3839 1277 3278 3693
256 3327 3839 1290 3282 3699
512 3327 3839 1366 3280 3693
768 3327 3839 1492 3277 3681
1024 3327 3839 1655 3273 3664
1280 3327 3839 1842 3269 3645
1536 3327 3839 2040 3265 3623
1792 3327 3839 2220 3266 3614
2048 3327 3839 2392 3271 3616
2303 3327 3839 2573 3276 3618
2559 3327 3839 2762 3284 3620
2815 3327 3839 2956 3292 3623
3071 3327 3839 3153 3302 3627
3327 3327 3839 3352 3314 3631
3583 3327 3839 3553 3329 3637
3839 3327 3839 3755 3345 3645
4095 3327 3839 4035 3325 3698
0 3583 3839 1343 3517 3689
256 3583 3839 1346 3528 3702
512 3583 3839 1420 3527 3697
768 3583 3839 1542 3523 3689
1024 3583 3839 1702 3519 3677
1280 3583 3839 1887 3514 3663
1536 3583 3839 2084 3508 3649
1792 3583 3839 2285 3505 3635
2048 3583 3839 2471 3505 3629
2303 3583 3839 2644 3511 3632
2559 3583 3839 2826 3518 3636
2815 3583 3839 3013 3526 3641
3071 3583 3839 3204 3536 3647
3327 3583 3839 3397 3547 3655
3583 3583 3839 3595 3560 3667
3839 3583 3839 3806 3569 3685
4095 3583 3839 4050 3568 3700
0 3839 3839 1403 3764 3693
256 3839 3839 1408 3775 3704
512 3839 3839 1477 3773 3702
768 3839 3839 1594 3770 3696
1024 3839 3839 1750 3765 3689
1280 3839 3839 1931 3759 3681
1536 3839 3839 2127 3754 3672
1792 3839 3839 2329 3748 3664
2048 3839 3839 2528 3745 3659
2303 3839 3839 2715 3747 3659
2559 3839 3839 2885 3754 3665
2815 3839 3839 3049 3766 3676
3071 3839 3839 3207 3783 3692
3327 3839 3839 3387 3798 3704
3583 3839 3839 3612 3802 3704
3839 3839 3839 3839 3806 3703
4095 3839 3839 4066 3811 3704
0 4095 3839 1467 4009 3695
256 4095 3839 1479 4009 3696
512 4095 3839 1523 4012 3697
768 4095 3839 1599 4015 3700
1024 4095 3839 1706 4020 3704
1280 4095 3839 1842 4024 3707
1536 4095 3839 2000 4026 3707
1792 4095 3839 2173 4027 3707
2048 4095 3839 2361 4029 3706
2303 4095 3839 2557 4031 3706
2559 4095 3839 2762 4034 3706
2815 4095 3839 2974 4036 3706
3071 4095 3839 3190 4039 3706
3327 4095 3839 3410 4043 3706
3583 4095 3839 3633 4046 3706
3839 4095 3839 3859 4051 3706
4095 4095 3839 4087 4055 3706
0 0 4095 946 704 3897
256 0 4095 955 699 3905
512 0 4095 1005 689 3921
768 0 4095 1143 704 3908
1024 0 4095 1298 711 3908
1280 0 4095 1474 715 3914
1536 0 4095 1673 728 3912
1792 0 4095 1882 744 3909
2048 0 4095 2096 750 3918
2303 0 4095 2318 764 3922
2559 0 4095 2542 793 3912
2815 0 4095 2772 807 3917
3071 0 4095 3006 822 3924
3327 0 4095 3231 863 3909
3583 0 4095 3467 883 3913
3839 0 4095 3699 913 3910
4095 0 4095 3925 952 3901
0 256 4095 934 730 3905
256 256 4095 943 725 3914
512 256 4095 994 716 3930
768 256 4095 1125 724 3925
1024 256 4095 1282 727 3928
1280 256 4095 1462 730 3934
1536 256 4095 1667 746 3927
1792 256 4095 1880 764 3920
2048 256 4095 2095 769 3930
2303 256 4095 2318 788 3926
2559 256 4095 2544 812 3920
2815 256 4095 2776 822 3929
3071 256 4095 3009 843 3929
3327 256 4095 3237 877 3918
3583 256 4095 3470 902 3918
3839 256 4095 3707 925 3920
4095 256 4095 3928 971 3904
0 512 4095 930 829 3912
256 512 4095 938 824 3922
512 512 4095 994 819 3935
768 512 4095 1119 822 3935
1024 512 4095 1280 827 3935
1280 512 4095 1465 834 3935
1536 512 4095 1667 842 3934
1792 512 4095 1878 852 3935
2048 512 4095 2097 864 3934
2303 512 4095 2321 877 3934
2559 512 4095 2549 892 3934
2815 512 4095 2780 909 3934
3071 512 4095 3012 927 3934
3327 512 4095 3245 949 3931
3583 512 4095 3482 969 3932
3839 512 4095 3716 994 3930
4095 512 4095 3938 1035 3914
0 768 4095 938 987 3915
256 768 4095 950 984 3921
512 768 4095 1008 981 3933
768 768 4095 1129 982 3935
1024 768 4095 1288 986 3935
1280 768 4095 1472 992 3935
1536 768 4095 1673 999 3935
1792 768 4095 1883 1007 3935
2048 768 4095 2102 1016 3935
2303 768 4095 2325 1027 3935
2559 768 4095 2552 1040 3935
2815 768 4095 2783 1054 3934
3071 768 4095 3015 1069 3934
3327 768 4095 3250 1085 3934
3583 768 4095 3485 1103 3934
3839 768 4095 3722 1122 3934
4095 768 4095 3940 1161 3913
0 1024 4095 961 1180 3911
256 1024 4095 975 1179 3916
512 1024 4095 1029 1176 3929
768 1024 4095 1143 1176 3935
1024 1024 4095 1301 1179 3935
1280 1024 4095 1483 1184 3935
1536 1024 4095 1681 1189 3935
1792 1024 4095 1891 1196 3935
2048 1024 4095 2109 1204 3935
2303 1024 4095 2331 1213 3935
2559 1024 4095 2558 1223 3935
2815 1024 4095 2788 1234 3935
3071 1024 4095 3020 1247 3935
3327 1024 4095 3254 1261 3935
3583 1024 4095 3489 1275 3935
3839 1024 4095 3725 1291 3934
4095 1024 4095 3942 1323 3913
0 1280 4095 983 1391 3912
256 1280 4095 996 1390 3917
512 1280 4095 1048 1388 3932
768 1280 4095 1162 1389 3936
1024 1280 4095 1317 1391 3936
1280 1280 4095 1497 1395 3936
1536 1280 4095 1693 1399 3936
1792 1280 4095 1901 1405 3936
2048 1280 4095 2118 1411 3936
2303 1280 4095 2339 1419 3936
2559 1280 4095 2565 1427 3935
2815 1280 4095 2794 1437 3935
3071 1280 4095 3026 1447 3935
3327 1280 4095 3259 1459 3935
3583 1280 4095 3494 1471 3935
3839 1280 4095 3730 1485 3935
4095 1280 4095 3947 1509 3914
0 1536 4095 1000 1612 3920
256 1536 4095 1014 1612 3925
512 1536 4095 1071 1611 3935
768 1536 4095 1185 1613 3936
1024 1536 4095 1337 1615 3936
1280 1536 4095 1514 1618 3936
1536 1536 4095 1708 1622 3936
1792 1536 4095 1915 1626 3936
2048 1536 4095 2129 1632 3936
2303 1536 4095 2349 1638 3936
2559 1536 4095 2574 1645 3936
2815 1536 4095 2802 1653 3936
3071 1536 4095 3033 1662 3936
3327 1536 4095 3266 1672 3936
3583 1536 4095 3500 1682 3936
3839 1536 4095 3736 1694 3936
4095 1536 4095 3957 1711 3919
0 1792 4095 1035 1842 3920
256 1792 4095 1047 1842 3926
512 1792 4095 1101 1843 3937
768 1792 4095 1213 1844 3937
1024 1792 4095 1361 1846 3937
1280 1792 4095 1535 1848 3937
1536 1792 4095 1726 1851 3937
1792 1792 4095 1930 1855 3937
2048 1792 4095 2143 1860 3937
2303 1792 4095 2361 1865 3937
2559 1792 4095 2585 1872 3937
2815 1792 4095 2812 1878 3937
3071 1792 4095 3042 1886 3937
3327 1792 4095 3274 1894 3937
3583 1792 4095 3508 1904 3936
3839 1792 4095 3743 1914 3936
4095 1792 4095 3971 1925 3929
0 2048 4095 1062 2077 3930
256 2048 4095 1073 2078 3938
512 2048 4095 1136 2078 3938
768 2048 4095 1245 2079 3938
1024 2048 4095 1389 2081 3938
1280 2048 4095 1559 2083 3938
1536 2048 4095 1747 2086 3938
1792 2048 4095 1949 2090 3938
2048 2048 4095 2160 2094 3938
2303 2048 4095 2376 2098 3938
2559 2048 4095 2598 2104 3938
2815 2048 4095 2824 2110 3938
3071 2048 4095 3053 2116 3938
3327 2048 4095 3284 2123 3937
3583 2048 4095 3517 2132 3937
3839 2048 4095 3751 2140 3937
4095 2048 4095 3983 2149 3933
0 2303 4095 1112 2313 3924
256 2303 4095 1125 2314 3929
512 2303 4095 1178 2316 3938
768 2303 4095 1281 2317 3939
1024 2303 4095 1421 2319 3939
1280 2303 4095 1587 2321 3939
1536 2303 4095 1772 2323 3939
1792 2303 4095 1970 2326 3939
2048 2303 4095 2178 2330 3939
2303 2303 4095 2393 2334 3939
2559 2303 4095 2613 2339 3939
2815 2303 4095 2838 2344 3939
3071 2303 4095 3065 2350 3939
3327 2303 4095 3295 2356 3939
3583 2303 4095 3527 2363 3939
3839 2303 4095 3761 2371 3938
4095 2303 4095 3985 2377 3927
0 2559 4095 1168 2549 3916
256 2559 4095 1178 2551 3923
512 2559 4095 1223 2557 3937
768 2559 4095 1321 2558 3940
1024 2559 4095 1456 2560 3940
1280 2559 4095 1618 2561 3940
1536 2559 4095 1799 2564 3940
1792 2559 4095 1994 2566 3940
2048 2559 4095 2200 2569 3940
2303 2559 4095 2412 2573 3940
2559 2559 4095 2630 2577 3940
2815 2559 4095 2853 2582 3940
3071 2559 4095 3080 2587 3940
3327 2559 4095 3308 2593 3940
3583 2559 4095 3539 2599 3940
3839 2559 4095 3772 2606 3940
4095 2559 4095 3994 2610 3927
0 2815 4095 1208 2794 3927
256 2815 4095 1219 2796 3933
512 2815 4095 1268 2800 3942
768 2815 4095 1364 2801 3942
1024 2815 4095 1495 2802 3942
1280 2815 4095 1652 2804 3942
1536 2815 4095 1829 2806 3942
1792 2815 4095 2021 2808 3942
2048 2815 4095 2223 2811 3942
2303 2815 4095 2433 2814 3942
2559 2815 4095 2650 2818 3942
2815 2815 4095 2871 2822 3941
3071 2815 4095 3096 2827 3941
3327 2815 4095 3323 2832 3941
3583 2815 4095 3553 2838 3941
3839 2815 4095 3784 2844 3941
4095 2815 4095 4010 2847 3933
0 3071 4095 1263 3035 3927
256 3071 4095 1275 3037 3931
512 3071 4095 1320 3042 3940
768 3071 4095 1410 3045 3943
1024 3071 4095 1536 3046 3943
1280 3071 4095 1689 3047 3943
1536 3071 4095 1862 3049 3943
1792 3071 4095 2050 3051 3943
2048 3071 4095 2249 3054 3943
2303 3071 4095 2457 3057 3943
2559 3071 4095 2671 3060 3943
2815 3071 4095 2890 3064 3943
3071 3071 4095 3113 3068 3943
3327 3071 4095 3339 3073 3943
3583 3071 4095 3568 3078 3943
3839 3071 4095 3798 3084 3943
4095 3071 4095 4030 3090 3942
0 3327 4095 1325 3273 3920
256 3327 4095 1335 3276 3925
512 3327 4095 1376 3284 3938
768 3327 4095 1460 3290 3945
1024 3327 4095 1581 3291 3945
1280 3327 4095 1729 3292 3945
1536 3327 4095 1897 3293 3945
1792 3327 4095 2082 3295 3945
2048 3327 4095 2278 3298 3945
2303 3327 4095 2482 3300 3945
2559 3327 4095 2694 3304 3945
2815 3327 4095 2911 3307 3945
3071 3327 4095 3132 3311 3945
3327 3327 4095 3357 3315 3945
3583 3327 4095 3584 3320 3944
3839 3327 4095 3813 3325 3944
4095 3327 4095 4040 3327 3940
0 3583 4095 1376 3522 3931
256 3583 4095 1383 3529 3941
512 3583 4095 1428 3533 3946
768 3583 4095 1512 3535 3947
1024 3583 4095 1628 3536 3947
1280 3583 4095 1771 3537 3947
1536 3583 4095 1936 3539 3947
1792 3583 4095 2116 3540 3947
2048 3583 4095 2309 3543 3947
2303 3583 4095 2510 3545 3947
2559 3583 4095 2719 3548 3947
2815 3583 4095 2934 3551 3947
3071 3583 4095 3154 3555 3947
3327 3583 4095 3376 3559 3946
3583 3583 4095 3602 3563 3946
3839 3583 4095 3830 3568 3946
4095 3583 4095 4056 3570 3942
0 3839 4095 1439 3762 3928
256 3839 4095 1451 3764 3930
512 3839 4095 1492 3770 3937
768 3839 4095 1567 3777 3945
1024 3839 4095 1678 3782 3949
1280 3839 4095 1817 3783 3949
1536 3839 4095 1976 3784 3949
1792 3839 4095 2153 3786 3949
2048 3839 4095 2342 3788 3949
2303 3839 4095 2540 3790 3949
2559 3839 4095 2746 3793 3949
2815 3839 4095 2959 3796 3949
3071 3839 4095 3176 3799 3949
3327 3839 4095 3397 3803 3948
3583 3839 4095 3622 3807 3948
3839 3839 4095 3848 3811 3948
4095 3839 4095 4076 3815 3947
0 4095 4095 1508 3995 3919
256 4095 4095 1519 3997 3922
512 4095 4095 1556 4007 3931
768 4095 4095 1623 4025 3949
1024 4095 4095 1730 4026 3949
1280 4095 4095 1864 4026 3948
1536 4095 4095 2019 4026 3946
1792 4095 4095 2191 4027 3946
2048 4095 4095 2376 4030 3947
2303 4095 4095 2571 4035 3950
2559 4095 4095 2774 4036 3948
2815 4095 4095 2984 4038 3948
3071 4095 4095 3200 4043 3950
3327 4095 4095 3419 4046 3949
3583 4095 4095 3641 4050 3949
3839 4095 4095 3868 4055 3951
4095 4095 4095 4095 4060 3950
