0 0 0 0 0 0
256 0 0 221 67 45
512 0 0 441 135 90
768 0 0 662 202 132
1024 0 0 880 273 180
1280 0 0 1098 344 224
1536 0 0 1315 416 269
1792 0 0 1530 491 313
2048 0 0 1746 565 354
2303 0 0 1962 638 393
2559 0 0 2179 710 430
2815 0 0 2398 781 466
3071 0 0 2616 852 506
3327 0 0 2834 923 548
3583 0 0 3052 994 591
3839 0 0 3270 1065 633
4095 0 0 3488 1136 675
0 256 0 137 245 89
256 256 0 252 251 97
512 256 0 455 273 123
768 256 0 669 309 158
1024 256 0 886 356 197
1280 256 0 1103 410 237
1536 256 0 1318 472 280
1792 256 0 1533 537 321
2048 256 0 1746 607 364
2303 256 0 1958 680 405
2559 256 0 2174 749 442
2815 256 0 2393 816 477
3071 256 0 2611 884 517
3327 256 0 2830 952 558
3583 256 0 3048 1021 599
3839 256 0 3266 1090 641
4095 256 0 3485 1159 682
0 512 0 273 490 176
256 512 0 340 493 180
512 512 0 504 503 194
768 512 0 701 521 216
1024 512 0 909 548 244
1280 512 0 1120 582 277
1536 512 0 1332 624 313
1792 512 0 1544 673 350
2048 512 0 1756 728 388
2303 512 0 1965 789 427
2559 512 0 2174 854 468
2815 512 0 2383 923 512
3071 512 0 2599 986 553
3327 512 0 2818 1047 591
3583 512 0 3037 1109 630
3839 512 0 3256 1173 669
4095 512 0 3475 1237 709
0 768 0 407 735 265
256 768 0 453 736 268
512 768 0 583 743 276
768 768 0 757 754 291
1024 768 0 950 771 311
1280 768 0 1152 795 336
1536 768 0 1358 825 364
1792 768 0 1566 861 396
2048 768 0 1774 903 429
2303 768 0 1981 951 464
2559 768 0 2188 1004 505
2815 768 0 2394 1062 551
3071 768 0 2599 1125 598
3327 768 0 2806 1189 644
3583 768 0 3022 1247 683
3839 768 0 3241 1303 718
4095 768 0 3465 1356 750
0 1024 0 551 978 351
256 1024 0 584 980 353
512 1024 0 686 984 359
768 1024 0 835 992 370
1024 1024 0 1012 1005 385
1280 1024 0 1201 1022 404
1536 1024 0 1399 1044 427
1792 1024 0 1600 1072 454
2048 1024 0 1803 1105 485
2303 1024 0 2005 1143 522
2559 1024 0 2210 1186 561
2815 1024 0 2414 1234 602
3071 1024 0 2619 1285 644
3327 1024 0 2824 1340 688
3583 1024 0 3029 1398 733
3839 1024 0 3234 1460 779
4095 1024 0 3478 1489 784
0 1280 0 702 1221 438
256 1280 0 726 1222 440
512 1280 0 807 1225 445
768 1280 0 934 1231 453
1024 1280 0 1092 1241 467
1280 1280 0 1267 1255 484
1536 1280 0 1453 1273 506
1792 1280 0 1646 1295 531
2048 1280 0 1843 1321 560
2303 1280 0 2041 1352 591
2559 1280 0 2242 1387 625
2815 1280 0 2445 1426 661
3071 1280 0 2648 1469 700
3327 1280 0 2851 1515 740
3583 1280 0 3055 1565 781
3839 1280 0 3259 1618 824
4095 1280 0 3497 1647 827
0 1536 0 852 1463 537
256 1536 0 872 1464 538
512 1536 0 938 1466 542
768 1536 0 1046 1472 549
1024 1536 0 1186 1480 561
1280 1536 0 1346 1491 575
1536 1536 0 1521 1505 593
1792 1536 0 1705 1523 614
2048 1536 0 1895 1545 638
2303 1536 0 2088 1570 666
2559 1536 0 2285 1599 695
2815 1536 0 2485 1631 727
3071 1536 0 2685 1667 762
3327 1536 0 2886 1707 798
3583 1536 0 3089 1749 836
3839 1536 0 3291 1795 875
4095 1536 0 3522 1825 879
0 1792 0 1000 1705 632
256 1792 0 1016 1706 633
512 1792 0 1071 1708 637
768 1792 0 1165 1713 643
1024 1792 0 1289 1719 652
1280 1792 0 1437 1729 664
1536 1792 0 1600 1741 680
1792 1792 0 1775 1756 698
2048 1792 0 1958 1774 719
2303 1792 0 2145 1795 743
2559 1792 0 2338 1819 769
2815 1792 0 2533 1846 797
3071 1792 0 2730 1877 828
3327 1792 0 2929 1911 861
3583 1792 0 3129 1947 896
3839 1792 0 3330 1987 932
4095 1792 0 3551 2017 939
0 2048 0 1145 1948 726
256 2048 0 1159 1949 727
512 2048 0 1207 1951 730
768 2048 0 1289 1955 735
1024 2048 0 1400 1960 743
1280 2048 0 1536 1968 753
1536 2048 0 1688 1978 767
1792 2048 0 1854 1991 782
2048 2048 0 2029 2006 801
2303 2048 0 2210 2024 821
2559 2048 0 2397 2045 844
2815 2048 0 2588 2068 870
3071 2048 0 2782 2094 898
3327 2048 0 2978 2123 927
3583 2048 0 3175 2155 959
3839 2048 0 3374 2190 992
4095 2048 0 3586 2220 1004
0 2303 0 1288 2191 817
256 2303 0 1300 2192 817
512 2303 0 1342 2193 820
768 2303 0 1415 2197 824
1024 2303 0 1516 2201 831
1280 2303 0 1640 2208 840
1536 2303 0 1783 2217 852
1792 2303 0 1939 2228 866
2048 2303 0 2107 2241 882
2303 2303 0 2282 2256 901
2559 2303 0 2463 2274 921
2815 2303 0 2650 2294 944
3071 2303 0 2839 2317 969
3327 2303 0 3032 2342 996
3583 2303 0 3227 2369 1025
3839 2303 0 3423 2400 1055
4095 2303 0 3625 2430 1080
0 2559 0 1431 2435 907
256 2559 0 1442 2435 908
512 2559 0 1479 2437 910
768 2559 0 1544 2439 914
1024 2559 0 1636 2444 920
1280 2559 0 1750 2450 928
1536 2559 0 1883 2457 939
1792 2559 0 2031 2467 951
2048 2559 0 2191 2478 965
2303 2559 0 2359 2491 982
2559 2559 0 2535 2507 1000
2815 2559 0 2717 2524 1021
3071 2559 0 2902 2544 1044
3327 2559 0 3091 2566 1068
3583 2559 0 3283 2591 1094
3839 2559 0 3477 2617 1122
4095 2559 0 3675 2645 1146
0 2815 0 1574 2678 998
256 2815 0 1584 2679 999
512 2815 0 1617 2680 1001
768 2815 0 1676 2682 1004
1024 2815 0 1759 2686 1010
1280 2815 0 1865 2691 1017
1536 2815 0 1989 2698 1026
1792 2815 0 2129 2707 1037
2048 2815 0 2281 2717 1050
2303 2815 0 2443 2728 1065
2559 2815 0 2613 2742 1082
2815 2815 0 2789 2758 1100
3071 2815 0 2970 2775 1121
3327 2815 0 3155 2795 1143
3583 2815 0 3344 2816 1167
3839 2815 0 3535 2840 1193
4095 2815 0 3728 2865 1218
0 3071 0 1717 2922 1089
256 3071 0 1726 2922 1090
512 3071 0 1756 2923 1091
768 3071 0 1810 2926 1095
1024 3071 0 1886 2929 1099
1280 3071 0 1984 2934 1106
1536 3071 0 2100 2940 1114
1792 3071 0 2232 2947 1124
2048 3071 0 2377 2956 1136
2303 3071 0 2531 2967 1150
2559 3071 0 2695 2979 1165
2815 3071 0 2866 2993 1182
3071 3071 0 3042 3008 1201
3327 3071 0 3223 3026 1221
3583 3071 0 3408 3045 1243
3839 3071 0 3596 3066 1267
4095 3071 0 3786 3089 1292
0 3327 0 1861 3165 1180
256 3327 0 1868 3166 1180
512 3327 0 1896 3167 1182
768 3327 0 1945 3169 1185
1024 3327 0 2015 3172 1189
1280 3327 0 2106 3176 1195
1536 3327 0 2215 3182 1203
1792 3327 0 2339 3188 1212
2048 3327 0 2477 3196 1222
2303 3327 0 2625 3206 1235
2559 3327 0 2783 3217 1249
2815 3327 0 2948 3229 1265
3071 3327 0 3119 3243 1282
3327 3327 0 3296 3259 1300
3583 3327 0 3477 3277 1321
3839 3327 0 3661 3296 1343
4095 3327 0 3848 3316 1366
0 3583 0 2004 3409 1271
256 3583 0 2011 3409 1271
512 3583 0 2036 3410 1272
768 3583 0 2081 3412 1275
1024 3583 0 2146 3415 1279
1280 3583 0 2231 3419 1285
1536 3583 0 2333 3424 1291
1792 3583 0 2450 3430 1300
2048 3583 0 2581 3437 1310
2303 3583 0 2723 3446 1321
2559 3583 0 2874 3456 1334
2815 3583 0 3034 3467 1348
3071 3583 0 3201 3480 1364
3327 3583 0 3373 3494 1382
3583 3583 0 3550 3510 1401
3839 3583 0 3730 3527 1421
4095 3583 0 3914 3546 1443
0 3839 0 2147 3652 1361
256 3839 0 2153 3653 1362
512 3839 0 2177 3654 1363
768 3839 0 2218 3655 1366
1024 3839 0 2279 3658 1369
1280 3839 0 2358 3661 1374
1536 3839 0 2454 3666 1381
1792 3839 0 2565 3672 1388
2048 3839 0 2689 3678 1397
2303 3839 0 2825 3686 1408
2559 3839 0 2970 3695 1420
2815 3839 0 3125 3706 1433
3071 3839 0 3286 3717 1448
3327 3839 0 3454 3730 1464
3583 3839 0 3626 3745 1482
3839 3839 0 3803 3761 1501
4095 3839 0 3984 3778 1521
0 4095 0 2224 3910 1373
256 4095 0 2230 3911 1372
512 4095 0 2251 3912 1372
768 4095 0 2291 3913 1374
1024 4095 0 2349 3916 1375
1280 4095 0 2425 3919 1377
1536 4095 0 2516 3924 1378
1792 4095 0 2624 3929 1381
2048 4095 0 2744 3936 1383
2303 4095 0 2877 3943 1386
2559 4095 0 3020 3952 1388
2815 4095 0 3172 3961 1390
3071 4095 0 3333 3972 1391
3327 4095 0 3500 3984 1390
3583 4095 0 3673 3997 1384
3839 4095 0 3852 4011 1371
4095 4095 0 4024 4014 1335
0 0 256 55 43 237
256 0 256 224 80 234
512 0 256 441 143 245
768 0 256 662 207 262
1024 0 256 874 284 291
1280 0 256 1090 357 322
1536 0 256 1308 428 352
1792 0 256 1526 498 382
2048 0 256 1744 569 413
2303 0 256 1961 640 444
2559 0 256 2180 711 477
2815 0 256 2398 782 513
3071 0 256 2616 853 551
3327 0 256 2834 924 589
3583 0 256 3052 995 628
3839 0 256 3270 1066 668
4095 0 256 3488 1137 708
0 256 256 152 246 243
256 256 256 256 254 247
512 256 256 451 279 261
768 256 256 646 330 295
1024 256 256 862 380 321
1280 256 256 1081 435 346
1536 256 256 1299 494 372
1792 256 256 1518 556 400
2048 256 256 1737 619 427
2303 256 256 1956 684 456
2559 256 256 2174 750 488
2815 256 256 2393 817 524
3071 256 256 2611 885 561
3327 256 256 2830 953 598
3583 256 256 3048 1022 637
3839 256 256 3266 1091 675
4095 256 256 3485 1160 715
0 512 256 285 489 291
256 512 256 357 489 307
512 512 256 505 503 317
768 512 256 693 525 332
1024 512 256 896 556 351
1280 512 256 1104 594 374
1536 512 256 1315 639 399
1792 512 256 1526 690 427
2048 512 256 1737 747 458
2303 512 256 1947 808 492
2559 512 256 2160 869 528
2815 512 256 2379 927 561
3071 512 256 2598 987 595
3327 512 256 2818 1048 630
3583 512 256 3037 1110 666
3839 512 256 3256 1173 702
4095 512 256 3474 1237 740
0 768 256 427 731 364
256 768 256 469 733 366
512 768 256 591 740 372
768 768 256 758 754 382
1024 768 256 946 773 397
1280 768 256 1144 799 416
1536 768 256 1348 832 438
1792 768 256 1553 870 464
2048 768 256 1760 914 494
2303 768 256 1965 963 530
2559 768 256 2172 1017 568
2815 768 256 2379 1076 608
3071 768 256 2587 1136 649
3327 768 256 2802 1192 684
3583 768 256 3021 1247 716
3839 768 256 3240 1304 750
4095 768 256 3464 1357 780
0 1024 256 570 975 427
256 1024 256 601 976 429
512 1024 256 698 981 433
768 1024 256 842 990 442
1024 1024 256 1014 1004 455
1280 1024 256 1199 1023 472
1536 1024 256 1393 1047 494
1792 1024 256 1591 1077 520
2048 1024 256 1793 1111 549
2303 1024 256 1995 1150 581
2559 1024 256 2199 1194 616
2815 1024 256 2403 1242 653
3071 1024 256 2609 1294 692
3327 1024 256 2814 1349 733
3583 1024 256 3019 1407 775
3839 1024 256 3229 1464 813
4095 1024 256 3478 1489 813
0 1280 256 718 1218 505
256 1280 256 741 1219 507
512 1280 256 819 1222 511
768 1280 256 942 1229 519
1024 1280 256 1096 1240 531
1280 1280 256 1268 1254 546
1536 1280 256 1451 1273 566
1792 1280 256 1642 1296 588
2048 1280 256 1837 1324 614
2303 1280 256 2035 1355 643
2559 1280 256 2235 1391 674
2815 1280 256 2437 1431 707
3071 1280 256 2640 1474 743
3327 1280 256 2843 1521 780
3583 1280 256 3047 1571 819
3839 1280 256 3252 1624 860
4095 1280 256 3497 1647 854
0 1536 256 864 1461 591
256 1536 256 883 1461 593
512 1536 256 948 1464 596
768 1536 256 1054 1470 603
1024 1536 256 1191 1478 613
1280 1536 256 1349 1490 626
1536 1536 256 1522 1505 643
1792 1536 256 1704 1523 662
2048 1536 256 1892 1546 685
2303 1536 256 2085 1572 710
2559 1536 256 2281 1601 738
2815 1536 256 2479 1634 768
3071 1536 256 2679 1671 800
3327 1536 256 2880 1711 835
3583 1536 256 3083 1753 871
3839 1536 256 3285 1800 909
4095 1536 256 3522 1825 903
0 1792 256 1009 1704 678
256 1792 256 1025 1704 679
512 1792 256 1080 1707 682
768 1792 256 1172 1711 688
1024 1792 256 1295 1718 696
1280 1792 256 1440 1728 708
1536 1792 256 1602 1740 722
1792 1792 256 1776 1755 739
2048 1792 256 1957 1774 759
2303 1792 256 2143 1795 782
2559 1792 256 2335 1820 806
2815 1792 256 2529 1848 834
3071 1792 256 2726 1879 863
3327 1792 256 2924 1913 894
3583 1792 256 3124 1950 928
3839 1792 256 3325 1990 963
4095 1792 256 3551 2017 961
0 2048 256 1153 1947 765
256 2048 256 1167 1947 766
512 2048 256 1214 1950 769
768 2048 256 1295 1953 774
1024 2048 256 1405 1959 781
1280 2048 256 1539 1967 791
1536 2048 256 1691 1978 803
1792 2048 256 1855 1991 818
2048 2048 256 2029 2006 836
2303 2048 256 2210 2024 856
2559 2048 256 2396 2045 878
2815 2048 256 2586 2069 902
3071 2048 256 2779 2096 929
3327 2048 256 2975 2125 958
3583 2048 256 3172 2157 988
3839 2048 256 3370 2192 1021
4095 2048 256 3586 2220 1026
0 2303 256 1295 2190 851
256 2303 256 1307 2190 851
512 2303 256 1348 2192 854
768 2303 256 1420 2195 858
1024 2303 256 1520 2200 865
1280 2303 256 1644 2207 874
1536 2303 256 1785 2216 885
1792 2303 256 1941 2227 898
2048 2303 256 2108 2240 914
2303 2303 256 2282 2256 932
2559 2303 256 2463 2274 951
2815 2303 256 2648 2294 974
3071 2303 256 2838 2317 998
3327 2303 256 3030 2343 1024
3583 2303 256 3224 2371 1052
3839 2303 256 3421 2401 1082
4095 2303 256 3625 2431 1098
0 2559 256 1437 2433 938
256 2559 256 1448 2434 938
512 2559 256 1485 2435 940
768 2559 256 1549 2438 944
1024 2559 256 1640 2443 950
1280 2559 256 1754 2449 958
1536 2559 256 1886 2456 968
1792 2559 256 2034 2466 980
2048 2559 256 2193 2477 994
2303 2559 256 2360 2491 1010
2559 2559 256 2535 2507 1028
2815 2559 256 2716 2525 1048
3071 2559 256 2901 2545 1070
3327 2559 256 3090 2567 1094
3583 2559 256 3281 2591 1119
3839 2559 256 3475 2618 1147
4095 2559 256 3674 2646 1167
0 2815 256 1580 2677 1025
256 2815 256 1589 2677 1026
512 2815 256 1622 2679 1028
768 2815 256 1681 2681 1031
1024 2815 256 1764 2685 1037
1280 2815 256 1869 2691 1044
1536 2815 256 1993 2697 1052
1792 2815 256 2132 2706 1063
2048 2815 256 2283 2716 1076
2303 2815 256 2444 2728 1090
2559 2815 256 2613 2742 1107
2815 2815 256 2789 2757 1125
3071 2815 256 2970 2775 1145
3327 2815 256 3154 2795 1167
3583 2815 256 3343 2817 1190
3839 2815 256 3533 2840 1216
4095 2815 256 3727 2866 1239
0 3071 256 1722 2921 1114
256 3071 256 1731 2921 1114
512 3071 256 1761 2922 1116
768 3071 256 1814 2925 1119
1024 3071 256 1890 2928 1124
1280 3071 256 1988 2933 1130
1536 3071 256 2103 2939 1138
1792 3071 256 2235 2946 1148
2048 3071 256 2379 2956 1159
2303 3071 256 2533 2966 1173
2559 3071 256 2696 2978 1188
2815 3071 256 2867 2992 1204
3071 3071 256 3043 3008 1223
3327 3071 256 3223 3026 1243
3583 3071 256 3408 3045 1265
3839 3071 256 3595 3067 1288
4095 3071 256 3785 3090 1312
0 3327 256 1865 3164 1202
256 3327 256 1873 3165 1203
512 3327 256 1900 3166 1204
768 3327 256 1949 3168 1207
1024 3327 256 2019 3171 1211
1280 3327 256 2110 3175 1217
1536 3327 256 2218 3181 1225
1792 3327 256 2342 3188 1233
2048 3327 256 2479 3196 1244
2303 3327 256 2627 3205 1256
2559 3327 256 2784 3216 1270
2815 3327 256 2949 3229 1285
3071 3327 256 3120 3243 1302
3327 3327 256 3296 3259 1321
3583 3327 256 3477 3277 1341
3839 3327 256 3661 3296 1362
4095 3327 256 3848 3317 1385
0 3583 256 2008 3408 1291
256 3583 256 2015 3408 1291
512 3583 256 2040 3409 1293
768 3583 256 2085 3411 1296
1024 3583 256 2150 3414 1300
1280 3583 256 2234 3418 1305
1536 3583 256 2336 3423 1312
1792 3583 256 2453 3429 1320
2048 3583 256 2583 3437 1330
2303 3583 256 2725 3445 1341
2559 3583 256 2876 3455 1353
2815 3583 256 3035 3467 1368
3071 3583 256 3202 3480 1383
3327 3583 256 3373 3494 1400
3583 3583 256 3550 3510 1419
3839 3583 256 3730 3527 1439
4095 3583 256 3914 3546 1461
0 3839 256 2151 3652 1380
256 3839 256 2157 3652 1381
512 3839 256 2180 3653 1382
768 3839 256 2222 3655 1384
1024 3839 256 2282 3657 1388
1280 3839 256 2361 3661 1393
1536 3839 256 2457 3665 1399
1792 3839 256 2567 3671 1407
2048 3839 256 2691 3678 1416
2303 3839 256 2827 3686 1426
2559 3839 256 2972 3695 1438
2815 3839 256 3126 3705 1451
3071 3839 256 3287 3717 1466
3327 3839 256 3454 3730 1482
3583 3839 256 3627 3745 1499
3839 3839 256 3803 3761 1518
4095 3839 256 3984 3778 1538
0 4095 256 2224 3910 1387
256 4095 256 2230 3911 1387
512 4095 256 2251 3912 1386
768 4095 256 2291 3913 1388
1024 4095 256 2349 3916 1389
1280 4095 256 2425 3919 1391
1536 4095 256 2516 3924 1392
1792 4095 256 2624 3929 1394
2048 4095 256 2744 3936 1396
2303 4095 256 2877 3943 1399
2559 4095 256 3020 3952 1402
2815 4095 256 3172 3962 1403
3071 4095 256 3333 3972 1405
3327 4095 256 3500 3984 1404
3583 4095 256 3673 3997 1397
3839 4095 256 3852 4011 1385
4095 4095 256 4024 4013 1348
0 0 512 181 168 487
256 0 512 240 108 464
512 0 512 449 158 469
768 0 512 664 220 478
1024 0 512 876 292 491
1280 0 512 1093 362 508
1536 0 512 1310 432 527
1792 0 512 1527 502 548
2048 0 512 1745 573 571
2303 0 512 1962 643 596
2559 0 512 2180 713 623
2815 0 512 2398 784 651
3071 0 512 2616 855 681
3327 0 512 2834 926 711
3583 0 512 3052 997 743
3839 0 512 3270 1067 776
4095 0 512 3488 1138 810
0 256 512 187 270 483
256 256 512 272 265 451
512 256 512 453 292 462
768 256 512 651 338 479
1024 256 512 865 387 499
1280 256 512 1082 441 518
1536 256 512 1301 499 538
1792 256 512 1520 559 559
2048 256 512 1738 622 582
2303 256 512 1956 687 606
2559 256 512 2175 753 632
2815 256 512 2393 819 660
3071 256 512 2611 887 689
3327 256 512 2830 955 719
3583 256 512 3048 1023 751
3839 256 512 3266 1092 783
4095 256 512 3485 1161 816
0 512 512 286 495 489
256 512 512 366 495 486
512 512 512 512 508 494
768 512 512 712 523 499
1024 512 512 895 562 522
1280 512 512 1084 613 551
1536 512 512 1291 661 574
1792 512 512 1506 711 595
2048 512 512 1723 762 617
2303 512 512 1941 816 640
2559 512 512 2160 872 664
2815 512 512 2379 930 690
3071 512 512 2598 989 717
3327 512 512 2817 1050 746
3583 512 512 3036 1112 776
3839 512 512 3255 1175 807
4095 512 512 3474 1238 839
0 768 512 437 734 529
256 768 512 488 733 536
512 768 512 588 746 524
768 768 512 762 756 544
1024 768 512 943 778 566
1280 768 512 1132 808 589
1536 768 512 1326 846 613
1792 768 512 1525 890 639
2048 768 512 1728 938 666
2303 768 512 1936 987 692
2559 768 512 2150 1037 716
2815 768 512 2366 1088 741
3071 768 512 2584 1140 766
3327 768 512 2802 1194 793
3583 768 512 3021 1249 820
3839 768 512 3240 1305 849
4095 768 512 3463 1359 876
0 1024 512 582 975 585
256 1024 512 619 975 593
512 1024 512 715 979 602
768 1024 512 851 989 612
1024 1024 512 1014 1005 625
1280 1024 512 1192 1027 642
1536 1024 512 1380 1054 661
1792 1024 512 1573 1087 683
2048 1024 512 1771 1124 708
2303 1024 512 1971 1166 734
2559 1024 512 2173 1212 763
2815 1024 512 2377 1261 793
3071 1024 512 2583 1313 825
3327 1024 512 2795 1364 853
3583 1024 512 3011 1415 880
3839 1024 512 3227 1467 907
4095 1024 512 3478 1490 903
0 1280 512 726 1218 648
256 1280 512 755 1217 654
512 1280 512 839 1219 669
768 1280 512 956 1226 677
1024 1280 512 1103 1238 688
1280 1280 512 1268 1255 701
1536 1280 512 1446 1275 717
1792 1280 512 1632 1301 737
2048 1280 512 1824 1331 758
2303 1280 512 2018 1364 782
2559 1280 512 2217 1402 809
2815 1280 512 2417 1443 837
3071 1280 512 2619 1488 867
3327 1280 512 2822 1536 900
3583 1280 512 3026 1586 934
3839 1280 512 3238 1635 962
4095 1280 512 3497 1648 939
0 1536 512 870 1461 715
256 1536 512 893 1460 721
512 1536 512 967 1461 737
768 1536 512 1070 1466 745
1024 1536 512 1201 1475 754
1280 1536 512 1354 1488 765
1536 1536 512 1522 1505 780
1792 1536 512 1700 1525 797
2048 1536 512 1885 1549 816
2303 1536 512 2074 1577 838
2559 1536 512 2268 1608 862
2815 1536 512 2465 1642 888
3071 1536 512 2664 1680 916
3327 1536 512 2864 1721 946
3583 1536 512 3065 1765 978
3839 1536 512 3269 1810 1010
4095 1536 512 3522 1826 984
0 1792 512 1014 1704 787
256 1792 512 1033 1703 792
512 1792 512 1097 1703 807
768 1792 512 1188 1708 816
1024 1792 512 1307 1715 824
1280 1792 512 1448 1725 834
1536 1792 512 1606 1739 846
1792 1792 512 1776 1755 861
2048 1792 512 1954 1775 878
2303 1792 512 2138 1798 898
2559 1792 512 2327 1824 920
2815 1792 512 2519 1853 944
3071 1792 512 2714 1885 971
3327 1792 512 2912 1920 999
3583 1792 512 3110 1958 1029
3839 1792 512 3310 1999 1060
4095 1792 512 3551 2018 1036
0 2048 512 1158 1947 863
256 2048 512 1174 1947 867
512 2048 512 1230 1946 881
768 2048 512 1312 1950 889
1024 2048 512 1419 1956 896
1280 2048 512 1549 1965 905
1536 2048 512 1697 1976 916
1792 2048 512 1859 1989 929
2048 2048 512 2030 2006 945
2303 2048 512 2207 2025 963
2559 2048 512 2391 2047 983
2815 2048 512 2580 2072 1005
3071 2048 512 2771 2099 1029
3327 2048 512 2965 2130 1055
3583 2048 512 3161 2162 1083
3839 2048 512 3359 2198 1112
4095 2048 512 3586 2221 1095
0 2303 512 1301 2189 941
256 2303 512 1316 2189 945
512 2303 512 1365 2189 958
768 2303 512 1437 2192 964
1024 2303 512 1534 2197 970
1280 2303 512 1655 2204 978
1536 2303 512 1794 2214 988
1792 2303 512 1947 2225 1000
2048 2303 512 2111 2239 1014
2303 2303 512 2282 2256 1030
2559 2303 512 2461 2274 1048
2815 2303 512 2645 2296 1068
3071 2303 512 2832 2319 1091
3327 2303 512 3023 2346 1115
3583 2303 512 3217 2374 1140
3839 2303 512 3412 2406 1168
4095 2303 512 3625 2431 1162
0 2559 512 1446 2432 1022
256 2559 512 1458 2432 1026
512 2559 512 1502 2432 1037
768 2559 512 1565 2435 1041
1024 2559 512 1654 2439 1046
1280 2559 512 1766 2446 1053
1536 2559 512 1896 2454 1062
1792 2559 512 2041 2464 1073
2048 2559 512 2197 2476 1086
2303 2559 512 2363 2490 1101
2559 2559 512 2536 2506 1117
2815 2559 512 2715 2525 1136
3071 2559 512 2899 2546 1156
3327 2559 512 3086 2569 1178
3583 2559 512 3276 2594 1202
3839 2559 512 3468 2621 1228
4095 2559 512 3671 2647 1233
0 2815 512 1590 2675 1105
256 2815 512 1601 2675 1109
512 2815 512 1639 2676 1116
768 2815 512 1696 2678 1120
1024 2815 512 1778 2682 1124
1280 2815 512 1881 2688 1131
1536 2815 512 2003 2695 1139
1792 2815 512 2140 2704 1149
2048 2815 512 2289 2714 1161
2303 2815 512 2448 2727 1174
2559 2815 512 2616 2741 1189
2815 2815 512 2790 2757 1207
3071 2815 512 2969 2775 1225
3327 2815 512 3152 2796 1246
3583 2815 512 3339 2818 1268
3839 2815 512 3529 2842 1291
4095 2815 512 3723 2868 1309
0 3071 512 1734 2919 1190
256 3071 512 1745 2919 1193
512 3071 512 1776 2919 1197
768 3071 512 1829 2922 1200
1024 3071 512 1904 2925 1204
1280 3071 512 1999 2930 1210
1536 3071 512 2114 2936 1218
1792 3071 512 2243 2944 1227
2048 3071 512 2386 2954 1238
2303 3071 512 2538 2965 1250
2559 3071 512 2700 2977 1264
2815 3071 512 2869 2992 1280
3071 3071 512 3043 3008 1298
3327 3071 512 3222 3026 1316
3583 3071 512 3406 3046 1337
3839 3071 512 3592 3068 1359
4095 3071 512 3781 3091 1381
0 3327 512 1878 3162 1275
256 3327 512 1888 3162 1278
512 3327 512 1915 3163 1279
768 3327 512 1963 3165 1282
1024 3327 512 2032 3168 1286
1280 3327 512 2121 3173 1291
1536 3327 512 2228 3178 1298
1792 3327 512 2351 3185 1307
2048 3327 512 2486 3194 1317
2303 3327 512 2632 3204 1328
2559 3327 512 2788 3215 1341
2815 3327 512 2952 3228 1356
3071 3327 512 3122 3242 1372
3327 3327 512 3297 3259 1389
3583 3327 512 3476 3277 1409
3839 3327 512 3659 3296 1429
4095 3327 512 3845 3318 1451
0 3583 512 2022 3405 1361
256 3583 512 2029 3406 1361
512 3583 512 2054 3407 1362
768 3583 512 2098 3409 1365
1024 3583 512 2162 3412 1369
1280 3583 512 2245 3416 1374
1536 3583 512 2346 3421 1380
1792 3583 512 2462 3427 1388
2048 3583 512 2591 3435 1397
2303 3583 512 2731 3443 1408
2559 3583 512 2881 3454 1420
2815 3583 512 3039 3465 1433
3071 3583 512 3204 3479 1448
3327 3583 512 3375 3493 1465
3583 3583 512 3550 3510 1483
3839 3583 512 3730 3527 1502
4095 3583 512 3913 3547 1522
0 3839 512 2164 3649 1445
256 3839 512 2170 3649 1445
512 3839 512 2193 3650 1447
768 3839 512 2234 3652 1449
1024 3839 512 2294 3655 1452
1280 3839 512 2372 3658 1457
1536 3839 512 2466 3663 1463
1792 3839 512 2576 3669 1470
2048 3839 512 2699 3676 1479
2303 3839 512 2833 3684 1489
2559 3839 512 2977 3693 1500
2815 3839 512 3130 3704 1513
3071 3839 512 3291 3716 1527
3327 3839 512 3457 3729 1542
3583 3839 512 3628 3744 1559
3839 3839 512 3804 3760 1577
4095 3839 512 3983 3778 1596
0 4095 512 2224 3911 1434
256 4095 512 2231 3911 1434
512 4095 512 2252 3912 1434
768 4095 512 2292 3914 1436
1024 4095 512 2350 3916 1437
1280 4095 512 2425 3920 1438
1536 4095 512 2517 3924 1439
1792 4095 512 2624 3930 1442
2048 4095 512 2745 3936 1444
2303 4095 512 2877 3944 1447
2559 4095 512 3020 3952 1449
2815 4095 512 3173 3962 1450
3071 4095 512 3333 3973 1451
3327 4095 512 3501 3984 1450
3583 4095 512 3674 3997 1444
3839 4095 512 3853 4011 1432
4095 4095 512 4023 4013 1395
0 0 768 210 201 725
256 0 768 271 138 700
512 0 768 466 177 702
768 0 768 677 231 707
1024 0 768 883 305 709
1280 0 768 1098 371 722
1536 0 768 1314 439 736
1792 0 768 1531 508 753
2048 0 768 1748 578 771
2303 0 768 1964 647 790
2559 0 768 2182 718 811
2815 0 768 2399 788 833
3071 0 768 2617 858 856
3327 0 768 2835 929 881
3583 0 768 3053 999 907
3839 0 768 3271 1070 934
4095 0 768 3489 1141 962
0 256 768 219 286 719
256 256 768 308 279 671
512 256 768 474 309 660
768 256 768 665 349 684
1024 256 768 874 396 704
1280 256 768 1088 448 723
1536 256 768 1305 505 741
1792 256 768 1523 565 759
2048 256 768 1741 627 777
2303 256 768 1958 691 797
2559 256 768 2176 757 818
2815 256 768 2394 823 840
3071 256 768 2613 890 863
3327 256 768 2831 958 887
3583 256 768 3049 1026 913
3839 256 768 3267 1095 940
4095 256 768 3485 1164 967
0 512 768 312 501 709
256 512 768 387 503 690
512 512 768 522 513 722
768 512 768 719 529 726
1024 512 768 893 574 720
1280 512 768 1087 621 739
1536 512 768 1294 668 761
1792 512 768 1508 716 781
2048 512 768 1725 767 801
2303 512 768 1942 820 821
2559 512 768 2161 876 842
2815 512 768 2380 933 863
3071 512 768 2599 992 886
3327 512 768 2818 1053 909
3583 512 768 3037 1114 934
3839 512 768 3256 1177 960
4095 512 768 3475 1241 987
0 768 768 451 739 728
256 768 768 500 739 727
512 768 768 603 749 734
768 768 768 768 761 741
1024 768 768 965 776 746
1280 768 768 1173 795 752
1536 768 768 1343 843 783
1792 768 768 1527 894 814
2048 768 768 1727 943 839
2303 768 768 1936 992 861
2559 768 768 2150 1041 882
2815 768 768 2366 1091 904
3071 768 768 2584 1143 925
3327 768 768 2802 1197 948
3583 768 768 3021 1252 972
3839 768 768 3240 1308 996
4095 768 768 3464 1360 1018
0 1024 768 588 979 770
256 1024 768 624 979 773
512 1024 768 722 983 781
768 1024 768 835 1001 763
1024 1024 768 1017 1011 768
1280 1024 768 1214 1025 774
1536 1024 768 1419 1043 781
1792 1024 768 1608 1075 814
2048 1024 768 1795 1115 849
2303 1024 768 1973 1168 893
2559 1024 768 2167 1219 925
2815 1024 768 2371 1268 952
3071 1024 768 2581 1318 976
3327 1024 768 2794 1367 999
3583 1024 768 3010 1418 1022
3839 1024 768 3227 1469 1046
4095 1024 768 3479 1491 1041
0 1280 768 731 1221 821
256 1280 768 759 1220 826
512 1280 768 843 1222 837
768 1280 768 945 1234 826
1024 1280 768 1092 1247 820
1280 1280 768 1268 1260 840
1536 1280 768 1451 1278 861
1792 1280 768 1637 1303 885
2048 1280 768 1826 1333 909
2303 1280 768 2018 1367 934
2559 1280 768 2214 1406 961
2815 1280 768 2411 1449 989
3071 1280 768 2611 1495 1018
3327 1280 768 2811 1545 1049
3583 1280 768 3017 1595 1077
3839 1280 768 3237 1637 1093
4095 1280 768 3498 1649 1072
0 1536 768 873 1463 878
256 1536 768 896 1463 882
512 1536 768 969 1463 895
768 1536 768 1072 1468 903
1024 1536 768 1199 1479 903
1280 1536 768 1353 1491 916
1536 1536 768 1522 1507 932
1792 1536 768 1699 1528 950
2048 1536 768 1882 1552 970
2303 1536 768 2069 1581 991
2559 1536 768 2261 1613 1015
2815 1536 768 2455 1649 1039
3071 1536 768 2652 1688 1066
3327 1536 768 2851 1730 1093
3583 1536 768 3052 1775 1122
3839 1536 768 3266 1814 1138
4095 1536 768 3522 1827 1110
0 1792 768 1016 1705 938
256 1792 768 1036 1705 942
512 1792 768 1100 1705 956
768 1792 768 1196 1708 971
1024 1792 768 1313 1715 977
1280 1792 768 1452 1726 987
1536 1792 768 1608 1740 1000
1792 1792 768 1775 1757 1015
2048 1792 768 1951 1777 1032
2303 1792 768 2133 1801 1050
2559 1792 768 2319 1828 1071
2815 1792 768 2510 1858 1093
3071 1792 768 2703 1892 1117
3327 1792 768 2899 1928 1143
3583 1792 768 3096 1967 1170
3839 1792 768 3302 2005 1190
4095 1792 768 3552 2019 1155
0 2048 768 1161 1948 1004
256 2048 768 1177 1948 1008
512 2048 768 1233 1948 1020
768 2048 768 1322 1949 1037
1024 2048 768 1430 1954 1048
1280 2048 768 1558 1963 1056
1536 2048 768 1703 1975 1067
1792 2048 768 1861 1989 1080
2048 2048 768 2029 2007 1094
2303 2048 768 2204 2027 1111
2559 2048 768 2386 2050 1129
2815 2048 768 2572 2076 1150
3071 2048 768 2761 2104 1172
3327 2048 768 2954 2136 1195
3583 2048 768 3148 2170 1221
3839 2048 768 3345 2206 1247
4095 2048 768 3587 2222 1207
0 2303 768 1303 2190 1072
256 2303 768 1318 2190 1075
512 2303 768 1368 2190 1087
768 2303 768 1449 2190 1105
1024 2303 768 1549 2194 1117
1280 2303 768 1667 2202 1124
1536 2303 768 1803 2212 1134
1792 2303 768 1953 2224 1145
2048 2303 768 2114 2239 1158
2303 2303 768 2282 2256 1173
2559 2303 768 2458 2276 1190
2815 2303 768 2640 2298 1208
3071 2303 768 2825 2323 1229
3327 2303 768 3014 2350 1251
3583 2303 768 3206 2380 1274
3839 2303 768 3399 2412 1299
4095 2303 768 3626 2432 1266
0 2559 768 1448 2433 1143
256 2559 768 1461 2433 1147
512 2559 768 1505 2433 1158
768 2559 768 1579 2433 1175
1024 2559 768 1672 2436 1187
1280 2559 768 1780 2443 1194
1536 2559 768 1907 2451 1202
1792 2559 768 2049 2462 1212
2048 2559 768 2203 2474 1224
2303 2559 768 2366 2489 1237
2559 2559 768 2536 2506 1253
2815 2559 768 2713 2526 1270
3071 2559 768 2894 2547 1288
3327 2559 768 3079 2571 1309
3583 2559 768 3268 2597 1331
3839 2559 768 3459 2626 1354
4095 2559 768 3671 2649 1333
0 2815 768 1592 2676 1218
256 2815 768 1603 2676 1221
512 2815 768 1643 2676 1231
768 2815 768 1711 2676 1247
1024 2815 768 1796 2678 1258
1280 2815 768 1897 2684 1264
1536 2815 768 2016 2692 1272
1792 2815 768 2150 2701 1281
2048 2815 768 2297 2712 1292
2303 2815 768 2453 2725 1304
2559 2815 768 2618 2740 1318
2815 2815 768 2790 2757 1334
3071 2815 768 2967 2776 1351
3327 2815 768 3148 2797 1370
3583 2815 768 3333 2820 1390
3839 2815 768 3521 2845 1412
4095 2815 768 3720 2870 1410
0 3071 768 1736 2919 1294
256 3071 768 1746 2919 1297
512 3071 768 1783 2919 1306
768 3071 768 1845 2919 1322
1024 3071 768 1923 2921 1331
1280 3071 768 2016 2926 1337
1536 3071 768 2128 2933 1344
1792 3071 768 2255 2941 1352
2048 3071 768 2395 2951 1362
2303 3071 768 2545 2962 1374
2559 3071 768 2704 2976 1387
2815 3071 768 2871 2991 1401
3071 3071 768 3044 3008 1417
3327 3071 768 3221 3026 1435
3583 3071 768 3402 3047 1454
3839 3071 768 3587 3070 1474
4095 3071 768 3776 3094 1491
0 3327 768 1880 3162 1372
256 3327 768 1890 3162 1375
512 3327 768 1923 3162 1384
768 3327 768 1980 3162 1399
1024 3327 768 2051 3164 1406
1280 3327 768 2138 3169 1411
1536 3327 768 2243 3175 1417
1792 3327 768 2363 3182 1425
2048 3327 768 2497 3191 1434
2303 3327 768 2641 3201 1445
2559 3327 768 2795 3213 1457
2815 3327 768 2956 3226 1471
3071 3327 768 3124 3242 1486
3327 3327 768 3297 3258 1502
3583 3327 768 3475 3277 1520
3839 3327 768 3656 3297 1539
4095 3327 768 3841 3319 1559
0 3583 768 2024 3406 1453
256 3583 768 2033 3405 1455
512 3583 768 2064 3405 1463
768 3583 768 2117 3405 1477
1024 3583 768 2181 3408 1482
1280 3583 768 2263 3412 1486
1536 3583 768 2361 3417 1492
1792 3583 768 2475 3424 1500
2048 3583 768 2602 3432 1508
2303 3583 768 2740 3441 1518
2559 3583 768 2889 3451 1530
2815 3583 768 3045 3464 1542
3071 3583 768 3208 3477 1556
3327 3583 768 3377 3492 1572
3583 3583 768 3551 3509 1588
3839 3583 768 3729 3528 1606
4095 3583 768 3910 3547 1626
0 3839 768 2169 3649 1534
256 3839 768 2177 3649 1536
512 3839 768 2205 3648 1544
768 3839 768 2253 3648 1556
1024 3839 768 2312 3651 1559
1280 3839 768 2389 3655 1564
1536 3839 768 2482 3660 1569
1792 3839 768 2590 3666 1576
2048 3839 768 2711 3673 1584
2303 3839 768 2843 3681 1593
2559 3839 768 2986 3691 1604
2815 3839 768 3137 3702 1616
3071 3839 768 3296 3714 1629
3327 3839 768 3460 3728 1643
3583 3839 768 3630 3743 1659
3839 3839 768 3804 3760 1676
4095 3839 768 3983 3778 1694
0 4095 768 2225 3911 1517
256 4095 768 2231 3911 1517
512 4095 768 2253 3912 1517
768 4095 768 2293 3914 1518
1024 4095 768 2351 3917 1520
1280 4095 768 2426 3920 1521
1536 4095 768 2517 3925 1522
1792 4095 768 2625 3930 1525
2048 4095 768 2745 3937 1526
2303 4095 768 2878 3944 1529
2559 4095 768 3021 3953 1531
2815 4095 768 3173 3962 1532
3071 4095 768 3334 3973 1533
3327 4095 768 3501 3985 1532
3583 4095 768 3675 3998 1526
3839 4095 768 3854 4012 1514
4095 4095 768 4023 4012 1476
0 0 1024 237 208 955
256 0 1024 305 187 949
512 0 1024 485 202 948
768 0 1024 687 261 929
1024 0 1024 895 321 933
1280 0 1024 1107 384 942
1536 0 1024 1321 451 954
1792 0 1024 1536 518 967
2048 0 1024 1752 586 982
2303 0 1024 1968 655 998
2559 0 1024 2185 724 1015
2815 0 1024 2402 794 1034
3071 0 1024 2619 863 1053
3327 0 1024 2837 933 1074
3583 0 1024 3054 1004 1096
3839 0 1024 3272 1074 1118
4095 0 1024 3490 1144 1142
0 256 1024 246 287 945
256 256 1024 341 298 910
512 256 1024 501 331 875
768 256 1024 685 365 897
1024 256 1024 887 410 917
1280 256 1024 1099 459 936
1536 256 1024 1313 515 952
1792 256 1024 1528 574 968
2048 256 1024 1745 635 985
2303 256 1024 1962 698 1002
2559 256 1024 2179 763 1020
2815 256 1024 2397 829 1038
3071 256 1024 2615 895 1058
3327 256 1024 2832 962 1079
3583 256 1024 3050 1030 1100
3839 256 1024 3268 1099 1123
4095 256 1024 3486 1167 1147
0 512 1024 339 511 941
256 512 1024 409 514 920
512 512 1024 554 530 885
768 512 1024 723 546 926
1024 512 1024 901 589 915
1280 512 1024 1095 631 934
1536 512 1024 1302 676 957
1792 512 1024 1514 724 978
2048 512 1024 1730 774 998
2303 512 1024 1946 826 1017
2559 512 1024 2164 881 1036
2815 512 1024 2382 938 1056
3071 512 1024 2601 997 1075
3327 512 1024 2820 1057 1096
3583 512 1024 3038 1118 1118
3839 512 1024 3257 1181 1140
4095 512 1024 3476 1244 1163
0 768 1024 466 747 944
256 768 1024 515 748 935
512 768 1024 635 754 924
768 768 1024 778 767 968
1024 768 1024 973 781 972
1280 768 1024 1176 802 975
1536 768 1024 1339 855 982
1792 768 1024 1528 903 1002
2048 768 1024 1730 950 1024
2303 768 1024 1938 998 1045
2559 768 1024 2152 1046 1066
2815 768 1024 2368 1096 1086
3071 768 1024 2585 1148 1106
3327 768 1024 2804 1201 1127
3583 768 1024 3022 1255 1148
3839 768 1024 3241 1311 1170
4095 768 1024 3466 1363 1188
0 1024 1024 595 986 972
256 1024 1024 633 986 971
512 1024 1024 737 988 970
768 1024 1024 844 1005 984
1024 1024 1024 1024 1015 988
1280 1024 1024 1220 1029 992
1536 1024 1024 1424 1046 998
1792 1024 1024 1634 1067 1005
2048 1024 1024 1790 1124 1045
2303 1024 1024 1971 1176 1076
2559 1024 1024 2167 1225 1102
2815 1024 1024 2371 1274 1126
3071 1024 1024 2582 1322 1148
3327 1024 1024 2795 1371 1169
3583 1024 1024 3011 1421 1190
3839 1024 1024 3228 1472 1212
4095 1024 1024 3480 1494 1208
0 1280 1024 740 1225 1012
256 1280 1024 769 1225 1014
512 1280 1024 853 1226 1020
768 1280 1024 951 1238 1019
1024 1280 1024 1089 1254 1009
1280 1280 1024 1273 1265 1013
1536 1280 1024 1469 1279 1019
1792 1280 1024 1672 1295 1026
2048 1280 1024 1880 1314 1034
2303 1280 1024 2091 1336 1043
2559 1280 1024 2244 1395 1107
2815 1280 1024 2419 1449 1152
3071 1280 1024 2610 1500 1185
3327 1280 1024 2810 1550 1213
3583 1280 1024 3016 1599 1238
3839 1280 1024 3238 1640 1252
4095 1280 1024 3499 1651 1234
0 1536 1024 880 1466 1060
256 1536 1024 904 1466 1063
512 1536 1024 977 1466 1073
768 1536 1024 1076 1472 1078
1024 1536 1024 1165 1496 1035
1280 1536 1024 1337 1504 1040
1536 1536 1024 1523 1515 1045
1792 1536 1024 1719 1529 1052
2048 1536 1024 1914 1547 1074
2303 1536 1024 2105 1571 1103
2559 1536 1024 2297 1601 1132
2815 1536 1024 2490 1636 1161
3071 1536 1024 2684 1674 1190
3327 1536 1024 2870 1723 1230
3583 1536 1024 3051 1779 1277
3839 1536 1024 3266 1817 1291
4095 1536 1024 3524 1829 1267
0 1792 1024 1023 1708 1114
256 1792 1024 1043 1708 1118
512 1792 1024 1106 1707 1128
768 1792 1024 1200 1711 1138
1024 1792 1024 1303 1722 1130
1280 1792 1024 1430 1739 1107
1536 1792 1024 1599 1749 1124
1792 1792 1024 1775 1762 1143
2048 1792 1024 1956 1780 1164
2303 1792 1024 2141 1802 1185
2559 1792 1024 2329 1828 1207
2815 1792 1024 2519 1858 1231
3071 1792 1024 2712 1891 1256
3327 1792 1024 2907 1927 1282
3583 1792 1024 3098 1969 1315
3839 1792 1024 3301 2008 1337
4095 1792 1024 3553 2021 1305
0 2048 1024 1167 1950 1172
256 2048 1024 1184 1950 1175
512 2048 1024 1239 1949 1185
768 2048 1024 1325 1951 1198
1024 2048 1024 1430 1958 1204
1280 2048 1024 1548 1970 1197
1536 2048 1024 1697 1980 1209
1792 2048 1024 1859 1994 1224
2048 2048 1024 2029 2010 1240
2303 2048 1024 2205 2030 1257
2559 2048 1024 2386 2053 1277
2815 2048 1024 2572 2078 1297
3071 2048 1024 2760 2107 1319
3327 2048 1024 2952 2139 1342
3583 2048 1024 3146 2173 1366
3839 2048 1024 3343 2209 1389
4095 2048 1024 3588 2223 1351
0 2303 1024 1309 2191 1232
256 2303 1024 1324 2191 1235
512 2303 1024 1372 2191 1245
768 2303 1024 1452 2192 1259
1024 2303 1024 1553 2196 1272
1280 2303 1024 1667 2204 1274
1536 2303 1024 1803 2214 1285
1792 2303 1024 1953 2226 1296
2048 2303 1024 2114 2241 1310
2303 2303 1024 2282 2258 1325
2559 2303 1024 2457 2278 1342
2815 2303 1024 2637 2301 1360
3071 2303 1024 2821 2326 1380
3327 2303 1024 3009 2354 1401
3583 2303 1024 3199 2385 1423
3839 2303 1024 3392 2417 1447
4095 2303 1024 3627 2433 1402
0 2559 1024 1453 2434 1296
256 2559 1024 1465 2434 1299
512 2559 1024 1509 2434 1308
768 2559 1024 1582 2434 1322
1024 2559 1024 1678 2436 1338
1280 2559 1024 1787 2443 1347
1536 2559 1024 1913 2451 1356
1792 2559 1024 2054 2462 1366
2048 2559 1024 2206 2475 1378
2303 2559 1024 2367 2490 1391
2559 2559 1024 2536 2508 1406
2815 2559 1024 2710 2528 1422
3071 2559 1024 2890 2550 1440
3327 2559 1024 3074 2575 1460
3583 2559 1024 3260 2602 1480
3839 2559 1024 3450 2631 1502
4095 2559 1024 3672 2650 1461
0 2815 1024 1596 2677 1362
256 2815 1024 1607 2677 1364
512 2815 1024 1647 2677 1373
768 2815 1024 1714 2677 1388
1024 2815 1024 1804 2678 1405
1280 2815 1024 1908 2683 1417
1536 2815 1024 2026 2690 1425
1792 2815 1024 2158 2700 1434
2048 2815 1024 2303 2711 1444
2303 2815 1024 2457 2725 1456
2559 2815 1024 2620 2740 1470
2815 2815 1024 2790 2758 1485
3071 2815 1024 2965 2778 1501
3327 2815 1024 3144 2799 1519
3583 2815 1024 3327 2823 1538
3839 2815 1024 3514 2849 1559
4095 2815 1024 3721 2871 1528
0 3071 1024 1740 2920 1430
256 3071 1024 1750 2920 1433
512 3071 1024 1785 2920 1441
768 3071 1024 1847 2920 1455
1024 3071 1024 1932 2920 1473
1280 3071 1024 2031 2924 1487
1536 3071 1024 2141 2931 1494
1792 3071 1024 2266 2939 1502
2048 3071 1024 2404 2949 1512
2303 3071 1024 2551 2961 1523
2559 3071 1024 2709 2975 1535
2815 3071 1024 2873 2991 1549
3071 3071 1024 3043 3008 1564
3327 3071 1024 3219 3028 1581
3583 3071 1024 3398 3049 1598
3839 3071 1024 3581 3072 1618
4095 3071 1024 3775 3096 1610
0 3327 1024 1883 3163 1501
256 3327 1024 1893 3163 1504
512 3327 1024 1925 3163 1511
768 3327 1024 1983 3163 1525
1024 3327 1024 2062 3163 1543
1280 3327 1024 2155 3166 1557
1536 3327 1024 2258 3172 1563
1792 3327 1024 2376 3179 1571
2048 3327 1024 2508 3189 1580
2303 3327 1024 2649 3199 1590
2559 3327 1024 2801 3212 1601
2815 3327 1024 2960 3226 1614
3071 3327 1024 3126 3241 1628
3327 3327 1024 3297 3259 1644
3583 3327 1024 3473 3278 1660
3839 3327 1024 3653 3299 1678
4095 3327 1024 3837 3321 1691
0 3583 1024 2027 3406 1574
256 3583 1024 2036 3406 1576
512 3583 1024 2066 3406 1584
768 3583 1024 2119 3406 1597
1024 3583 1024 2194 3406 1615
1280 3583 1024 2281 3408 1628
1536 3583 1024 2378 3414 1634
1792 3583 1024 2490 3421 1641
2048 3583 1024 2615 3429 1649
2303 3583 1024 2751 3438 1658
2559 3583 1024 2897 3449 1669
2815 3583 1024 3051 3462 1681
3071 3583 1024 3212 3476 1694
3327 3583 1024 3379 3492 1709
3583 3583 1024 3551 3509 1724
3839 3583 1024 3727 3528 1741
4095 3583 1024 3907 3549 1759
0 3839 1024 2171 3649 1649
256 3839 1024 2179 3649 1651
512 3839 1024 2207 3649 1658
768 3839 1024 2256 3649 1671
1024 3839 1024 2326 3649 1688
1280 3839 1024 2408 3651 1700
1536 3839 1024 2499 3656 1706
1792 3839 1024 2606 3662 1712
2048 3839 1024 2725 3670 1720
2303 3839 1024 2855 3678 1728
2559 3839 1024 2996 3688 1738
2815 3839 1024 3145 3700 1750
3071 3839 1024 3301 3713 1762
3327 3839 1024 3464 3727 1776
3583 3839 1024 3632 3743 1790
3839 3839 1024 3805 3760 1806
4095 3839 1024 3981 3779 1824
0 4095 1024 2226 3912 1630
256 4095 1024 2233 3912 1630
512 4095 1024 2255 3913 1631
768 4095 1024 2294 3915 1632
1024 4095 1024 2352 3917 1633
1280 4095 1024 2427 3921 1634
1536 4095 1024 2519 3926 1635
1792 4095 1024 2626 3931 1638
2048 4095 1024 2747 3937 1639
2303 4095 1024 2879 3945 1641
2559 4095 1024 3022 3954 1643
2815 4095 1024 3174 3963 1644
3071 4095 1024 3335 3974 1646
3327 4095 1024 3502 3986 1644
3583 4095 1024 3676 3999 1638
3839 4095 1024 3855 4013 1626
4095 4095 1024 4022 4011 1589
0 0 1280 271 208 1183
256 0 1280 342 216 1184
512 0 1280 509 239 1172
768 0 1280 706 286 1162
1024 0 1280 910 341 1162
1280 0 1280 1119 400 1167
1536 0 1280 1331 464 1175
1792 0 1280 1544 529 1186
2048 0 1280 1759 596 1199
2303 0 1280 1974 663 1212
2559 0 1280 2190 731 1227
2815 0 1280 2406 801 1243
3071 0 1280 2623 870 1260
3327 0 1280 2840 939 1278
3583 0 1280 3057 1009 1297
3839 0 1280 3274 1079 1316
4095 0 1280 3492 1149 1337
0 256 1280 297 311 1176
256 256 1280 378 322 1145
512 256 1280 534 353 1105
768 256 1280 710 385 1121
1024 256 1280 906 425 1138
1280 256 1280 1113 473 1154
1536 256 1280 1324 527 1169
1792 256 1280 1537 584 1183
2048 256 1280 1753 644 1198
2303 256 1280 1968 706 1214
2559 256 1280 2184 770 1229
2815 256 1280 2401 835 1246
3071 256 1280 2618 901 1263
3327 256 1280 2836 968 1281
3583 256 1280 3053 1036 1300
3839 256 1280 3271 1104 1320
4095 256 1280 3489 1172 1341
0 512 1280 377 524 1171
256 512 1280 440 528 1150
512 512 1280 585 545 1099
768 512 1280 742 569 1105
1024 512 1280 918 605 1112
1280 512 1280 1110 644 1134
1536 512 1280 1313 687 1159
1792 512 1280 1523 733 1181
2048 512 1280 1737 782 1201
2303 512 1280 1952 834 1220
2559 512 1280 2169 888 1239
2815 512 1280 2387 944 1257
3071 512 1280 2605 1002 1275
3327 512 1280 2823 1062 1294
3583 512 1280 3041 1123 1314
3839 512 1280 3260 1185 1333
4095 512 1280 3478 1249 1354
0 768 1280 491 756 1169
256 768 1280 538 758 1157
512 768 1280 660 765 1129
768 768 1280 799 779 1152
1024 768 1280 982 788 1202
1280 768 1280 1166 822 1180
1536 768 1280 1342 868 1177
1792 768 1280 1533 913 1195
2048 768 1280 1736 959 1216
2303 768 1280 1944 1005 1238
2559 768 1280 2156 1053 1259
2815 768 1280 2372 1102 1279
3071 768 1280 2589 1153 1298
3327 768 1280 2806 1206 1318
3583 768 1280 3025 1260 1338
3839 768 1280 3243 1316 1358
4095 768 1280 3470 1364 1374
0 1024 1280 617 993 1184
256 1024 1280 652 994 1179
512 1024 1280 755 996 1168
768 1024 1280 877 1007 1180
1024 1024 1280 1033 1020 1215
1280 1024 1280 1227 1034 1218
1536 1024 1280 1430 1051 1223
1792 1024 1280 1621 1082 1227
2048 1024 1280 1786 1136 1243
2303 1024 1280 1971 1185 1265
2559 1024 1280 2168 1233 1288
2815 1024 1280 2374 1280 1310
3071 1024 1280 2584 1328 1331
3327 1024 1280 2797 1377 1352
3583 1024 1280 3012 1426 1372
3839 1024 1280 3229 1477 1393
4095 1024 1280 3482 1497 1392
0 1280 1280 755 1231 1212
256 1280 1280 783 1231 1212
512 1280 1280 867 1232 1211
768 1280 1280 976 1241 1217
1024 1280 1280 1097 1258 1231
1280 1280 1280 1280 1269 1235
1536 1280 1280 1475 1283 1239
1792 1280 1280 1677 1299 1245
2048 1280 1280 1884 1318 1251
2303 1280 1280 2081 1347 1265
2559 1280 1280 2237 1405 1306
2815 1280 1280 2416 1457 1337
3071 1280 1280 2609 1507 1365
3327 1280 1280 2810 1556 1390
3583 1280 1280 3017 1604 1413
3839 1280 1280 3239 1644 1427
4095 1280 1280 3501 1654 1414
0 1536 1280 893 1471 1254
256 1536 1280 916 1471 1255
512 1536 1280 988 1471 1259
768 1536 1280 1088 1477 1265
1024 1536 1280 1173 1499 1252
1280 1536 1280 1344 1508 1255
1536 1536 1280 1529 1519 1260
1792 1536 1280 1724 1532 1265
2048 1536 1280 1925 1548 1271
2303 1536 1280 2130 1566 1278
2559 1536 1280 2340 1586 1287
2815 1536 1280 2541 1614 1305
3071 1536 1280 2691 1676 1368
3327 1536 1280 2866 1730 1411
3583 1536 1280 3049 1784 1449
3839 1536 1280 3267 1821 1461
4095 1536 1280 3526 1831 1442
0 1792 1280 1034 1711 1302
256 1792 1280 1053 1711 1304
512 1792 1280 1115 1711 1310
768 1792 1280 1208 1714 1318
1024 1792 1280 1308 1727 1313
1280 1792 1280 1417 1749 1280
1536 1792 1280 1592 1758 1284
1792 1792 1280 1779 1769 1290
2048 1792 1280 1973 1782 1296
2303 1792 1280 2173 1797 1303
2559 1792 1280 2378 1814 1311
2815 1792 1280 2587 1834 1320
3071 1792 1280 2798 1855 1329
3327 1792 1280 2943 1913 1413
3583 1792 1280 3095 1974 1485
3839 1792 1280 3302 2011 1501
4095 1792 1280 3555 2023 1476
0 2048 1280 1175 1953 1353
256 2048 1280 1191 1953 1356
512 2048 1280 1245 1953 1363
768 2048 1280 1332 1954 1373
1024 2048 1280 1433 1962 1377
1280 2048 1280 1529 1981 1347
1536 2048 1280 1663 1999 1313
1792 2048 1280 1841 2008 1318
2048 2048 1280 2029 2019 1335
2303 2048 1280 2218 2033 1359
2559 2048 1280 2408 2051 1383
2815 2048 1280 2599 2073 1407
3071 2048 1280 2792 2099 1431
3327 2048 1280 2986 2128 1456
3583 2048 1280 3153 2174 1518
3839 2048 1280 3343 2213 1548
4095 2048 1280 3590 2226 1515
0 2303 1280 1315 2194 1408
256 2303 1280 1330 2194 1410
512 2303 1280 1378 2194 1418
768 2303 1280 1458 2195 1430
1024 2303 1280 1557 2199 1439
1280 2303 1280 1661 2210 1431
1536 2303 1280 1776 2228 1403
1792 2303 1280 1938 2237 1418
2048 2303 1280 2107 2249 1435
2303 2303 1280 2281 2264 1453
2559 2303 1280 2461 2282 1472
2815 2303 1280 2644 2303 1492
3071 2303 1280 2830 2327 1513
3327 2303 1280 3019 2354 1535
3583 2303 1280 3210 2383 1558
3839 2303 1280 3391 2421 1601
4095 2303 1280 3629 2435 1561
0 2559 1280 1457 2436 1465
256 2559 1280 1470 2436 1467
512 2559 1280 1513 2436 1475
768 2559 1280 1587 2436 1488
1024 2559 1280 1681 2439 1501
1280 2559 1280 1787 2446 1505
1536 2559 1280 1900 2459 1493
1792 2559 1280 2045 2469 1504
2048 2559 1280 2200 2481 1518
2303 2559 1280 2364 2495 1533
2559 2559 1280 2535 2512 1549
2815 2559 1280 2711 2531 1567
3071 2559 1280 2891 2553 1585
3327 2559 1280 3075 2577 1605
3583 2559 1280 3262 2604 1626
3839 2559 1280 3448 2634 1654
4095 2559 1280 3674 2652 1612
0 2815 1280 1601 2679 1525
256 2815 1280 1612 2679 1527
512 2815 1280 1651 2678 1535
768 2815 1280 1718 2679 1548
1024 2815 1280 1808 2680 1563
1280 2815 1280 1911 2685 1573
1536 2815 1280 2022 2694 1572
1792 2815 1280 2155 2704 1582
2048 2815 1280 2301 2715 1593
2303 2815 1280 2456 2728 1606
2559 2815 1280 2619 2743 1620
2815 2815 1280 2789 2761 1636
3071 2815 1280 2963 2780 1653
3327 2815 1280 3142 2802 1671
3583 2815 1280 3325 2826 1690
3839 2815 1280 3510 2853 1710
4095 2815 1280 3723 2873 1671
0 3071 1280 1743 2922 1587
256 3071 1280 1754 2922 1589
512 3071 1280 1789 2921 1597
768 3071 1280 1851 2921 1610
1024 3071 1280 1935 2922 1625
1280 3071 1280 2035 2925 1640
1536 3071 1280 2144 2932 1646
1792 3071 1280 2269 2940 1655
2048 3071 1280 2406 2951 1665
2303 3071 1280 2553 2963 1676
2559 3071 1280 2710 2976 1688
2815 3071 1280 2873 2992 1702
3071 3071 1280 3043 3010 1718
3327 3071 1280 3217 3030 1734
3583 3071 1280 3395 3052 1752
3839 3071 1280 3577 3075 1770
4095 3071 1280 3777 3097 1740
0 3327 1280 1887 3165 1652
256 3327 1280 1896 3164 1654
512 3327 1280 1929 3164 1661
768 3327 1280 1986 3164 1674
1024 3327 1280 2065 3164 1690
1280 3327 1280 2160 3166 1706
1536 3327 1280 2267 3171 1718
1792 3327 1280 2384 3179 1725
2048 3327 1280 2514 3188 1734
2303 3327 1280 2654 3199 1744
2559 3327 1280 2805 3212 1756
2815 3327 1280 2962 3226 1768
3071 3327 1280 3127 3242 1782
3327 3327 1280 3297 3260 1797
3583 3327 1280 3471 3280 1813
3839 3327 1280 3649 3301 1831
4095 3327 1280 3835 3324 1829
0 3583 1280 2031 3407 1719
256 3583 1280 2039 3407 1721
512 3583 1280 2069 3407 1728
768 3583 1280 2123 3407 1740
1024 3583 1280 2196 3407 1756
1280 3583 1280 2287 3408 1773
1536 3583 1280 2390 3412 1788
1792 3583 1280 2500 3419 1795
2048 3583 1280 2624 3427 1803
2303 3583 1280 2758 3437 1812
2559 3583 1280 2903 3449 1822
2815 3583 1280 3055 3462 1834
3071 3583 1280 3215 3476 1847
3327 3583 1280 3380 3492 1861
3583 3583 1280 3551 3510 1876
3839 3583 1280 3725 3530 1892
4095 3583 1280 3904 3551 1910
0 3839 1280 2174 3650 1788
256 3839 1280 2182 3650 1790
512 3839 1280 2210 3650 1796
768 3839 1280 2259 3650 1808
1024 3839 1280 2329 3650 1824
1280 3839 1280 2415 3651 1841
1536 3839 1280 2514 3653 1858
1792 3839 1280 2619 3660 1864
2048 3839 1280 2737 3668 1871
2303 3839 1280 2865 3676 1880
2559 3839 1280 3004 3687 1890
2815 3839 1280 3151 3699 1900
3071 3839 1280 3306 3712 1912
3327 3839 1280 3467 3727 1926
3583 3839 1280 3634 3743 1940
3839 3839 1280 3805 3760 1955
4095 3839 1280 3979 3780 1971
0 4095 1280 2229 3913 1769
256 4095 1280 2236 3913 1769
512 4095 1280 2258 3914 1770
768 4095 1280 2297 3916 1771
1024 4095 1280 2355 3919 1771
1280 4095 1280 2429 3922 1772
1536 4095 1280 2521 3927 1774
1792 4095 1280 2628 3932 1775
2048 4095 1280 2749 3939 1777
2303 4095 1280 2880 3946 1779
2559 4095 1280 3024 3955 1781
2815 4095 1280 3176 3964 1783
3071 4095 1280 3336 3975 1783
3327 4095 1280 3504 3987 1781
3583 4095 1280 3677 4000 1775
3839 4095 1280 3856 4014 1764
4095 4095 1280 4022 4010 1727
0 0 1536 353 261 1423
256 0 1536 383 252 1420
512 0 1536 537 275 1407
768 0 1536 727 315 1397
1024 0 1536 928 364 1393
1280 0 1536 1134 420 1396
1536 0 1536 1343 481 1400
1792 0 1536 1555 543 1409
2048 0 1536 1768 608 1419
2303 0 1536 1981 675 1431
2559 0 1536 2196 742 1444
2815 0 1536 2412 810 1458
3071 0 1536 2628 878 1473
3327 0 1536 2844 947 1488
3583 0 1536 3061 1016 1505
3839 0 1536 3278 1085 1523
4095 0 1536 3495 1155 1541
0 256 1536 343 337 1416
256 256 1536 416 347 1388
512 256 1536 569 378 1340
768 256 1536 737 406 1352
1024 256 1536 928 444 1364
1280 256 1536 1130 490 1377
1536 256 1536 1337 541 1389
1792 256 1536 1549 597 1402
2048 256 1536 1762 656 1416
2303 256 1536 1975 717 1429
2559 256 1536 2191 780 1444
2815 256 1536 2407 844 1459
3071 256 1536 2623 909 1474
3327 256 1536 2840 976 1491
3583 256 1536 3057 1043 1508
3839 256 1536 3274 1110 1525
4095 256 1536 3491 1178 1544
0 512 1536 412 539 1410
256 512 1536 472 543 1389
512 512 1536 617 562 1329
768 512 1536 773 591 1296
1024 512 1536 942 623 1315
1280 512 1536 1129 659 1341
1536 512 1536 1329 700 1366
1792 512 1536 1536 744 1388
2048 512 1536 1748 792 1409
2303 512 1536 1961 843 1428
2559 512 1536 2176 896 1446
2815 512 1536 2393 952 1464
3071 512 1536 2610 1010 1482
3327 512 1536 2827 1069 1499
3583 512 1536 3045 1130 1517
3839 512 1536 3263 1191 1535
4095 512 1536 3481 1254 1554
0 768 1536 520 767 1399
256 768 1536 565 769 1386
512 768 1536 686 777 1350
768 768 1536 831 794 1328
1024 768 1536 995 797 1435
1280 768 1536 1171 841 1371
1536 768 1536 1351 883 1372
1792 768 1536 1543 925 1390
2048 768 1536 1745 969 1413
2303 768 1536 1952 1014 1435
2559 768 1536 2163 1061 1456
2815 768 1536 2378 1110 1477
3071 768 1536 2594 1160 1497
3327 768 1536 2811 1212 1516
3583 768 1536 3028 1266 1535
3839 768 1536 3246 1321 1554
4095 768 1536 3472 1371 1571
0 1024 1536 639 1002 1406
256 1024 1536 674 1003 1398
512 1024 1536 777 1006 1377
768 1024 1536 908 1016 1366
1024 1024 1536 1045 1027 1445
1280 1024 1536 1237 1041 1448
1536 1024 1536 1438 1058 1451
1792 1024 1536 1612 1100 1435
2048 1024 1536 1786 1149 1440
2303 1024 1536 1974 1195 1457
2559 1024 1536 2173 1241 1478
2815 1024 1536 2378 1288 1500
3071 1024 1536 2588 1335 1521
3327 1024 1536 2801 1383 1542
3583 1024 1536 3016 1432 1562
3839 1024 1536 3232 1482 1582
4095 1024 1536 3484 1503 1586
0 1280 1536 771 1239 1423
256 1280 1536 799 1239 1419
512 1280 1536 885 1240 1411
768 1280 1536 1001 1247 1408
1024 1280 1536 1110 1263 1456
1280 1280 1536 1289 1274 1461
1536 1280 1536 1482 1287 1465
1792 1280 1536 1683 1304 1469
2048 1280 1536 1890 1323 1474
2303 1280 1536 2066 1363 1484
2559 1280 1536 2232 1417 1504
2815 1280 1536 2416 1467 1528
3071 1280 1536 2610 1515 1551
3327 1280 1536 2812 1563 1574
3583 1280 1536 3019 1610 1596
3839 1280 1536 3241 1650 1611
4095 1280 1536 3504 1659 1606
0 1536 1536 906 1477 1455
256 1536 1536 929 1477 1454
512 1536 1536 1002 1478 1453
768 1536 1536 1106 1482 1455
1024 1536 1536 1205 1498 1469
1280 1536 1536 1352 1512 1478
1536 1536 1536 1536 1523 1482
1792 1536 1536 1730 1536 1486
2048 1536 1536 1931 1552 1491
2303 1536 1536 2135 1569 1497
2559 1536 1536 2344 1590 1504
2815 1536 1536 2525 1629 1528
3071 1536 1536 2684 1686 1567
3327 1536 1536 2862 1739 1599
3583 1536 1536 3050 1790 1629
3839 1536 1536 3270 1825 1641
4095 1536 1536 3528 1835 1630
0 1792 1536 1043 1717 1496
256 1792 1536 1062 1717 1496
512 1792 1536 1125 1717 1499
768 1792 1536 1220 1720 1504
1024 1792 1536 1323 1730 1508
1280 1792 1536 1425 1752 1499
1536 1792 1536 1599 1761 1502
1792 1792 1536 1785 1772 1506
2048 1792 1536 1979 1786 1511
2303 1792 1536 2178 1801 1517
2559 1792 1536 2383 1818 1524
2815 1792 1536 2591 1837 1531
3071 1792 1536 2801 1858 1539
3327 1792 1536 2934 1923 1613
3583 1792 1536 3094 1981 1664
3839 1792 1536 3304 2016 1678
4095 1792 1536 3557 2027 1660
0 2048 1536 1184 1957 1542
256 2048 1536 1201 1957 1544
512 2048 1536 1255 1957 1549
768 2048 1536 1341 1959 1556
1024 2048 1536 1442 1966 1560
1280 2048 1536 1531 1986 1541
1536 2048 1536 1670 2002 1526
1792 2048 1536 1847 2011 1530
2048 2048 1536 2034 2023 1535
2303 2048 1536 2228 2036 1541
2559 2048 1536 2427 2050 1547
2815 2048 1536 2631 2067 1554
3071 2048 1536 2838 2085 1563
3327 2048 1536 3021 2117 1602
3583 2048 1536 3149 2180 1698
3839 2048 1536 3345 2217 1720
4095 2048 1536 3592 2229 1695
0 2303 1536 1323 2198 1592
256 2303 1536 1338 2198 1594
512 2303 1536 1386 2197 1600
768 2303 1536 1466 2198 1609
1024 2303 1536 1563 2203 1617
1280 2303 1536 1663 2215 1610
1536 2303 1536 1747 2243 1553
1792 2303 1536 1916 2251 1557
2048 2303 1536 2096 2261 1562
2303 2303 1536 2283 2272 1567
2559 2303 1536 2478 2285 1574
2815 2303 1536 2677 2300 1581
3071 2303 1536 2880 2316 1589
3327 2303 1536 3077 2337 1613
3583 2303 1536 3218 2385 1720
3839 2303 1536 3392 2424 1768
4095 2303 1536 3631 2438 1734
0 2559 1536 1465 2439 1645
256 2559 1536 1478 2439 1647
512 2559 1536 1521 2439 1653
768 2559 1536 1594 2439 1664
1024 2559 1536 1687 2442 1674
1280 2559 1536 1790 2450 1677
1536 2559 1536 1889 2467 1652
1792 2559 1536 1996 2491 1593
2048 2559 1536 2173 2498 1613
2303 2559 1536 2352 2507 1633
2559 2559 1536 2535 2520 1654
2815 2559 1536 2720 2535 1675
3071 2559 1536 2907 2554 1697
3327 2559 1536 3095 2576 1719
3583 2559 1536 3286 2600 1742
3839 2559 1536 3447 2638 1819
4095 2559 1536 3676 2654 1779
0 2815 1536 1608 2681 1701
256 2815 1536 1619 2681 1703
512 2815 1536 1658 2681 1710
768 2815 1536 1725 2681 1720
1024 2815 1536 1813 2683 1732
1280 2815 1536 1914 2688 1740
1536 2815 1536 2018 2699 1733
1792 2815 1536 2126 2718 1700
2048 2815 1536 2281 2727 1714
2303 2815 1536 2444 2737 1730
2559 2815 1536 2614 2751 1746
2815 2815 1536 2788 2766 1764
3071 2815 1536 2967 2784 1783
3327 2815 1536 3149 2805 1803
3583 2815 1536 3333 2828 1823
3839 2815 1536 3514 2855 1859
4095 2815 1536 3726 2875 1830
0 3071 1536 1750 2924 1758
256 3071 1536 1760 2924 1760
512 3071 1536 1796 2923 1767
768 3071 1536 1857 2923 1778
1024 3071 1536 1940 2924 1791
1280 3071 1536 2038 2928 1803
1536 3071 1536 2144 2936 1806
1792 3071 1536 2252 2949 1789
2048 3071 1536 2394 2959 1800
2303 3071 1536 2545 2969 1813
2559 3071 1536 2705 2982 1827
2815 3071 1536 2871 2997 1843
3071 3071 1536 3042 3014 1859
3327 3071 1536 3218 3033 1877
3583 3071 1536 3397 3055 1895
3839 3071 1536 3579 3078 1914
4095 3071 1536 3779 3099 1890
0 3327 1536 1893 3166 1818
256 3327 1536 1902 3166 1820
512 3327 1536 1935 3166 1827
768 3327 1536 1991 3166 1837
1024 3327 1536 2069 3166 1851
1280 3327 1536 2164 3169 1865
1536 3327 1536 2268 3174 1874
1792 3327 1536 2377 3184 1870
2048 3327 1536 2508 3193 1879
2303 3327 1536 2650 3204 1890
2559 3327 1536 2802 3216 1902
2815 3327 1536 2961 3230 1916
3071 3327 1536 3126 3245 1931
3327 3327 1536 3296 3263 1946
3583 3327 1536 3470 3283 1963
3839 3327 1536 3648 3304 1981
4095 3327 1536 3837 3326 1965
0 3583 1536 2036 3409 1880
256 3583 1536 2045 3409 1882
512 3583 1536 2075 3408 1888
768 3583 1536 2127 3408 1899
1024 3583 1536 2200 3409 1913
1280 3583 1536 2290 3410 1928
1536 3583 1536 2392 3414 1941
1792 3583 1536 2501 3422 1945
2048 3583 1536 2624 3430 1953
2303 3583 1536 2759 3440 1963
2559 3583 1536 2903 3451 1974
2815 3583 1536 3056 3464 1986
3071 3583 1536 3215 3478 1999
3327 3583 1536 3380 3495 2014
3583 3583 1536 3550 3512 2029
3839 3583 1536 3724 3532 2045
4095 3583 1536 3901 3553 2063
0 3839 1536 2179 3652 1944
256 3839 1536 2187 3652 1946
512 3839 1536 2215 3651 1952
768 3839 1536 2264 3651 1962
1024 3839 1536 2332 3651 1976
1280 3839 1536 2418 3652 1992
1536 3839 1536 2517 3655 2007
1792 3839 1536 2624 3661 2017
2048 3839 1536 2741 3668 2025
2303 3839 1536 2869 3677 2034
2559 3839 1536 3007 3688 2043
2815 3839 1536 3154 3700 2054
3071 3839 1536 3308 3713 2067
3327 3839 1536 3468 3728 2080
3583 3839 1536 3634 3744 2094
3839 3839 1536 3804 3762 2109
4095 3839 1536 3978 3782 2125
0 4095 1536 2233 3914 1926
256 4095 1536 2239 3915 1927
512 4095 1536 2261 3916 1927
768 4095 1536 2301 3917 1928
1024 4095 1536 2358 3920 1928
1280 4095 1536 2432 3924 1929
1536 4095 1536 2525 3928 1931
1792 4095 1536 2631 3934 1932
2048 4095 1536 2751 3940 1934
2303 4095 1536 2883 3948 1936
2559 4095 1536 3026 3956 1938
2815 4095 1536 3178 3966 1940
3071 4095 1536 3338 3976 1940
3327 4095 1536 3506 3988 1939
3583 4095 1536 3679 4001 1934
3839 4095 1536 3858 4015 1923
4095 4095 1536 4022 4009 1885
0 0 1792 396 296 1656
256 0 1792 426 291 1652
512 0 1792 569 311 1643
768 0 1792 751 346 1633
1024 0 1792 948 390 1627
1280 0 1792 1151 442 1626
1536 0 1792 1358 500 1628
1792 0 1792 1567 560 1634
2048 0 1792 1778 623 1642
2303 0 1792 1990 688 1652
2559 0 1792 2204 753 1663
2815 0 1792 2419 821 1675
3071 0 1792 2634 888 1689
3327 0 1792 2850 956 1703
3583 0 1792 3066 1024 1718
3839 0 1792 3282 1093 1734
4095 0 1792 3499 1162 1750
0 256 1792 393 366 1651
256 256 1792 457 376 1629
512 256 1792 604 404 1581
768 256 1792 766 431 1586
1024 256 1792 951 466 1594
1280 256 1792 1149 509 1604
1536 256 1792 1353 559 1613
1792 256 1792 1562 612 1625
2048 256 1792 1773 670 1636
2303 256 1792 1985 729 1648
2559 256 1792 2199 791 1661
2815 256 1792 2414 854 1675
3071 256 1792 2630 919 1689
3327 256 1792 2846 984 1704
3583 256 1792 3062 1051 1720
3839 256 1792 3279 1117 1736
4095 256 1792 3496 1185 1752
0 512 1792 456 556 1644
256 512 1792 510 561 1625
512 512 1792 650 580 1568
768 512 1792 808 612 1511
1024 512 1792 970 642 1527
1280 512 1792 1153 676 1553
1536 512 1792 1348 714 1578
1792 512 1792 1552 758 1600
2048 512 1792 1761 804 1621
2303 512 1792 1972 854 1640
2559 512 1792 2185 906 1657
2815 512 1792 2401 961 1675
3071 512 1792 2617 1018 1692
3327 512 1792 2833 1077 1708
3583 512 1792 3050 1137 1725
3839 512 1792 3268 1199 1742
4095 512 1792 3485 1261 1760
0 768 1792 552 779 1634
256 768 1792 595 782 1621
512 768 1792 714 791 1579
768 768 1792 862 810 1537
1024 768 1792 1015 829 1560
1280 768 1792 1187 861 1559
1536 768 1792 1367 899 1568
1792 768 1792 1558 939 1589
2048 768 1792 1757 981 1613
2303 768 1792 1963 1024 1636
2559 768 1792 2173 1070 1658
2815 768 1792 2386 1118 1679
3071 768 1792 2601 1168 1699
3327 768 1792 2817 1220 1718
3583 768 1792 3034 1273 1737
3839 768 1792 3251 1328 1756
4095 768 1792 3473 1380 1773
0 1024 1792 662 1012 1636
256 1024 1792 696 1013 1627
512 1024 1792 799 1017 1599
768 1024 1792 935 1028 1569
1024 1024 1792 1076 1043 1589
1280 1024 1792 1248 1048 1679
1536 1024 1792 1444 1069 1673
1792 1024 1792 1612 1118 1632
2048 1024 1792 1792 1163 1635
2303 1024 1792 1981 1207 1651
2559 1024 1792 2180 1251 1672
2815 1024 1792 2385 1297 1694
3071 1024 1792 2594 1343 1716
3327 1024 1792 2806 1390 1737
3583 1024 1792 3021 1439 1757
3839 1024 1792 3236 1489 1777
4095 1024 1792 3488 1509 1786
0 1280 1792 791 1247 1642
256 1280 1792 818 1248 1637
512 1280 1792 903 1250 1622
768 1280 1792 1024 1256 1607
1024 1280 1792 1152 1269 1622
1280 1280 1792 1300 1280 1691
1536 1280 1792 1491 1294 1694
1792 1280 1792 1691 1310 1697
2048 1280 1792 1897 1329 1702
2303 1280 1792 2058 1379 1691
2559 1280 1792 2231 1429 1702
2815 1280 1792 2418 1477 1720
3071 1280 1792 2613 1524 1741
3327 1280 1792 2815 1570 1763
3583 1280 1792 3022 1617 1785
3839 1280 1792 3244 1656 1802
4095 1280 1792 3507 1665 1804
0 1536 1792 921 1485 1665
256 1536 1792 944 1485 1663
512 1536 1792 1017 1486 1656
768 1536 1792 1125 1490 1649
1024 1536 1792 1242 1500 1659
1280 1536 1792 1362 1517 1705
1536 1536 1792 1545 1528 1708
1792 1536 1792 1738 1541 1712
2048 1536 1792 1937 1557 1716
2303 1536 1792 2141 1574 1721
2559 1536 1792 2350 1594 1727
2815 1536 1792 2513 1644 1742
3071 1536 1792 2680 1698 1766
3327 1536 1792 2861 1748 1790
3583 1536 1792 3051 1798 1815
3839 1536 1792 3273 1831 1829
4095 1536 1792 3531 1840 1826
0 1792 1792 1056 1724 1698
256 1792 1792 1075 1724 1697
512 1792 1792 1138 1724 1696
768 1792 1792 1235 1726 1696
1024 1792 1792 1345 1734 1701
1280 1792 1792 1435 1756 1722
1536 1792 1792 1607 1765 1725
1792 1792 1792 1792 1777 1729
2048 1792 1792 1985 1790 1733
2303 1792 1792 2184 1805 1738
2559 1792 1792 2388 1822 1744
2815 1792 1792 2595 1841 1750
3071 1792 1792 2806 1862 1757
3327 1792 1792 2929 1933 1811
3583 1792 1792 3095 1988 1848
3839 1792 1792 3307 2021 1862
4095 1792 1792 3561 2031 1852
0 2048 1792 1197 1963 1738
256 2048 1792 1213 1963 1738
512 2048 1792 1267 1963 1740
768 2048 1792 1354 1964 1744
1024 2048 1792 1457 1970 1749
1280 2048 1792 1548 1988 1749
1536 2048 1792 1678 2005 1745
1792 2048 1792 1854 2015 1749
2048 2048 1792 2041 2026 1753
2303 2048 1792 2233 2039 1758
2559 2048 1792 2432 2054 1763
2815 2048 1792 2636 2070 1770
3071 2048 1792 2842 2089 1777
3327 2048 1792 3007 2129 1821
3583 2048 1792 3148 2187 1883
3839 2048 1792 3347 2222 1900
4095 2048 1792 3595 2232 1883
0 2303 1792 1334 2202 1783
256 2303 1792 1348 2202 1784
512 2303 1792 1397 2202 1788
768 2303 1792 1476 2203 1794
1024 2303 1792 1574 2207 1801
1280 2303 1792 1672 2219 1800
1536 2303 1792 1755 2246 1768
1792 2303 1792 1923 2254 1772
2048 2303 1792 2102 2264 1776
2303 2303 1792 2289 2275 1781
2559 2303 1792 2483 2288 1786
2815 2303 1792 2682 2303 1792
3071 2303 1792 2884 2319 1799
3327 2303 1792 3090 2336 1807
3583 2303 1792 3212 2392 1912
3839 2303 1792 3394 2429 1944
4095 2303 1792 3635 2441 1918
0 2559 1792 1476 2443 1833
256 2559 1792 1488 2443 1834
512 2559 1792 1531 2443 1839
768 2559 1792 1603 2443 1846
1024 2559 1792 1696 2446 1855
1280 2559 1792 1796 2454 1858
1536 2559 1792 1889 2473 1837
1792 2559 1792 1999 2495 1798
2048 2559 1792 2170 2504 1802
2303 2559 1792 2351 2514 1806
2559 2559 1792 2539 2526 1812
2815 2559 1792 2733 2539 1818
3071 2559 1792 2931 2553 1824
3327 2559 1792 3133 2569 1832
3583 2559 1792 3298 2600 1908
3839 2559 1792 3448 2643 1992
4095 2559 1792 3679 2657 1958
0 2815 1792 1618 2684 1885
256 2815 1792 1629 2684 1886
512 2815 1792 1667 2684 1891
768 2815 1792 1733 2684 1900
1024 2815 1792 1820 2686 1910
1280 2815 1792 1919 2692 1916
1536 2815 1792 2020 2704 1909
1792 2815 1792 2111 2728 1864
2048 2815 1792 2244 2746 1830
2303 2815 1792 2418 2755 1835
2559 2815 1792 2601 2765 1840
2815 2815 1792 2789 2777 1846
3071 2815 1792 2982 2789 1864
3327 2815 1792 3174 2805 1889
3583 2815 1792 3366 2823 1913
3839 2815 1792 3511 2860 2037
4095 2815 1792 3729 2878 2003
0 3071 1792 1758 2926 1938
256 3071 1792 1768 2926 1940
512 3071 1792 1803 2926 1945
768 3071 1792 1864 2926 1954
1024 3071 1792 1946 2927 1965
1280 3071 1792 2043 2931 1975
1536 3071 1792 2146 2939 1976
1792 3071 1792 2247 2955 1955
2048 3071 1792 2346 2980 1895
2303 3071 1792 2513 2987 1912
2559 3071 1792 2686 2996 1931
2815 3071 1792 2863 3008 1950
3071 3071 1792 3042 3022 1969
3327 3071 1792 3225 3038 1990
3583 3071 1792 3409 3057 2010
3839 3071 1792 3595 3078 2032
4095 3071 1792 3783 3102 2055
0 3327 1792 1900 3169 1994
256 3327 1792 1909 3169 1995
512 3327 1792 1941 3168 2001
768 3327 1792 1997 3168 2010
1024 3327 1792 2075 3169 2022
1280 3327 1792 2168 3171 2035
1536 3327 1792 2271 3177 2041
1792 3327 1792 2376 3189 2034
2048 3327 1792 2478 3208 1999
2303 3327 1792 2628 3216 2010
2559 3327 1792 2786 3227 2025
2815 3327 1792 2951 3239 2041
3071 3327 1792 3121 3253 2057
3327 3327 1792 3296 3269 2075
3583 3327 1792 3473 3287 2093
3839 3327 1792 3654 3307 2113
4095 3327 1792 3841 3329 2117
0 3583 1792 2042 3411 2052
256 3583 1792 2051 3411 2053
512 3583 1792 2080 3411 2059
768 3583 1792 2133 3411 2068
1024 3583 1792 2206 3411 2081
1280 3583 1792 2295 3413 2094
1536 3583 1792 2395 3417 2105
1792 3583 1792 2501 3425 2106
2048 3583 1792 2608 3439 2090
2303 3583 1792 2744 3449 2097
2559 3583 1792 2892 3459 2109
2815 3583 1792 3048 3471 2123
3071 3583 1792 3210 3484 2137
3327 3583 1792 3378 3500 2153
3583 3583 1792 3549 3517 2169
3839 3583 1792 3725 3536 2187
4095 3583 1792 3902 3557 2212
0 3839 1792 2185 3654 2111
256 3839 1792 2192 3654 2113
512 3839 1792 2220 3653 2118
768 3839 1792 2269 3653 2127
1024 3839 1792 2337 3653 2140
1280 3839 1792 2423 3654 2155
1536 3839 1792 2520 3657 2168
1792 3839 1792 2625 3663 2175
2048 3839 1792 2734 3674 2172
2303 3839 1792 2861 3683 2176
2559 3839 1792 3001 3693 2187
2815 3839 1792 3150 3704 2199
3071 3839 1792 3305 3717 2212
3327 3839 1792 3466 3732 2226
3583 3839 1792 3633 3748 2241
3839 3839 1792 3803 3766 2257
4095 3839 1792 3977 3785 2273
0 4095 1792 2239 3916 2098
256 4095 1792 2245 3916 2098
512 4095 1792 2266 3917 2098
768 4095 1792 2305 3919 2099
1024 4095 1792 2362 3922 2099
1280 4095 1792 2437 3925 2101
1536 4095 1792 2529 3930 2102
1792 4095 1792 2635 3935 2104
2048 4095 1792 2755 3942 2106
2303 4095 1792 2887 3949 2108
2559 4095 1792 3029 3958 2109
2815 4095 1792 3182 3967 2111
3071 4095 1792 3341 3978 2112
3327 4095 1792 3509 3990 2112
3583 4095 1792 3681 4003 2107
3839 4095 1792 3861 4017 2096
4095 4095 1792 4027 4013 2059
0 0 2048 453 338 1891
256 0 2048 472 330 1889
512 0 2048 603 348 1881
768 0 2048 778 379 1871
1024 0 2048 970 419 1863
1280 0 2048 1170 467 1859
1536 0 2048 1374 521 1859
1792 0 2048 1582 579 1862
2048 0 2048 1791 640 1868
2303 0 2048 2002 703 1876
2559 0 2048 2214 767 1885
2815 0 2048 2428 832 1896
3071 0 2048 2642 899 1908
3327 0 2048 2857 966 1920
3583 0 2048 3072 1034 1934
3839 0 2048 3288 1102 1948
4095 0 2048 3504 1170 1963
0 256 2048 443 397 1888
256 256 2048 500 406 1869
512 256 2048 640 433 1822
768 256 2048 796 457 1824
1024 256 2048 977 490 1828
1280 256 2048 1170 531 1834
1536 256 2048 1372 578 1841
1792 256 2048 1578 630 1850
2048 256 2048 1787 685 1860
2303 256 2048 1997 743 1870
2559 256 2048 2210 804 1882
2815 256 2048 2423 866 1894
3071 256 2048 2638 930 1907
3327 256 2048 2853 994 1920
3583 256 2048 3069 1060 1934
3839 256 2048 3285 1126 1949
4095 256 2048 3501 1193 1965
0 512 2048 499 576 1881
256 512 2048 549 581 1863
512 512 2048 683 599 1809
768 512 2048 843 633 1742
1024 512 2048 1002 662 1747
1280 512 2048 1179 694 1772
1536 512 2048 1370 731 1795
1792 512 2048 1570 772 1816
2048 512 2048 1776 818 1836
2303 512 2048 1985 866 1854
2559 512 2048 2197 918 1872
2815 512 2048 2411 972 1888
3071 512 2048 2625 1028 1905
3327 512 2048 2841 1086 1921
3583 512 2048 3057 1146 1937
3839 512 2048 3274 1207 1953
4095 512 2048 3490 1269 1970
0 768 2048 589 793 1869
256 768 2048 629 796 1856
512 768 2048 744 806 1815
768 768 2048 894 826 1761
1024 768 2048 1047 852 1738
1280 768 2048 1211 881 1752
1536 768 2048 1388 916 1768
1792 768 2048 1576 954 1791
2048 768 2048 1773 994 1816
2303 768 2048 1976 1036 1840
2559 768 2048 2185 1081 1863
2815 768 2048 2396 1128 1885
3071 768 2048 2610 1177 1905
3327 768 2048 2825 1228 1924
3583 768 2048 3041 1281 1943
3839 768 2048 3257 1336 1961
4095 768 2048 3481 1384 1979
0 1024 2048 695 1023 1864
256 1024 2048 727 1024 1855
512 1024 2048 825 1029 1827
768 1024 2048 962 1041 1786
1024 1024 2048 1107 1059 1770
1280 1024 2048 1263 1067 1862
1536 1024 2048 1446 1093 1852
1792 1024 2048 1620 1136 1824
2048 1024 2048 1802 1177 1829
2303 1024 2048 1992 1220 1847
2559 1024 2048 2190 1263 1868
2815 1024 2048 2394 1307 1891
3071 1024 2048 2603 1352 1913
3327 1024 2048 2814 1399 1935
3583 1024 2048 3027 1447 1956
3839 1024 2048 3243 1496 1976
4095 1024 2048 3492 1517 1991
0 1280 2048 816 1257 1865
256 1280 2048 843 1257 1859
512 1280 2048 926 1260 1841
768 1280 2048 1048 1267 1816
1024 1280 2048 1182 1280 1808
1280 1280 2048 1321 1292 1877
1536 1280 2048 1502 1301 1925
1792 1280 2048 1701 1317 1928
2048 1280 2048 1891 1346 1913
2303 1280 2048 2056 1396 1891
2559 1280 2048 2234 1443 1897
2815 1280 2048 2422 1488 1913
3071 1280 2048 2619 1534 1934
3327 1280 2048 2821 1579 1955
3583 1280 2048 3028 1626 1977
3839 1280 2048 3248 1664 1997
4095 1280 2048 3511 1671 2007
0 1536 2048 941 1493 1882
256 1536 2048 963 1494 1878
512 1536 2048 1035 1495 1867
768 1536 2048 1145 1499 1852
1024 1536 2048 1270 1508 1849
1280 1536 2048 1392 1522 1896
1536 1536 2048 1555 1534 1937
1792 1536 2048 1747 1547 1940
2048 1536 2048 1945 1562 1944
2303 1536 2048 2148 1580 1948
2559 1536 2048 2350 1603 1951
2815 1536 2048 2505 1659 1949
3071 1536 2048 2678 1710 1963
3327 1536 2048 2862 1759 1983
3583 1536 2048 3055 1806 2004
3839 1536 2048 3276 1839 2021
4095 1536 2048 3535 1846 2027
0 1792 2048 1074 1731 1906
256 1792 2048 1092 1731 1904
512 1792 2048 1154 1732 1899
768 1792 2048 1252 1734 1893
1024 1792 2048 1368 1741 1893
1280 1792 2048 1478 1756 1919
1536 1792 2048 1617 1770 1952
1792 1792 2048 1801 1781 1955
2048 1792 2048 1993 1795 1958
2303 1792 2048 2191 1810 1963
2559 1792 2048 2394 1827 1967
2815 1792 2048 2601 1846 1973
3071 1792 2048 2811 1866 1979
3327 1792 2048 2928 1942 2009
3583 1792 2048 3097 1995 2036
3839 1792 2048 3310 2028 2051
4095 1792 2048 3565 2036 2050
0 2048 2048 1211 1969 1939
256 2048 2048 1227 1969 1939
512 2048 2048 1281 1969 1938
768 2048 2048 1369 1971 1937
1024 2048 2048 1475 1976 1940
1280 2048 2048 1579 1989 1951
1536 2048 2048 1687 2010 1969
1792 2048 2048 1863 2019 1972
2048 2048 2048 2048 2030 1976
2303 2048 2048 2240 2043 1980
2559 2048 2048 2439 2058 1985
2815 2048 2048 2641 2074 1990
3071 2048 2048 2847 2093 1996
3327 2048 2048 3000 2140 2030
3583 2048 2048 3149 2195 2070
3839 2048 2048 3351 2227 2086
4095 2048 2048 3599 2237 2078
0 2303 2048 1348 2208 1980
256 2303 2048 1362 2208 1980
512 2303 2048 1410 2208 1981
768 2303 2048 1489 2209 1984
1024 2303 2048 1588 2212 1989
1280 2303 2048 1690 2223 1994
1536 2303 2048 1767 2249 1990
1792 2303 2048 1931 2258 1992
2048 2303 2048 2109 2268 1996
2303 2303 2048 2295 2279 2000
2559 2303 2048 2489 2292 2004
2815 2303 2048 2687 2306 2010
3071 2303 2048 2889 2322 2016
3327 2303 2048 3094 2340 2022
3583 2303 2048 3210 2400 2103
3839 2303 2048 3397 2434 2126
4095 2303 2048 3638 2446 2110
0 2559 2048 1487 2448 2025
256 2559 2048 1499 2448 2026
512 2559 2048 1542 2448 2028
768 2559 2048 1614 2448 2033
1024 2559 2048 1707 2451 2040
1280 2559 2048 1808 2458 2044
1536 2559 2048 1900 2477 2036
1792 2559 2048 2006 2499 2014
2048 2559 2048 2177 2507 2018
2303 2559 2048 2357 2518 2022
2559 2559 2048 2545 2529 2027
2815 2559 2048 2738 2542 2032
3071 2559 2048 2936 2556 2038
3327 2559 2048 3138 2572 2044
3583 2559 2048 3287 2610 2121
3839 2559 2048 3450 2648 2171
4095 2559 2048 3683 2661 2146
0 2815 2048 1627 2689 2073
256 2815 2048 1638 2689 2074
512 2815 2048 1676 2688 2078
768 2815 2048 1742 2689 2084
1024 2815 2048 1830 2691 2092
1280 2815 2048 1929 2696 2098
1536 2815 2048 2027 2709 2094
1792 2815 2048 2109 2734 2058
2048 2815 2048 2251 2749 2043
2303 2815 2048 2424 2758 2047
2559 2815 2048 2606 2768 2052
2815 2815 2048 2795 2779 2057
3071 2815 2048 2988 2792 2063
3327 2815 2048 3186 2806 2069
3583 2815 2048 3387 2822 2076
3839 2815 2048 3511 2865 2217
4095 2815 2048 3732 2881 2186
0 3071 2048 1766 2930 2123
256 3071 2048 1776 2930 2125
512 3071 2048 1812 2930 2129
768 3071 2048 1872 2930 2136
1024 3071 2048 1955 2931 2146
1280 3071 2048 2051 2935 2154
1536 3071 2048 2152 2944 2155
1792 3071 2048 2247 2961 2136
2048 3071 2048 2330 2990 2070
2303 3071 2048 2497 2999 2074
2559 3071 2048 2673 3008 2079
2815 3071 2048 2856 3018 2084
3071 3071 2048 3045 3030 2090
3327 3071 2048 3239 3043 2096
3583 3071 2048 3436 3057 2103
3839 3071 2048 3586 3085 2242
4095 3071 2048 3786 3105 2232
0 3327 2048 1908 3172 2176
256 3327 2048 1917 3172 2177
512 3327 2048 1949 3172 2182
768 3327 2048 2005 3171 2190
1024 3327 2048 2083 3172 2200
1280 3327 2048 2175 3175 2211
1536 3327 2048 2276 3181 2216
1792 3327 2048 2377 3193 2208
2048 3327 2048 2473 3214 2172
2303 3327 2048 2574 3240 2104
2559 3327 2048 2744 3249 2109
2815 3327 2048 2923 3258 2118
3071 3327 2048 3109 3267 2141
3327 3327 2048 3296 3278 2163
3583 3327 2048 3484 3292 2186
3839 3327 2048 3672 3309 2208
4095 3327 2048 3845 3332 2284
0 3583 2048 2050 3414 2231
256 3583 2048 2058 3414 2232
512 3583 2048 2088 3413 2237
768 3583 2048 2140 3413 2245
1024 3583 2048 2213 3414 2256
1280 3583 2048 2301 3416 2268
1536 3583 2048 2400 3420 2276
1792 3583 2048 2503 3429 2277
2048 3583 2048 2606 3444 2258
2303 3583 2048 2701 3468 2204
2559 3583 2048 2857 3477 2211
2815 3583 2048 3024 3486 2228
3071 3583 2048 3196 3497 2245
3327 3583 2048 3371 3509 2264
3583 3583 2048 3549 3524 2283
3839 3583 2048 3730 3541 2302
4095 3583 2048 3907 3560 2356
0 3839 2048 2191 3656 2287
256 3839 2048 2199 3656 2288
512 3839 2048 2227 3656 2293
768 3839 2048 2276 3655 2302
1024 3839 2048 2344 3656 2313
1280 3839 2048 2428 3657 2325
1536 3839 2048 2525 3660 2336
1792 3839 2048 2628 3667 2342
2048 3839 2048 2734 3678 2337
2303 3839 2048 2847 3692 2321
2559 3839 2048 2987 3702 2326
2815 3839 2048 3135 3714 2330
3071 3839 2048 3292 3727 2336
3327 3839 2048 3458 3740 2351
3583 3839 2048 3629 3755 2368
3839 3839 2048 3803 3771 2386
4095 3839 2048 3980 3789 2406
0 4095 2048 2246 3918 2279
256 4095 2048 2252 3918 2279
512 4095 2048 2273 3919 2280
768 4095 2048 2312 3921 2280
1024 4095 2048 2369 3924 2281
1280 4095 2048 2443 3927 2282
1536 4095 2048 2534 3932 2284
1792 4095 2048 2640 3937 2286
2048 4095 2048 2760 3944 2288
2303 4095 2048 2892 3951 2290
2559 4095 2048 3034 3960 2293
2815 4095 2048 3186 3969 2294
3071 4095 2048 3345 3980 2295
3327 4095 2048 3512 3992 2295
3583 4095 2048 3684 4005 2290
3839 4095 2048 3864 4019 2281
4095 4095 2048 4047 4032 2247
0 0 2303 508 380 2125
256 0 2303 518 370 2126
512 0 2303 640 386 2117
768 0 2303 806 413 2108
1024 0 2303 993 450 2099
1280 0 2303 1190 495 2093
1536 0 2303 1392 546 2090
1792 0 2303 1598 600 2091
2048 0 2303 1805 659 2095
2303 0 2303 2014 720 2100
2559 0 2303 2226 782 2108
2815 0 2303 2438 847 2117
3071 0 2303 2651 912 2128
3327 0 2303 2865 978 2139
3583 0 2303 3079 1045 2151
3839 0 2303 3295 1112 2165
4095 0 2303 3510 1180 2178
0 256 2303 494 430 2125
256 256 2303 543 437 2110
512 256 2303 677 463 2064
768 256 2303 827 485 2062
1024 256 2303 1003 516 2063
1280 256 2303 1193 555 2066
1536 256 2303 1391 600 2070
1792 256 2303 1595 649 2077
2048 256 2303 1802 703 2084
2303 256 2303 2010 760 2093
2559 256 2303 2222 818 2103
2815 256 2303 2434 880 2114
3071 256 2303 2647 942 2126
3327 256 2303 2861 1006 2138
3583 256 2303 3076 1071 2151
3839 256 2303 3291 1136 2165
4095 256 2303 3507 1202 2179
0 512 2303 545 598 2116
256 512 2303 590 603 2101
512 512 2303 718 621 2049
768 512 2303 878 654 1980
1024 512 2303 1035 684 1973
1280 512 2303 1207 714 1995
1536 512 2303 1394 749 2016
1792 512 2303 1590 789 2036
2048 512 2303 1794 833 2054
2303 512 2303 2000 880 2071
2559 512 2303 2210 931 2088
2815 512 2303 2422 984 2104
3071 512 2303 2635 1040 2119
3327 512 2303 2850 1097 2135
3583 512 2303 3065 1156 2150
3839 512 2303 3281 1216 2165
4095 512 2303 3497 1278 2181
0 768 2303 626 809 2105
256 768 2303 664 811 2093
512 768 2303 776 822 2051
768 768 2303 925 842 1993
1024 768 2303 1081 872 1946
1280 768 2303 1240 902 1951
1536 768 2303 1412 934 1972
1792 768 2303 1597 970 1997
2048 768 2303 1792 1008 2023
2303 768 2303 1993 1049 2048
2559 768 2303 2199 1093 2071
2815 768 2303 2409 1139 2092
3071 768 2303 2621 1188 2113
3327 768 2303 2834 1238 2132
3583 768 2303 3049 1290 2151
3839 768 2303 3265 1344 2169
4095 768 2303 3483 1398 2187
0 1024 2303 724 1035 2100
256 1024 2303 756 1036 2090
512 1024 2303 854 1042 2057
768 1024 2303 991 1055 2012
1024 1024 2303 1139 1075 1975
1280 1024 2303 1290 1094 1996
1536 1024 2303 1461 1115 2029
1792 1024 2303 1635 1154 2014
2048 1024 2303 1817 1193 2024
2303 1024 2303 2006 1233 2044
2559 1024 2303 2203 1275 2066
2815 1024 2303 2406 1318 2090
3071 1024 2303 2613 1362 2113
3327 1024 2303 2823 1408 2135
3583 1024 2303 3036 1456 2157
3839 1024 2303 3250 1504 2177
4095 1024 2303 3496 1526 2197
0 1280 2303 842 1267 2094
256 1280 2303 868 1268 2088
512 1280 2303 951 1271 2065
768 1280 2303 1073 1279 2033
1024 1280 2303 1211 1292 2008
1280 1280 2303 1353 1308 2028
1536 1280 2303 1515 1309 2156
1792 1280 2303 1712 1325 2158
2048 1280 2303 1888 1367 2105
2303 1280 2303 2060 1412 2086
2559 1280 2303 2241 1457 2091
2815 1280 2303 2430 1501 2107
3071 1280 2303 2627 1545 2127
3327 1280 2303 2829 1589 2149
3583 1280 2303 3035 1635 2171
3839 1280 2303 3253 1674 2193
4095 1280 2303 3515 1680 2212
0 1536 2303 964 1502 2103
256 1536 2303 986 1503 2098
512 1536 2303 1057 1505 2083
768 1536 2303 1166 1509 2063
1024 1536 2303 1295 1518 2047
1280 1536 2303 1428 1532 2062
1536 1536 2303 1567 1540 2166
1792 1536 2303 1757 1553 2169
2048 1536 2303 1954 1569 2172
2303 1536 2303 2157 1586 2176
2559 1536 2303 2337 1624 2160
2815 1536 2303 2502 1675 2150
3071 1536 2303 2679 1723 2159
3327 1536 2303 2865 1770 2175
3583 1536 2303 3060 1816 2195
3839 1536 2303 3281 1847 2216
4095 1536 2303 3539 1854 2230
0 1792 2303 1092 1739 2121
256 1792 2303 1111 1739 2118
512 1792 2303 1173 1740 2109
768 1792 2303 1271 1743 2096
1024 1792 2303 1390 1749 2088
1280 1792 2303 1513 1761 2101
1536 1792 2303 1629 1776 2179
1792 1792 2303 1811 1787 2182
2048 1792 2303 2002 1800 2185
2303 1792 2303 2199 1815 2189
2559 1792 2303 2401 1832 2193
2815 1792 2303 2608 1851 2198
3071 1792 2303 2795 1884 2200
3327 1792 2303 2931 1952 2207
3583 1792 2303 3102 2004 2226
3839 1792 2303 3315 2035 2243
4095 1792 2303 3569 2043 2252
0 2048 2303 1227 1977 2146
256 2048 2303 1243 1977 2145
512 2048 2303 1297 1977 2141
768 2048 2303 1385 1979 2135
1024 2048 2303 1494 1983 2132
1280 2048 2303 1608 1994 2141
1536 2048 2303 1707 2013 2186
1792 2048 2303 1872 2024 2197
2048 2048 2303 2057 2035 2201
2303 2048 2303 2248 2048 2204
2559 2048 2303 2446 2063 2209
2815 2048 2303 2648 2079 2213
3071 2048 2303 2853 2097 2219
3327 2048 2303 2999 2149 2235
3583 2048 2303 3152 2202 2259
3839 2048 2303 3355 2234 2276
4095 2048 2303 3603 2243 2277
0 2303 2303 1360 2215 2181
256 2303 2303 1375 2215 2181
512 2303 2303 1423 2215 2179
768 2303 2303 1503 2216 2178
1024 2303 2303 1604 2219 2179
1280 2303 2303 1712 2227 2185
1536 2303 2303 1807 2246 2202
1792 2303 2303 1940 2262 2215
2048 2303 2303 2118 2272 2218
2303 2303 2303 2303 2283 2222
2559 2303 2303 2496 2296 2226
2815 2303 2303 2693 2311 2231
3071 2303 2303 2895 2326 2236
3327 2303 2303 3086 2350 2248
3583 2303 2303 3211 2407 2294
3839 2303 2303 3401 2441 2312
4095 2303 2303 3642 2451 2307
0 2559 2303 1497 2454 2221
256 2559 2303 1510 2454 2221
512 2559 2303 1553 2454 2222
768 2559 2303 1626 2454 2224
1024 2559 2303 1720 2457 2228
1280 2559 2303 1825 2463 2233
1536 2559 2303 1923 2478 2238
1792 2559 2303 2015 2503 2235
2048 2559 2303 2185 2511 2238
2303 2559 2303 2364 2521 2241
2559 2559 2303 2551 2533 2246
2815 2559 2303 2744 2546 2250
3071 2559 2303 2942 2560 2255
3327 2559 2303 3143 2575 2261
3583 2559 2303 3283 2618 2322
3839 2559 2303 3453 2654 2354
4095 2559 2303 3687 2666 2339
0 2815 2303 1638 2694 2266
256 2815 2303 1649 2694 2266
512 2815 2303 1688 2694 2268
768 2815 2303 1754 2694 2273
1024 2815 2303 1841 2696 2278
1280 2815 2303 1941 2701 2284
1536 2815 2303 2040 2712 2285
1792 2815 2303 2122 2736 2269
2048 2815 2303 2259 2752 2260
2303 2815 2303 2431 2761 2263
2559 2815 2303 2613 2771 2268
2815 2815 2303 2801 2783 2272
3071 2815 2303 2994 2796 2277
3327 2815 2303 3191 2810 2283
3583 2815 2303 3381 2828 2306
3839 2815 2303 3513 2871 2399
4095 2815 2303 3736 2885 2376
0 3071 2303 1776 2935 2313
256 3071 2303 1786 2935 2314
512 3071 2303 1822 2934 2317
768 3071 2303 1883 2934 2322
1024 3071 2303 1965 2936 2330
1280 3071 2303 2061 2939 2337
1536 3071 2303 2162 2948 2340
1792 3071 2303 2254 2965 2327
2048 3071 2303 2337 2994 2284
2303 3071 2303 2504 3002 2288
2559 3071 2303 2679 3011 2292
2815 3071 2303 2862 3021 2296
3071 3071 2303 3050 3033 2301
3327 3071 2303 3244 3046 2307
3583 3071 2303 3441 3060 2313
3839 3071 2303 3583 3091 2437
4095 3071 2303 3790 3109 2416
0 3327 2303 1918 3176 2363
256 3327 2303 1927 3176 2364
512 3327 2303 1959 3175 2368
768 3327 2303 2015 3175 2374
1024 3327 2303 2092 3176 2382
1280 3327 2303 2184 3179 2391
1536 3327 2303 2284 3185 2396
1792 3327 2303 2383 3198 2390
2048 3327 2303 2472 3220 2358
2303 3327 2303 2581 3243 2314
2559 3327 2303 2750 3252 2318
2815 3327 2303 2928 3261 2323
3071 3327 2303 3111 3272 2328
3327 3327 2303 3300 3284 2333
3583 3327 2303 3494 3296 2339
3839 3327 2303 3691 3310 2346
4095 3327 2303 3849 3335 2461
0 3583 2303 2059 3417 2415
256 3583 2303 2067 3417 2416
512 3583 2303 2097 3417 2420
768 3583 2303 2149 3417 2427
1024 3583 2303 2221 3417 2436
1280 3583 2303 2309 3419 2445
1536 3583 2303 2407 3424 2453
1792 3583 2303 2508 3433 2453
2048 3583 2303 2606 3449 2436
2303 3583 2303 2693 3475 2381
2559 3583 2303 2826 3493 2347
2815 3583 2303 2998 3502 2351
3071 3583 2303 3177 3512 2356
3327 3583 2303 3361 3523 2362
3583 3583 2303 3551 3534 2368
3839 3583 2303 3744 3547 2374
4095 3583 2303 3912 3564 2518
0 3839 2303 2200 3659 2468
256 3839 2303 2208 3659 2469
512 3839 2303 2236 3659 2474
768 3839 2303 2284 3658 2481
1024 3839 2303 2351 3659 2490
1280 3839 2303 2435 3660 2501
1536 3839 2303 2531 3664 2511
1792 3839 2303 2632 3670 2515
2048 3839 2303 2735 3682 2508
2303 3839 2303 2847 3697 2494
2559 3839 2303 2983 3708 2494
2815 3839 2303 3127 3722 2487
3071 3839 2303 3279 3738 2471
3327 3839 2303 3439 3756 2441
3583 3839 2303 3620 3767 2460
3839 3839 2303 3803 3780 2481
4095 3839 2303 3984 3794 2551
0 4095 2303 2254 3920 2468
256 4095 2303 2260 3921 2468
512 4095 2303 2281 3922 2468
768 4095 2303 2320 3923 2469
1024 4095 2303 2377 3926 2470
1280 4095 2303 2451 3929 2471
1536 4095 2303 2541 3934 2473
1792 4095 2303 2648 3939 2475
2048 4095 2303 2766 3946 2477
2303 4095 2303 2898 3953 2480
2559 4095 2303 3040 3962 2482
2815 4095 2303 3191 3971 2484
3071 4095 2303 3350 3982 2486
3327 4095 2303 3516 3994 2486
3583 4095 2303 3689 4007 2483
3839 4095 2303 3867 4021 2475
4095 4095 2303 4047 4030 2442
0 0 2559 564 422 2359
256 0 2559 571 412 2363
512 0 2559 679 424 2354
768 0 2559 837 448 2345
1024 0 2559 1019 482 2336
1280 0 2559 1212 523 2329
1536 0 2559 1412 571 2324
1792 0 2559 1615 624 2323
2048 0 2559 1821 680 2324
2303 0 2559 2028 739 2328
2559 0 2559 2238 800 2334
2815 0 2559 2449 863 2342
3071 0 2559 2662 926 2351
3327 0 2559 2875 991 2361
3583 0 2559 3088 1057 2372
3839 0 2559 3303 1124 2384
4095 0 2559 3517 1191 2396
0 256 2559 543 463 2364
256 256 2559 587 470 2351
512 256 2559 714 493 2309
768 256 2559 860 515 2302
1024 256 2559 1031 544 2301
1280 256 2559 1217 580 2301
1536 256 2559 1413 623 2302
1792 256 2559 1614 671 2307
2048 256 2559 1818 723 2312
2303 256 2559 2025 777 2319
2559 256 2559 2235 835 2328
2815 256 2559 2446 895 2337
3071 256 2559 2658 956 2347
3327 256 2559 2871 1019 2358
3583 256 2559 3085 1083 2370
3839 256 2559 3300 1147 2383
4095 256 2559 3514 1213 2396
0 512 2559 591 622 2353
256 512 2559 633 626 2339
512 512 2559 755 644 2291
768 512 2559 913 676 2223
1024 512 2559 1069 706 2206
1280 512 2559 1236 735 2223
1536 512 2559 1419 768 2242
1792 512 2559 1613 807 2259
2048 512 2559 1813 850 2276
2303 512 2559 2017 896 2292
2559 512 2559 2225 946 2307
2815 512 2559 2435 998 2322
3071 512 2559 2647 1053 2337
3327 512 2559 2860 1109 2352
3583 512 2559 3074 1167 2366
3839 512 2559 3289 1227 2381
4095 512 2559 3504 1288 2396
0 768 2559 666 826 2342
256 768 2559 702 829 2330
512 768 2559 810 839 2291
768 768 2559 958 860 2231
1024 768 2559 1116 891 2171
1280 768 2559 1272 923 2159
1536 768 2559 1440 953 2183
1792 768 2559 1622 987 2209
2048 768 2559 1813 1024 2235
2303 768 2559 2011 1064 2259
2559 768 2559 2215 1106 2282
2815 768 2559 2423 1152 2304
3071 768 2559 2633 1200 2324
3327 768 2559 2845 1249 2343
3583 768 2559 3059 1301 2362
3839 768 2559 3274 1354 2379
4095 768 2559 3493 1406 2397
0 1024 2559 760 1048 2334
256 1024 2559 790 1050 2325
512 1024 2559 884 1056 2293
768 1024 2559 1020 1069 2243
1024 1024 2559 1170 1090 2195
1280 1024 2559 1322 1115 2179
1536 1024 2559 1484 1138 2209
1792 1024 2559 1655 1173 2208
2048 1024 2559 1835 1210 2223
2303 1024 2559 2023 1248 2244
2559 1024 2559 2219 1288 2268
2815 1024 2559 2420 1330 2293
3071 1024 2559 2626 1373 2316
3327 1024 2559 2835 1419 2339
3583 1024 2559 3046 1465 2361
3839 1024 2559 3259 1514 2381
4095 1024 2559 3501 1537 2406
0 1280 2559 872 1278 2326
256 1280 2559 897 1279 2319
512 1280 2559 977 1283 2295
768 1280 2559 1099 1291 2258
1024 1280 2559 1239 1305 2222
1280 1280 2559 1384 1324 2212
1536 1280 2559 1536 1337 2278
1792 1280 2559 1715 1354 2309
2048 1280 2559 1894 1388 2292
2303 1280 2559 2069 1430 2278
2559 1280 2559 2251 1472 2286
2815 1280 2559 2441 1514 2302
3071 1280 2559 2638 1557 2323
3327 1280 2559 2839 1600 2346
3583 1280 2559 3045 1645 2369
3839 1280 2559 3259 1685 2392
4095 1280 2559 3520 1690 2420
0 1536 2559 987 1512 2331
256 1536 2559 1009 1513 2326
512 1536 2559 1080 1515 2308
768 1536 2559 1190 1520 2281
1024 1536 2559 1320 1530 2256
1280 1536 2559 1458 1544 2249
1536 1536 2559 1598 1557 2306
1792 1536 2559 1769 1563 2388
2048 1536 2559 1965 1576 2404
2303 1536 2559 2166 1594 2407
2559 1536 2559 2332 1643 2359
2815 1536 2559 2503 1691 2347
3071 1536 2559 2683 1737 2354
3327 1536 2559 2871 1782 2369
3583 1536 2559 3066 1827 2389
3839 1536 2559 3287 1857 2413
4095 1536 2559 3545 1862 2437
0 1792 2559 1112 1748 2342
256 1792 2559 1130 1748 2339
512 1792 2559 1192 1750 2327
768 1792 2559 1291 1753 2309
1024 1792 2559 1413 1759 2292
1280 1792 2559 1542 1770 2289
1536 1792 2559 1670 1784 2333
1792 1792 2559 1822 1794 2412
2048 1792 2559 2012 1807 2415
2303 1792 2559 2208 1821 2418
2559 1792 2559 2410 1838 2422
2815 1792 2559 2615 1857 2426
3071 1792 2559 2783 1903 2411
3327 1792 2559 2938 1961 2406
3583 1792 2559 3108 2014 2418
3839 1792 2559 3321 2044 2439
4095 1792 2559 3574 2050 2457
0 2048 2559 1245 1985 2360
256 2048 2559 1261 1985 2358
512 2048 2559 1314 1986 2351
768 2048 2559 1403 1988 2341
1024 2048 2559 1514 1992 2331
1280 2048 2559 1635 2001 2332
1536 2048 2559 1752 2015 2363
1792 2048 2559 1883 2030 2426
2048 2048 2559 2066 2041 2429
2303 2048 2559 2257 2054 2432
2559 2048 2559 2454 2068 2436
2815 2048 2559 2655 2085 2440
3071 2048 2559 2860 2103 2445
3327 2048 2559 3004 2157 2439
3583 2048 2559 3157 2211 2451
3839 2048 2559 3361 2242 2469
4095 2048 2559 3608 2250 2481
0 2303 2559 1375 2222 2389
256 2303 2559 1389 2222 2388
512 2303 2559 1437 2222 2384
768 2303 2559 1518 2223 2379
1024 2303 2559 1621 2227 2375
1280 2303 2559 1735 2234 2377
1536 2303 2559 1845 2247 2395
1792 2303 2559 1951 2267 2441
2048 2303 2559 2127 2277 2444
2303 2303 2559 2312 2288 2447
2559 2303 2559 2503 2301 2451
2815 2303 2559 2700 2315 2455
3071 2303 2559 2901 2331 2460
3327 2303 2559 3085 2359 2466
3583 2303 2559 3215 2415 2486
3839 2303 2559 3406 2448 2503
4095 2303 2559 3648 2457 2507
0 2559 2559 1512 2461 2423
256 2559 2559 1524 2461 2423
512 2559 2559 1567 2461 2422
768 2559 2559 1640 2461 2421
1024 2559 2559 1735 2464 2421
1280 2559 2559 1843 2469 2424
1536 2559 2559 1949 2481 2434
1792 2559 2559 2031 2505 2457
2048 2559 2559 2195 2516 2462
2303 2559 2559 2373 2526 2465
2559 2559 2559 2559 2537 2469
2815 2559 2559 2751 2550 2473
3071 2559 2559 2948 2564 2477
3327 2559 2559 3149 2580 2483
3583 2559 2559 3285 2625 2519
3839 2559 2559 3458 2660 2542
4095 2559 2559 3692 2671 2537
0 2815 2559 1651 2700 2463
256 2815 2559 1662 2700 2463
512 2815 2559 1700 2700 2464
768 2815 2559 1766 2700 2466
1024 2815 2559 1855 2702 2468
1280 2815 2559 1956 2706 2473
1536 2815 2559 2060 2716 2478
1792 2815 2559 2148 2737 2482
2048 2815 2559 2268 2756 2481
2303 2815 2559 2439 2765 2485
2559 2815 2559 2620 2775 2488
2815 2815 2559 2807 2787 2492
3071 2815 2559 3000 2799 2497
3327 2815 2559 3197 2813 2502
3583 2815 2559 3371 2838 2533
3839 2815 2559 3517 2877 2584
4095 2815 2559 3742 2890 2571
0 3071 2559 1789 2940 2507
256 3071 2559 1799 2940 2508
512 3071 2559 1834 2940 2509
768 3071 2559 1895 2940 2513
1024 3071 2559 1977 2941 2518
1280 3071 2559 2074 2944 2523
1536 3071 2559 2176 2952 2528
1792 3071 2559 2270 2968 2526
2048 3071 2559 2346 2997 2503
2303 3071 2559 2511 3005 2506
2559 3071 2559 2686 3014 2510
2815 3071 2559 2868 3025 2514
3071 3071 2559 3056 3036 2519
3327 3071 2559 3249 3049 2524
3583 3071 2559 3446 3063 2529
3839 3071 2559 3584 3097 2626
4095 3071 2559 3795 3113 2608
0 3327 2559 1929 3180 2554
256 3327 2559 1938 3180 2555
512 3327 2559 1970 3180 2557
768 3327 2559 2026 3180 2562
1024 3327 2559 2103 3181 2568
1280 3327 2559 2195 3183 2575
1536 3327 2559 2295 3190 2581
1792 3327 2559 2393 3202 2579
2048 3327 2559 2478 3224 2558
2303 3327 2559 2588 3246 2530
2559 3327 2559 2757 3255 2534
2815 3327 2559 2934 3264 2538
3071 3327 2559 3117 3275 2542
3327 3327 2559 3306 3287 2547
3583 3327 2559 3499 3299 2553
3839 3327 2559 3671 3318 2625
4095 3327 2559 3854 3339 2648
0 3583 2559 2069 3421 2603
256 3583 2559 2078 3421 2604
512 3583 2559 2107 3421 2607
768 3583 2559 2159 3421 2613
1024 3583 2559 2231 3421 2620
1280 3583 2559 2318 3423 2628
1536 3583 2559 2416 3428 2635
1792 3583 2559 2516 3437 2636
2048 3583 2559 2611 3454 2623
2303 3583 2559 2689 3482 2575
2559 3583 2559 2833 3496 2559
2815 3583 2559 3004 3505 2563
3071 3583 2559 3183 3515 2568
3327 3583 2559 3367 3525 2573
3583 3583 2559 3556 3537 2578
3839 3583 2559 3749 3550 2584
4095 3583 2559 3917 3568 2694
0 3839 2559 2209 3663 2654
256 3839 2559 2217 3663 2655
512 3839 2559 2244 3662 2658
768 3839 2559 2292 3662 2664
1024 3839 2559 2360 3663 2672
1280 3839 2559 2444 3664 2682
1536 3839 2559 2539 3667 2690
1792 3839 2559 2639 3674 2695
2048 3839 2559 2739 3687 2688
2303 3839 2559 2850 3701 2678
2559 3839 2559 2982 3714 2673
2815 3839 2559 3125 3729 2665
3071 3839 2559 3273 3746 2643
3327 3839 2559 3432 3765 2600
3583 3839 2559 3617 3776 2606
3839 3839 2559 3806 3788 2611
4095 3839 2559 3980 3797 2786
0 4095 2559 2265 3923 2663
256 4095 2559 2271 3923 2663
512 4095 2559 2292 3924 2663
768 4095 2559 2331 3926 2664
1024 4095 2559 2387 3928 2665
1280 4095 2559 2460 3932 2666
1536 4095 2559 2551 3936 2668
1792 4095 2559 2656 3942 2671
2048 4095 2559 2775 3948 2673
2303 4095 2559 2905 3956 2675
2559 4095 2559 3046 3964 2678
2815 4095 2559 3197 3974 2681
3071 4095 2559 3356 3985 2684
3327 4095 2559 3522 3996 2685
3583 4095 2559 3694 4009 2683
3839 4095 2559 3872 4023 2677
4095 4095 2559 4049 4030 2644
0 0 2815 620 464 2592
256 0 2815 627 455 2598
512 0 2815 720 463 2592
768 0 2815 870 485 2583
1024 0 2815 1046 516 2573
1280 0 2815 1236 554 2565
1536 0 2815 1432 599 2559
1792 0 2815 1634 649 2556
2048 0 2815 1838 703 2555
2303 0 2815 2044 759 2557
2559 0 2815 2252 818 2562
2815 0 2815 2462 879 2568
3071 0 2815 2673 942 2575
3327 0 2815 2885 1006 2584
3583 0 2815 3098 1071 2594
3839 0 2815 3312 1136 2605
4095 0 2815 3526 1203 2616
0 256 2815 601 501 2599
256 256 2815 632 503 2592
512 256 2815 752 525 2553
768 256 2815 894 547 2542
1024 256 2815 1060 574 2539
1280 256 2815 1243 608 2537
1536 256 2815 1435 648 2537
1792 256 2815 1634 694 2539
2048 256 2815 1837 744 2542
2303 256 2815 2041 797 2547
2559 256 2815 2250 853 2554
2815 256 2815 2459 911 2562
3071 256 2815 2670 971 2571
3327 256 2815 2882 1033 2581
3583 256 2815 3095 1096 2592
3839 256 2815 3309 1160 2603
4095 256 2815 3523 1224 2615
0 512 2815 639 647 2590
256 512 2815 678 652 2577
512 512 2815 793 669 2533
768 512 2815 947 699 2468
1024 512 2815 1103 730 2441
1280 512 2815 1267 757 2456
1536 512 2815 1446 790 2471
1792 512 2815 1636 827 2486
2048 512 2815 1833 868 2501
2303 512 2815 2035 913 2515
2559 512 2815 2241 962 2529
2815 512 2815 2450 1013 2543
3071 512 2815 2660 1066 2557
3327 512 2815 2872 1122 2571
3583 512 2815 3085 1179 2584
3839 512 2815 3299 1238 2598
4095 512 2815 3513 1298 2612
0 768 2815 709 844 2579
256 768 2815 742 847 2568
512 768 2815 846 858 2530
768 768 2815 991 879 2471
1024 768 2815 1150 910 2405
1280 768 2815 1307 945 2374
1536 768 2815 1471 973 2399
1792 768 2815 1648 1005 2425
2048 768 2815 1837 1040 2450
2303 768 2815 2032 1079 2474
2559 768 2815 2233 1121 2496
2815 768 2815 2439 1165 2518
3071 768 2815 2647 1212 2538
3327 768 2815 2858 1261 2557
3583 768 2815 3071 1312 2575
3839 768 2815 3284 1365 2592
4095 768 2815 3501 1417 2610
0 1024 2815 796 1063 2570
256 1024 2815 825 1064 2561
512 1024 2815 917 1071 2529
768 1024 2815 1051 1085 2479
1024 1024 2815 1202 1106 2423
1280 1024 2815 1356 1134 2385
1536 1024 2815 1512 1161 2393
1792 1024 2815 1680 1193 2405
2048 1024 2815 1858 1227 2424
2303 1024 2815 2043 1264 2448
2559 1024 2815 2237 1303 2473
2815 1024 2815 2437 1343 2498
3071 1024 2815 2641 1386 2522
3327 1024 2815 2848 1430 2545
3583 1024 2815 3058 1476 2567
3839 1024 2815 3270 1524 2588
4095 1024 2815 3507 1550 2617
0 1280 2815 903 1290 2560
256 1280 2815 928 1292 2552
512 1280 2815 1007 1296 2527
768 1280 2815 1127 1305 2488
1024 1280 2815 1268 1319 2445
1280 1280 2815 1416 1339 2416
1536 1280 2815 1566 1360 2430
1792 1280 2815 1730 1384 2447
2048 1280 2815 1906 1411 2467
2303 1280 2815 2083 1448 2471
2559 1280 2815 2266 1487 2481
2815 1280 2815 2455 1528 2500
3071 1280 2815 2651 1569 2522
3327 1280 2815 2851 1612 2545
3583 1280 2815 3056 1655 2568
3839 1280 2815 3266 1698 2592
4095 1280 2815 3527 1701 2629
0 1536 2815 1016 1523 2559
256 1536 2815 1037 1523 2554
512 1536 2815 1105 1526 2536
768 1536 2815 1214 1532 2506
1024 1536 2815 1347 1542 2472
1280 1536 2815 1487 1557 2450
1536 1536 2815 1630 1573 2468
1792 1536 2815 1788 1591 2495
2048 1536 2815 1961 1612 2516
2303 1536 2815 2146 1634 2542
2559 1536 2815 2334 1663 2551
2815 1536 2815 2509 1707 2541
3071 1536 2815 2691 1751 2548
3327 1536 2815 2880 1795 2564
3583 1536 2815 3075 1838 2583
3839 1536 2815 3294 1869 2612
4095 1536 2815 3551 1872 2645
0 1792 2815 1138 1758 2565
256 1792 2815 1155 1758 2561
512 1792 2815 1216 1760 2548
768 1792 2815 1313 1763 2527
1024 1792 2815 1436 1770 2503
1280 1792 2815 1569 1781 2488
1536 1792 2815 1703 1795 2504
1792 1792 2815 1850 1809 2557
2048 1792 2815 2022 1824 2581
2303 1792 2815 2209 1838 2610
2559 1792 2815 2416 1847 2647
2815 1792 2815 2618 1868 2649
3071 1792 2815 2777 1921 2613
3327 1792 2815 2947 1970 2607
3583 1792 2815 3116 2024 2611
3839 1792 2815 3327 2054 2636
4095 1792 2815 3580 2059 2664
0 2048 2815 1266 1994 2578
256 2048 2815 1281 1994 2575
512 2048 2815 1334 1995 2567
768 2048 2815 1422 1997 2552
1024 2048 2815 1535 2002 2537
1280 2048 2815 1659 2010 2528
1536 2048 2815 1786 2023 2543
1792 2048 2815 1909 2036 2619
2048 2048 2815 2078 2047 2658
2303 2048 2815 2267 2060 2661
2559 2048 2815 2463 2074 2664
2815 2048 2815 2663 2091 2668
3071 2048 2815 2867 2109 2673
3327 2048 2815 3013 2165 2646
3583 2048 2815 3165 2220 2644
3839 2048 2815 3367 2251 2664
4095 2048 2815 3614 2257 2686
0 2303 2815 1394 2230 2601
256 2303 2815 1408 2230 2600
512 2303 2815 1455 2231 2594
768 2303 2815 1535 2232 2586
1024 2303 2815 1639 2235 2576
1280 2303 2815 1757 2242 2571
1536 2303 2815 1877 2253 2582
1792 2303 2815 1987 2269 2633
2048 2303 2815 2138 2282 2672
2303 2303 2815 2321 2293 2675
2559 2303 2815 2512 2306 2678
2815 2303 2815 2708 2321 2682
3071 2303 2815 2909 2336 2686
3327 2303 2815 3093 2364 2684
3583 2303 2815 3222 2424 2679
3839 2303 2815 3412 2456 2696
4095 2303 2815 3653 2464 2711
0 2559 2815 1529 2468 2630
256 2559 2815 1541 2468 2629
512 2559 2815 1584 2468 2626
768 2559 2815 1656 2469 2622
1024 2559 2815 1752 2471 2618
1280 2559 2815 1862 2476 2617
1536 2559 2815 1976 2486 2625
1792 2559 2815 2079 2503 2654
2048 2559 2815 2205 2520 2688
2303 2559 2815 2382 2530 2691
2559 2559 2815 2568 2542 2694
2815 2559 2815 2759 2555 2698
3071 2559 2815 2955 2569 2702
3327 2559 2815 3156 2584 2707
3583 2559 2815 3289 2633 2715
3839 2559 2815 3464 2668 2732
4095 2559 2815 3698 2677 2739
0 2815 2815 1665 2707 2665
256 2815 2815 1676 2707 2665
512 2815 2815 1715 2707 2664
768 2815 2815 1781 2707 2663
1024 2815 2815 1869 2709 2662
1280 2815 2815 1973 2713 2664
1536 2815 2815 2081 2721 2670
1792 2815 2815 2182 2737 2684
2048 2815 2815 2278 2760 2706
2303 2815 2815 2448 2769 2709
2559 2815 2815 2628 2779 2712
2815 2815 2815 2815 2791 2716
3071 2815 2815 3007 2804 2720
3327 2815 2815 3203 2818 2724
3583 2815 2815 3371 2846 2743
3839 2815 2815 3522 2884 2772
4095 2815 2815 3747 2896 2771
0 3071 2815 1802 2946 2705
256 3071 2815 1812 2946 2706
512 3071 2815 1847 2946 2706
768 3071 2815 1908 2946 2707
1024 3071 2815 1990 2947 2709
1280 3071 2815 2088 2950 2713
1536 3071 2815 2193 2957 2718
1792 3071 2815 2292 2971 2724
2048 3071 2815 2368 2997 2726
2303 3071 2815 2520 3009 2728
2559 3071 2815 2694 3018 2731
2815 3071 2815 2876 3029 2735
3071 3071 2815 3063 3040 2739
3327 3071 2815 3256 3053 2744
3583 3071 2815 3452 3067 2749
3839 3071 2815 3588 3104 2814
4095 3071 2815 3800 3118 2805
0 3327 2815 1940 3186 2749
256 3327 2815 1949 3186 2749
512 3327 2815 1981 3186 2751
768 3327 2815 2037 3186 2753
1024 3327 2815 2114 3187 2757
1280 3327 2815 2207 3189 2763
1536 3327 2815 2309 3194 2768
1792 3327 2815 2410 3206 2772
2048 3327 2815 2496 3227 2765
2303 3327 2815 2597 3250 2750
2559 3327 2815 2765 3258 2753
2815 3327 2815 2941 3268 2757
3071 3327 2815 3124 3279 2761
3327 3327 2815 3312 3290 2765
3583 3327 2815 3505 3303 2770
3839 3327 2815 3667 3325 2841
4095 3327 2815 3859 3344 2842
0 3583 2815 2080 3426 2795
256 3583 2815 2088 3426 2796
512 3583 2815 2118 3426 2798
768 3583 2815 2169 3426 2802
1024 3583 2815 2242 3426 2807
1280 3583 2815 2330 3428 2814
1536 3583 2815 2428 3433 2820
1792 3583 2815 2528 3442 2823
2048 3583 2815 2623 3458 2817
2303 3583 2815 2696 3486 2784
2559 3583 2815 2840 3500 2776
2815 3583 2815 3011 3508 2780
3071 3583 2815 3189 3518 2784
3327 3583 2815 3373 3529 2788
3583 3583 2815 3562 3540 2793
3839 3583 2815 3755 3553 2799
4095 3583 2815 3922 3572 2882
0 3839 2815 2219 3667 2843
256 3839 2815 2227 3667 2844
512 3839 2815 2254 3667 2847
768 3839 2815 2302 3667 2851
1024 3839 2815 2370 3667 2858
1280 3839 2815 2454 3668 2866
1536 3839 2815 2549 3672 2873
1792 3839 2815 2649 3679 2878
2048 3839 2815 2749 3691 2875
2303 3839 2815 2852 3707 2864
2559 3839 2815 2982 3721 2859
2815 3839 2815 3122 3736 2850
3071 3839 2815 3268 3755 2825
3327 3839 2815 3438 3768 2813
3583 3839 2815 3623 3779 2818
3839 3839 2815 3812 3791 2823
4095 3839 2815 3986 3802 2948
0 4095 2815 2278 3926 2862
256 4095 2815 2283 3926 2862
512 4095 2815 2305 3927 2862
768 4095 2815 2343 3929 2863
1024 4095 2815 2398 3932 2864
1280 4095 2815 2472 3935 2866
1536 4095 2815 2561 3939 2868
1792 4095 2815 2665 3945 2870
2048 4095 2815 2784 3951 2873
2303 4095 2815 2914 3959 2876
2559 4095 2815 3054 3967 2879
2815 4095 2815 3205 3977 2883
3071 4095 2815 3362 3988 2885
3327 4095 2815 3528 3999 2888
3583 4095 2815 3699 4012 2887
3839 4095 2815 3877 4026 2882
4095 4095 2815 4054 4033 2852
0 0 3071 676 506 2826
256 0 3071 682 498 2832
512 0 3071 763 502 2829
768 0 3071 905 522 2821
1024 0 3071 1075 550 2811
1280 0 3071 1261 586 2802
1536 0 3071 1455 628 2794
1792 0 3071 1654 675 2790
2048 0 3071 1856 727 2787
2303 0 3071 2060 782 2788
2559 0 3071 2268 839 2791
2815 0 3071 2476 899 2795
3071 0 3071 2686 960 2801
3327 0 3071 2897 1022 2809
3583 0 3071 3109 1086 2817
3839 0 3071 3322 1150 2827
4095 0 3071 3535 1216 2837
0 256 3071 659 539 2833
256 256 3071 679 538 2832
512 256 3071 791 558 2797
768 256 3071 929 580 2782
1024 256 3071 1090 605 2777
1280 256 3071 1269 637 2774
1536 256 3071 1459 675 2772
1792 256 3071 1655 718 2772
2048 256 3071 1856 767 2773
2303 256 3071 2059 818 2777
2559 256 3071 2265 872 2782
2815 256 3071 2473 929 2788
3071 256 3071 2683 988 2796
3327 256 3071 2894 1049 2805
3583 256 3071 3106 1111 2814
3839 256 3071 3319 1173 2825
4095 256 3071 3532 1238 2836
0 512 3071 688 674 2827
256 512 3071 723 679 2815
512 512 3071 832 695 2774
768 512 3071 982 724 2714
1024 512 3071 1138 755 2679
1280 512 3071 1298 781 2691
1536 512 3071 1474 812 2703
1792 512 3071 1661 848 2716
2048 512 3071 1856 888 2728
2303 512 3071 2055 932 2741
2559 512 3071 2259 979 2753
2815 512 3071 2466 1029 2766
3071 512 3071 2674 1082 2779
3327 512 3071 2885 1136 2791
3583 512 3071 3097 1193 2804
3839 512 3071 3310 1251 2817
4095 512 3071 3523 1311 2831
0 768 3071 752 864 2816
256 768 3071 784 867 2806
512 768 3071 882 878 2770
768 768 3071 1025 899 2712
1024 768 3071 1185 930 2643
1280 768 3071 1343 967 2596
1536 768 3071 1503 993 2620
1792 768 3071 1677 1024 2645
2048 768 3071 1862 1058 2669
2303 768 3071 2054 1096 2692
2559 768 3071 2253 1137 2714
2815 768 3071 2457 1180 2734
3071 768 3071 2663 1226 2754
3327 768 3071 2873 1274 2772
3583 768 3071 3083 1325 2790
3839 768 3071 3296 1377 2807
4095 768 3071 3509 1431 2824
0 1024 3071 835 1078 2807
256 1024 3071 862 1080 2798
512 1024 3071 950 1087 2768
768 1024 3071 1083 1101 2716
1024 1024 3071 1234 1123 2657
1280 1024 3071 1390 1152 2606
1536 1024 3071 1545 1181 2598
1792 1024 3071 1709 1212 2609
2048 1024 3071 1883 1245 2630
2303 1024 3071 2066 1280 2655
2559 1024 3071 2258 1318 2681
2815 1024 3071 2455 1357 2706
3071 1024 3071 2657 1399 2730
3327 1024 3071 2863 1443 2754
3583 1024 3071 3072 1488 2776
3839 1024 3071 3282 1535 2797
4095 1024 3071 3513 1565 2827
0 1280 3071 936 1303 2795
256 1280 3071 960 1305 2788
512 1280 3071 1037 1309 2763
768 1280 3071 1156 1319 2722
1024 1280 3071 1298 1334 2674
1280 1280 3071 1447 1355 2632
1536 1280 3071 1598 1378 2623
1792 1280 3071 1757 1404 2634
2048 1280 3071 1925 1434 2647
2303 1280 3071 2101 1467 2662
2559 1280 3071 2283 1504 2679
2815 1280 3071 2472 1543 2699
3071 1280 3071 2666 1583 2722
3327 1280 3071 2866 1624 2746
3583 1280 3071 3069 1667 2770
3839 1280 3071 3277 1710 2794
4095 1280 3071 3533 1714 2839
0 1536 3071 1044 1534 2793
256 1536 3071 1065 1535 2787
512 1536 3071 1133 1538 2767
768 1536 3071 1241 1544 2734
1024 1536 3071 1373 1555 2696
1280 1536 3071 1516 1570 2662
1536 1536 3071 1661 1589 2654
1792 1536 3071 1815 1610 2665
2048 1536 3071 1979 1634 2679
2303 1536 3071 2151 1662 2695
2559 1536 3071 2331 1692 2713
2815 1536 3071 2518 1725 2733
3071 1536 3071 2702 1766 2743
3327 1536 3071 2891 1808 2759
3583 1536 3071 3086 1851 2780
3839 1536 3071 3302 1882 2811
4095 1536 3071 3557 1884 2854
0 1792 3071 1162 1768 2795
256 1792 3071 1179 1768 2791
512 1792 3071 1240 1770 2775
768 1792 3071 1338 1774 2749
1024 1792 3071 1460 1781 2721
1280 1792 3071 1595 1793 2695
1536 1792 3071 1734 1808 2691
1792 1792 3071 1881 1825 2705
2048 1792 3071 2040 1846 2719
2303 1792 3071 2209 1868 2736
2559 1792 3071 2388 1893 2756
2815 1792 3071 2576 1918 2779
3071 1792 3071 2773 1942 2805
3327 1792 3071 2951 1986 2803
3583 1792 3071 3126 2035 2806
3839 1792 3071 3335 2066 2833
4095 1792 3071 3586 2069 2872
0 2048 3071 1288 2003 2801
256 2048 3071 1304 2003 2798
512 2048 3071 1357 2004 2787
768 2048 3071 1444 2007 2769
1024 2048 3071 1557 2012 2749
1280 2048 3071 1683 2021 2732
1536 2048 3071 1815 2033 2731
1792 2048 3071 1952 2048 2755
2048 2048 3071 2108 2064 2770
2303 2048 3071 2274 2083 2788
2559 2048 3071 2452 2102 2810
2815 2048 3071 2643 2120 2837
3071 2048 3071 2851 2132 2869
3327 2048 3071 3030 2169 2860
3583 2048 3071 3175 2230 2838
3839 2048 3071 3375 2261 2860
4095 2048 3071 3620 2267 2893
0 2303 3071 1414 2239 2819
256 2303 3071 1428 2239 2817
512 2303 3071 1475 2240 2809
768 2303 3071 1555 2241 2797
1024 2303 3071 1659 2245 2783
1280 2303 3071 1779 2251 2772
1536 2303 3071 1904 2261 2772
1792 2303 3071 2027 2275 2804
2048 2303 3071 2173 2289 2835
2303 2303 3071 2338 2303 2857
2559 2303 3071 2519 2316 2884
2815 2303 3071 2717 2327 2911
3071 2303 3071 2917 2342 2914
3327 2303 3071 3109 2366 2910
3583 2303 3071 3232 2432 2874
3839 2303 3071 3420 2465 2890
4095 2303 3071 3659 2472 2917
0 2559 3071 1546 2476 2843
256 2559 3071 1558 2476 2841
512 2559 3071 1600 2477 2836
768 2559 3071 1673 2477 2829
1024 2559 3071 1770 2480 2820
1280 2559 3071 1882 2485 2814
1536 2559 3071 2001 2493 2816
1792 2559 3071 2116 2507 2839
2048 2559 3071 2218 2526 2914
2303 2559 3071 2392 2536 2918
2559 2559 3071 2577 2547 2922
2815 2559 3071 2768 2560 2925
3071 2559 3071 2963 2574 2929
3327 2559 3071 3163 2590 2933
3583 2559 3071 3298 2641 2913
3839 2559 3071 3471 2676 2924
4095 2559 3071 3704 2684 2943
0 2815 3071 1681 2714 2872
256 2815 3071 1692 2714 2872
512 2815 3071 1730 2714 2869
768 2815 3071 1796 2715 2865
1024 2815 3071 1886 2716 2861
1280 2815 3071 1991 2720 2858
1536 2815 3071 2103 2728 2861
1792 2815 3071 2214 2740 2876
2048 2815 3071 2307 2761 2918
2303 2815 3071 2459 2774 2935
2559 2815 3071 2638 2784 2938
2815 2815 3071 2824 2796 2941
3071 2815 3071 3015 2808 2945
3327 2815 3071 3211 2822 2949
3583 2815 3071 3377 2852 2950
3839 2815 3071 3529 2892 2962
4095 2815 3071 3753 2902 2973
0 3071 3071 1815 2953 2908
256 3071 3071 1825 2953 2908
512 3071 3071 1860 2953 2907
768 3071 3071 1921 2953 2906
1024 3071 3071 2004 2954 2905
1280 3071 3071 2104 2957 2905
1536 3071 3071 2212 2963 2909
1792 3071 3071 2318 2975 2918
2048 3071 3071 2410 2995 2937
2303 3071 3071 2530 3013 2952
2559 3071 3071 2703 3023 2955
2815 3071 3071 2884 3033 2959
3071 3071 3071 3071 3045 2963
3327 3071 3071 3263 3057 2967
3583 3071 3071 3459 3071 2971
3839 3071 3071 3594 3111 3003
4095 3071 3071 3806 3124 3005
0 3327 3071 1953 3192 2948
256 3327 3071 1962 3192 2948
512 3327 3071 1994 3192 2948
768 3327 3071 2050 3192 2949
1024 3327 3071 2127 3193 2950
1280 3327 3071 2221 3195 2953
1536 3327 3071 2324 3200 2957
1792 3327 3071 2429 3210 2964
2048 3327 3071 2523 3227 2970
2303 3327 3071 2606 3254 2972
2559 3327 3071 2774 3262 2975
2815 3327 3071 2949 3272 2978
3071 3327 3071 3132 3282 2982
3327 3327 3071 3319 3294 2986
3583 3327 3071 3511 3307 2991
3839 3327 3071 3670 3331 3039
4095 3327 3071 3865 3349 3039
0 3583 3071 2092 3432 2991
256 3583 3071 2100 3432 2991
512 3583 3071 2129 3432 2992
768 3583 3071 2181 3432 2995
1024 3583 3071 2254 3432 2998
1280 3583 3071 2342 3434 3002
1536 3583 3071 2441 3438 3008
1792 3583 3071 2544 3446 3013
2048 3583 3071 2640 3461 3014
2303 3583 3071 2718 3487 3003
2559 3583 3071 2849 3503 2996
2815 3583 3071 3019 3512 3000
3071 3583 3071 3197 3522 3003
3327 3583 3071 3380 3532 3007
3583 3583 3071 3568 3544 3012
3839 3583 3071 3761 3557 3017
4095 3583 3071 3928 3577 3076
0 3839 3071 2230 3672 3037
256 3839 3071 2238 3672 3037
512 3839 3071 2265 3672 3039
768 3839 3071 2313 3672 3042
1024 3839 3071 2381 3672 3047
1280 3839 3071 2465 3673 3053
1536 3839 3071 2561 3677 3059
1792 3839 3071 2662 3683 3064
2048 3839 3071 2761 3695 3065
2303 3839 3071 2857 3713 3057
2559 3839 3071 2980 3728 3052
2815 3839 3071 3117 3745 3043
3071 3839 3071 3266 3762 3026
3327 3839 3071 3445 3772 3030
3583 3839 3071 3629 3782 3035
3839 3839 3071 3818 3794 3039
4095 3839 3071 3995 3807 3117
0 4095 3071 2292 3929 3064
256 4095 3071 2298 3929 3064
512 4095 3071 2318 3930 3064
768 4095 3071 2356 3932 3065
1024 4095 3071 2412 3935 3066
1280 4095 3071 2485 3938 3068
1536 4095 3071 2573 3943 3070
1792 4095 3071 2678 3948 3073
2048 4095 3071 2795 3955 3076
2303 4095 3071 2924 3962 3079
2559 4095 3071 3064 3970 3083
2815 4095 3071 3213 3980 3087
3071 4095 3071 3370 3991 3090
3327 4095 3071 3535 4002 3093
3583 4095 3071 3706 4015 3095
3839 4095 3071 3883 4029 3092
4095 4095 3071 4062 4039 3066
0 0 3327 731 547 3059
256 0 3327 738 541 3065
512 0 3327 806 542 3066
768 0 3327 941 560 3058
1024 0 3327 1106 586 3048
1280 0 3327 1287 619 3039
1536 0 3327 1478 659 3031
1792 0 3327 1675 703 3025
2048 0 3327 1875 753 3021
2303 0 3327 2078 805 3020
2559 0 3327 2284 861 3021
2815 0 3327 2491 919 3024
3071 0 3327 2700 978 3029
3327 0 3327 2910 1040 3035
3583 0 3327 3121 1102 3042
3839 0 3327 3333 1165 3051
4095 0 3327 3545 1230 3060
0 256 3327 717 578 3067
256 256 3327 726 573 3072
512 256 3327 832 592 3039
768 256 3327 966 613 3022
1024 256 3327 1122 637 3016
1280 256 3327 1297 667 3012
1536 256 3327 1483 703 3008
1792 256 3327 1677 745 3006
2048 256 3327 1876 791 3006
2303 256 3327 2077 840 3008
2559 256 3327 2282 893 3011
2815 256 3327 2489 949 3016
3071 256 3327 2698 1006 3023
3327 256 3327 2907 1066 3030
3583 256 3327 3118 1126 3038
3839 256 3327 3330 1188 3048
4095 256 3327 3543 1251 3058
0 512 3327 737 702 3064
256 512 3327 770 707 3053
512 512 3327 873 723 3015
768 512 3327 1018 750 2959
1024 512 3327 1173 782 2919
1280 512 3327 1329 806 2928
1536 512 3327 1502 836 2937
1792 512 3327 1687 870 2947
2048 512 3327 1879 909 2957
2303 512 3327 2076 952 2968
2559 512 3327 2278 998 2980
2815 512 3327 2483 1047 2990
3071 512 3327 2690 1098 3002
3327 512 3327 2899 1152 3014
3583 512 3327 3110 1208 3026
3839 512 3327 3322 1265 3038
4095 512 3327 3534 1324 3051
0 768 3327 796 886 3054
256 768 3327 826 889 3044
512 768 3327 921 900 3010
768 768 3327 1060 920 2953
1024 768 3327 1219 951 2883
1280 768 3327 1379 988 2828
1536 768 3327 1535 1015 2846
1792 768 3327 1706 1044 2869
2048 768 3327 1888 1077 2891
2303 768 3327 2078 1114 2913
2559 768 3327 2274 1153 2934
2815 768 3327 2476 1196 2953
3071 768 3327 2680 1241 2972
3327 768 3327 2888 1289 2990
3583 768 3327 3097 1338 3007
3839 768 3327 3309 1390 3023
4095 768 3327 3521 1443 3040
0 1024 3327 875 1095 3043
256 1024 3327 901 1097 3035
512 1024 3327 986 1105 3005
768 1024 3327 1115 1119 2956
1024 1024 3327 1267 1141 2894
1280 1024 3327 1423 1170 2837
1536 1024 3327 1576 1196 2835
1792 1024 3327 1740 1226 2842
2048 1024 3327 1912 1261 2851
2303 1024 3327 2091 1297 2866
2559 1024 3327 2280 1334 2892
2815 1024 3327 2475 1373 2917
3071 1024 3327 2676 1413 2942
3327 1024 3327 2880 1456 2965
3583 1024 3327 3087 1501 2987
3839 1024 3327 3296 1547 3008
4095 1024 3327 3520 1581 3038
0 1280 3327 972 1317 3031
256 1280 3327 995 1319 3024
512 1280 3327 1070 1324 2999
768 1280 3327 1187 1333 2958
1024 1280 3327 1328 1349 2907
1280 1280 3327 1479 1371 2857
1536 1280 3327 1627 1393 2852
1792 1280 3327 1785 1417 2859
2048 1280 3327 1953 1446 2867
2303 1280 3327 2127 1480 2877
2559 1280 3327 2307 1517 2888
2815 1280 3327 2492 1558 2902
3071 1280 3327 2684 1597 2925
3327 1280 3327 2882 1638 2950
3583 1280 3327 3084 1680 2974
3839 1280 3327 3290 1723 2998
4095 1280 3327 3540 1729 3049
0 1536 3327 1076 1546 3027
256 1536 3327 1096 1547 3021
512 1536 3327 1162 1550 3001
768 1536 3327 1269 1557 2967
1024 1536 3327 1401 1568 2923
1280 1536 3327 1545 1584 2882
1536 1536 3327 1689 1602 2873
1792 1536 3327 1841 1623 2880
2048 1536 3327 2004 1648 2888
2303 1536 3327 2174 1676 2898
2559 1536 3327 2350 1708 2910
2815 1536 3327 2531 1743 2923
3071 1536 3327 2716 1782 2938
3327 1536 3327 2905 1822 2956
3583 1536 3327 3099 1864 2977
3839 1536 3327 3310 1896 3010
4095 1536 3327 3564 1897 3063
0 1792 3327 1190 1778 3025
256 1792 3327 1208 1779 3020
512 1792 3327 1266 1781 3005
768 1792 3327 1362 1786 2978
1024 1792 3327 1486 1793 2943
1280 1792 3327 1622 1805 2911
1536 1792 3327 1761 1821 2899
1792 1792 3327 1907 1838 2906
2048 1792 3327 2064 1859 2915
2303 1792 3327 2229 1883 2925
2559 1792 3327 2401 1911 2937
2815 1792 3327 2579 1941 2951
3071 1792 3327 2761 1974 2967
3327 1792 3327 2949 2009 2985
3583 1792 3327 3138 2048 3002
3839 1792 3327 3344 2079 3031
4095 1792 3327 3593 2081 3080
0 2048 3327 1312 2013 3028
256 2048 3327 1328 2013 3024
512 2048 3327 1380 2015 3012
768 2048 3327 1467 2018 2992
1024 2048 3327 1580 2023 2966
1280 2048 3327 1708 2032 2942
1536 2048 3327 1842 2044 2930
1792 2048 3327 1982 2060 2938
2048 2048 3327 2133 2078 2947
2303 2048 3327 2292 2098 2957
2559 2048 3327 2460 2122 2970
2815 2048 3327 2635 2148 2985
3071 2048 3327 2816 2176 3002
3327 2048 3327 3003 2205 3022
3583 2048 3327 3187 2241 3035
3839 2048 3327 3383 2273 3056
4095 2048 3327 3627 2277 3100
0 2303 3327 1435 2248 3041
256 2303 3327 1448 2248 3039
512 2303 3327 1495 2249 3030
768 2303 3327 1575 2251 3014
1024 2303 3327 1680 2255 2995
1280 2303 3327 1801 2261 2978
1536 2303 3327 1930 2271 2969
1792 2303 3327 2063 2284 2976
2048 2303 3327 2208 2300 2986
2303 2303 3327 2363 2318 2997
2559 2303 3327 2527 2338 3011
2815 2303 3327 2699 2360 3028
3071 2303 3327 2879 2383 3047
3327 2303 3327 3069 2405 3070
3583 2303 3327 3244 2441 3072
3839 2303 3327 3428 2475 3085
4095 2303 3327 3666 2481 3123
0 2559 3327 1565 2485 3059
256 2559 3327 1577 2485 3057
512 2559 3327 1619 2485 3051
768 2559 3327 1691 2487 3041
1024 2559 3327 1788 2489 3028
1280 2559 3327 1902 2494 3016
1536 2559 3327 2024 2502 3011
1792 2559 3327 2148 2514 3023
2048 2559 3327 2287 2528 3035
2303 2559 3327 2437 2543 3048
2559 2559 3327 2597 2560 3064
2815 2559 3327 2768 2578 3083
3071 2559 3327 2951 2595 3106
3327 2559 3327 3151 2607 3135
3583 2559 3327 3311 2647 3114
3839 2559 3327 3479 2685 3117
4095 2559 3327 3711 2692 3149
0 2815 3327 1697 2722 3084
256 2815 3327 1708 2722 3083
512 2815 3327 1747 2722 3079
768 2815 3327 1813 2723 3072
1024 2815 3327 1902 2725 3064
1280 2815 3327 2009 2729 3057
1536 2815 3327 2125 2735 3055
1792 2815 3327 2242 2746 3065
2048 2815 3327 2356 2762 3097
2303 2815 3327 2501 2775 3114
2559 2815 3327 2660 2789 3135
2815 2815 3327 2834 2801 3161
3071 2815 3327 3024 2814 3172
3327 2815 3327 3219 2827 3175
3583 2815 3327 3389 2857 3161
3839 2815 3327 3537 2900 3154
4095 2815 3327 3759 2909 3177
0 3071 3327 1830 2960 3115
256 3071 3327 1840 2960 3114
512 3071 3327 1875 2961 3112
768 3071 3327 1936 2961 3109
1024 3071 3327 2019 2962 3104
1280 3071 3327 2120 2965 3101
1536 3071 3327 2231 2970 3101
1792 3071 3327 2343 2980 3109
2048 3071 3327 2449 2996 3131
2303 3071 3327 2541 3018 3179
2559 3071 3327 2713 3027 3181
2815 3071 3327 2893 3038 3185
3071 3071 3327 3079 3049 3188
3327 3071 3327 3271 3062 3192
3583 3071 3327 3466 3076 3196
3839 3071 3327 3602 3118 3194
4095 3071 3327 3813 3131 3207
0 3327 3327 1968 3199 3150
256 3327 3327 1977 3199 3150
512 3327 3327 2009 3199 3149
768 3327 3327 2064 3199 3148
1024 3327 3327 2142 3200 3147
1280 3327 3327 2236 3202 3147
1536 3327 3327 2341 3207 3149
1792 3327 3327 2450 3215 3155
2048 3327 3327 2553 3230 3167
2303 3327 3327 2633 3254 3191
2559 3327 3327 2783 3267 3199
2815 3327 3327 2958 3276 3202
3071 3327 3327 3140 3287 3206
3327 3327 3327 3327 3298 3210
3583 3327 3327 3519 3311 3214
3839 3327 3327 3676 3338 3233
4095 3327 3327 3872 3355 3240
0 3583 3327 2105 3438 3190
256 3583 3327 2113 3438 3190
512 3583 3327 2142 3438 3190
768 3583 3327 2194 3438 3191
1024 3583 3327 2267 3439 3192
1280 3583 3327 2356 3440 3194
1536 3583 3327 2456 3444 3197
1792 3583 3327 2561 3451 3203
2048 3583 3327 2663 3464 3210
2303 3583 3327 2748 3486 3216
2559 3583 3327 2858 3507 3219
2815 3583 3327 3028 3516 3222
3071 3583 3327 3205 3526 3225
3327 3583 3327 3387 3536 3229
3583 3583 3327 3575 3548 3233
3839 3583 3327 3767 3560 3237
4095 3583 3327 3935 3582 3275
0 3839 3327 2243 3678 3233
256 3839 3327 2251 3678 3233
512 3839 3327 2278 3678 3234
768 3839 3327 2326 3678 3236
1024 3839 3327 2394 3678 3239
1280 3839 3327 2478 3679 3242
1536 3839 3327 2574 3682 3247
1792 3839 3327 2676 3688 3253
2048 3839 3327 2778 3699 3257
2303 3839 3327 2869 3718 3256
2559 3839 3327 2977 3737 3252
2815 3839 3327 3108 3754 3246
3071 3839 3327 3273 3765 3246
3327 3839 3327 3452 3775 3250
3583 3839 3327 3636 3786 3254
3839 3839 3327 3824 3798 3258
4095 3839 3327 4001 3812 3312
0 4095 3327 2309 3933 3268
256 4095 3327 2315 3933 3268
512 4095 3327 2336 3934 3269
768 4095 3327 2374 3936 3270
1024 4095 3327 2429 3938 3271
1280 4095 3327 2500 3942 3273
1536 4095 3327 2589 3946 3275
1792 4095 3327 2692 3952 3278
2048 4095 3327 2808 3958 3281
2303 4095 3327 2936 3965 3285
2559 4095 3327 3075 3974 3289
2815 4095 3327 3224 3983 3293
3071 4095 3327 3380 3994 3298
3327 4095 3327 3544 4006 3302
3583 4095 3327 3714 4019 3305
3839 4095 3327 3890 4032 3306
4095 4095 3327 4072 4046 3285
0 0 3583 787 589 3291
256 0 3583 793 583 3299
512 0 3583 851 581 3303
768 0 3583 979 598 3295
1024 0 3583 1138 622 3286
1280 0 3583 1315 653 3276
1536 0 3583 1503 691 3267
1792 0 3583 1697 733 3261
2048 0 3583 1896 780 3255
2303 0 3583 2097 830 3253
2559 0 3583 2301 884 3253
2815 0 3583 2507 940 3254
3071 0 3583 2715 998 3257
3327 0 3583 2924 1058 3262
3583 0 3583 3134 1119 3268
3839 0 3583 3345 1182 3276
4095 0 3583 3557 1245 3284
0 256 3583 774 618 3300
256 256 3583 779 612 3308
512 256 3583 873 627 3282
768 256 3583 1004 648 3261
1024 256 3583 1155 670 3256
1280 256 3583 1326 698 3250
1536 256 3583 1509 733 3245
1792 256 3583 1700 772 3242
2048 256 3583 1897 817 3240
2303 256 3583 2097 864 3240
2559 256 3583 2300 915 3242
2815 256 3583 2506 970 3245
3071 256 3583 2713 1025 3251
3327 256 3583 2922 1084 3257
3583 256 3583 3132 1143 3264
3839 256 3583 3343 1204 3272
4095 256 3583 3554 1266 3281
0 512 3583 787 732 3301
256 512 3583 818 736 3290
512 512 3583 915 752 3255
768 512 3583 1054 777 3205
1024 512 3583 1208 809 3160
1280 512 3583 1362 832 3166
1536 512 3583 1531 860 3173
1792 512 3583 1713 894 3181
2048 512 3583 1903 931 3189
2303 512 3583 2097 973 3198
2559 512 3583 2298 1018 3207
2815 512 3583 2501 1066 3217
3071 512 3583 2707 1116 3228
3327 512 3583 2915 1169 3238
3583 512 3583 3124 1224 3249
3839 512 3583 3335 1280 3260
4095 512 3583 3546 1338 3272
0 768 3583 843 909 3291
256 768 3583 870 912 3282
512 768 3583 960 922 3250
768 768 3583 1096 943 3195
1024 768 3583 1254 973 3126
1280 768 3583 1408 1004 3091
1536 768 3583 1566 1031 3097
1792 768 3583 1736 1063 3102
2048 768 3583 1916 1097 3118
2303 768 3583 2103 1133 3137
2559 768 3583 2297 1171 3156
2815 768 3583 2496 1213 3174
3071 768 3583 2699 1257 3192
3327 768 3583 2905 1304 3209
3583 768 3583 3113 1353 3226
3839 768 3583 3323 1403 3242
4095 768 3583 3534 1456 3257
0 1024 3583 916 1113 3282
256 1024 3583 941 1115 3274
512 1024 3583 1023 1123 3244
768 1024 3583 1149 1137 3195
1024 1024 3583 1300 1159 3133
1280 1024 3583 1450 1183 3099
1536 1024 3583 1603 1206 3103
1792 1024 3583 1769 1234 3107
2048 1024 3583 1944 1265 3112
2303 1024 3583 2124 1302 3119
2559 1024 3583 2310 1342 3126
2815 1024 3583 2499 1386 3137
3071 1024 3583 2695 1428 3155
3327 1024 3583 2898 1470 3178
3583 1024 3583 3103 1514 3200
3839 1024 3583 3311 1560 3221
4095 1024 3583 3530 1597 3249
0 1280 3583 1009 1332 3268
256 1280 3583 1031 1334 3261
512 1280 3583 1104 1339 3236
768 1280 3583 1219 1349 3195
1024 1280 3583 1359 1365 3142
1280 1280 3583 1504 1384 3110
1536 1280 3583 1651 1403 3114
1792 1280 3583 1812 1426 3118
2048 1280 3583 1982 1452 3124
2303 1280 3583 2158 1483 3130
2559 1280 3583 2341 1518 3137
2815 1280 3583 2527 1557 3145
3071 1280 3583 2715 1600 3154
3327 1280 3583 2906 1646 3165
3583 1280 3583 3102 1692 3182
3839 1280 3583 3305 1735 3205
4095 1280 3583 3548 1745 3259
0 1536 3583 1109 1559 3261
256 1536 3583 1129 1560 3255
512 1536 3583 1194 1563 3234
768 1536 3583 1298 1570 3201
1024 1536 3583 1430 1582 3156
1280 1536 3583 1569 1597 3124
1536 1536 3583 1710 1613 3128
1792 1536 3583 1865 1632 3132
2048 1536 3583 2030 1655 3138
2303 1536 3583 2202 1681 3144
2559 1536 3583 2380 1711 3151
2815 1536 3583 2562 1745 3159
3071 1536 3583 2748 1783 3168
3327 1536 3583 2936 1824 3179
3583 1536 3583 3125 1868 3190
3839 1536 3583 3320 1913 3208
4095 1536 3583 3572 1911 3273
0 1792 3583 1220 1790 3257
256 1792 3583 1237 1790 3252
512 1792 3583 1295 1793 3235
768 1792 3583 1390 1798 3207
1024 1792 3583 1512 1806 3171
1280 1792 3583 1645 1818 3141
1536 1792 3583 1779 1831 3145
1792 1792 3583 1927 1848 3150
2048 1792 3583 2086 1868 3155
2303 1792 3583 2253 1890 3161
2559 1792 3583 2427 1917 3169
2815 1792 3583 2606 1946 3177
3071 1792 3583 2788 1979 3186
3327 1792 3583 2973 2015 3197
3583 1792 3583 3159 2055 3209
3839 1792 3583 3353 2093 3228
4095 1792 3583 3601 2093 3289
0 2048 3583 1339 2023 3256
256 2048 3583 1354 2024 3253
512 2048 3583 1405 2025 3240
768 2048 3583 1491 2029 3218
1024 2048 3583 1604 2035 3189
1280 2048 3583 1730 2044 3164
1536 2048 3583 1858 2055 3166
1792 2048 3583 1999 2070 3170
2048 2048 3583 2152 2087 3176
2303 2048 3583 2314 2107 3182
2559 2048 3583 2482 2130 3190
2815 2048 3583 2657 2156 3198
3071 2048 3583 2835 2185 3208
3327 2048 3583 3016 2217 3219
3583 2048 3583 3200 2252 3232
3839 2048 3583 3393 2286 3252
4095 2048 3583 3635 2288 3308
0 2303 3583 1460 2257 3265
256 2303 3583 1473 2258 3262
512 2303 3583 1519 2259 3252
768 2303 3583 1597 2261 3236
1024 2303 3583 1702 2265 3214
1280 2303 3583 1824 2272 3190
1536 2303 3583 1946 2282 3190
1792 2303 3583 2080 2295 3194
2048 2303 3583 2227 2310 3200
2303 2303 3583 2382 2328 3207
2559 2303 3583 2545 2348 3215
2815 2303 3583 2715 2371 3224
3071 2303 3583 2889 2397 3234
3327 2303 3583 3067 2426 3246
3583 2303 3583 3248 2456 3260
3839 2303 3583 3438 2487 3280
4095 2303 3583 3674 2491 3330
0 2559 3583 1587 2493 3278
256 2559 3583 1599 2494 3276
512 2559 3583 1640 2494 3269
768 2559 3583 1712 2496 3257
1024 2559 3583 1808 2499 3241
1280 2559 3583 1923 2504 3224
1536 2559 3583 2043 2512 3218
1792 2559 3583 2170 2524 3223
2048 2559 3583 2310 2537 3230
2303 2559 3583 2459 2553 3237
2559 2559 3583 2617 2571 3245
2815 2559 3583 2781 2592 3255
3071 2559 3583 2951 2614 3266
3327 2559 3583 3126 2640 3280
3583 2559 3583 3306 2666 3295
3839 2559 3583 3489 2695 3311
4095 2559 3583 3718 2701 3355
0 2815 3583 1717 2730 3299
256 2815 3583 1728 2731 3297
512 2815 3583 1765 2731 3292
768 2815 3583 1831 2732 3283
1024 2815 3583 1920 2734 3272
1280 2815 3583 2028 2738 3261
1536 2815 3583 2146 2744 3254
1792 2815 3583 2267 2754 3258
2048 2815 3583 2400 2766 3265
2303 2815 3583 2543 2780 3273
2559 2815 3583 2695 2797 3282
2815 2815 3583 2854 2815 3293
3071 2815 3583 3020 2835 3306
3327 2815 3583 3193 2857 3322
3583 2815 3583 3374 2878 3340
3839 2815 3583 3547 2909 3346
4095 2815 3583 3767 2917 3382
0 3071 3583 1849 2968 3325
256 3071 3583 1859 2968 3324
512 3071 3583 1893 2968 3321
768 3071 3583 1953 2969 3315
1024 3071 3583 2036 2970 3308
1280 3071 3583 2137 2973 3301
1536 3071 3583 2250 2978 3297
1792 3071 3583 2368 2987 3300
2048 3071 3583 2493 2998 3308
2303 3071 3583 2629 3011 3318
2559 3071 3583 2775 3026 3329
2815 3071 3583 2930 3042 3343
3071 3071 3583 3094 3059 3359
3327 3071 3583 3268 3076 3379
3583 3071 3583 3461 3088 3405
3839 3071 3583 3612 3126 3386
4095 3071 3583 3820 3138 3411
0 3327 3583 1984 3206 3356
256 3327 3583 1993 3206 3356
512 3327 3583 2025 3206 3354
768 3327 3583 2080 3207 3351
1024 3327 3583 2157 3208 3347
1280 3327 3583 2252 3210 3344
1536 3327 3583 2359 3214 3343
1792 3327 3583 2472 3221 3346
2048 3327 3583 2582 3234 3359
2303 3327 3583 2697 3249 3379
2559 3327 3583 2834 3263 3394
2815 3327 3583 2982 3278 3414
3071 3327 3583 3149 3292 3431
3327 3327 3583 3335 3303 3435
3583 3327 3583 3527 3316 3439
3839 3327 3583 3686 3345 3429
4095 3327 3583 3879 3362 3443
0 3583 3583 2120 3445 3393
256 3583 3583 2128 3445 3392
512 3583 3583 2157 3445 3391
768 3583 3583 2209 3445 3390
1024 3583 3583 2281 3446 3389
1280 3583 3583 2371 3447 3388
1536 3583 3583 2473 3451 3390
1792 3583 3583 2580 3457 3394
2048 3583 3583 2687 3468 3402
2303 3583 3583 2784 3486 3419
2559 3583 3583 2868 3512 3443
2815 3583 3583 3037 3520 3446
3071 3583 3583 3213 3530 3449
3327 3583 3583 3396 3541 3453
3583 3583 3583 3583 3552 3457
3839 3583 3583 3774 3565 3461
4095 3583 3583 3941 3588 3476
0 3839 3583 2257 3684 3432
256 3839 3583 2264 3684 3432
512 3839 3583 2291 3684 3432
768 3839 3583 2339 3684 3433
1024 3839 3583 2407 3685 3433
1280 3839 3583 2492 3686 3435
1536 3839 3583 2589 3689 3438
1792 3839 3583 2693 3694 3442
2048 3839 3583 2798 3704 3449
2303 3839 3583 2894 3720 3456
2559 3839 3583 2981 3743 3463
2815 3839 3583 3110 3760 3466
3071 3839 3583 3282 3769 3469
3327 3839 3583 3460 3779 3472
3583 3839 3583 3643 3790 3476
3839 3839 3583 3831 3802 3480
4095 3839 3583 4008 3817 3512
0 4095 3583 2329 3936 3474
256 4095 3583 2335 3937 3474
512 4095 3583 2355 3938 3475
768 4095 3583 2392 3939 3476
1024 4095 3583 2446 3942 3477
1280 4095 3583 2518 3946 3479
1536 4095 3583 2605 3950 3481
1792 4095 3583 2707 3955 3484
2048 4095 3583 2823 3962 3488
2303 4095 3583 2950 3969 3492
2559 4095 3583 3088 3978 3496
2815 4095 3583 3236 3987 3501
3071 4095 3583 3391 3998 3506
3327 4095 3583 3554 4010 3511
3583 4095 3583 3723 4022 3516
3839 4095 3583 3898 4036 3519
4095 4095 3583 4079 4051 3504
0 0 3839 843 630 3524
256 0 3839 848 625 3531
512 0 3839 897 621 3540
768 0 3839 1019 636 3532
1024 0 3839 1171 659 3524
1280 0 3839 1344 688 3514
1536 0 3839 1528 723 3505
1792 0 3839 1720 763 3497
2048 0 3839 1917 808 3491
2303 0 3839 2117 856 3487
2559 0 3839 2319 908 3485
2815 0 3839 2524 963 3485
3071 0 3839 2731 1019 3487
3327 0 3839 2939 1078 3491
3583 0 3839 3148 1138 3496
3839 0 3839 3358 1199 3502
4095 0 3839 3569 1262 3509
0 256 3839 830 657 3533
256 256 3839 836 652 3541
512 256 3839 916 662 3523
768 256 3839 1043 683 3500
1024 256 3839 1189 703 3495
1280 256 3839 1356 731 3488
1536 256 3839 1536 763 3482
1792 256 3839 1725 801 3478
2048 256 3839 1919 844 3474
2303 256 3839 2117 890 3473
2559 256 3839 2319 939 3474
2815 256 3839 2523 992 3476
3071 256 3839 2729 1046 3480
3327 256 3839 2937 1103 3484
3583 256 3839 3146 1162 3490
3839 256 3839 3356 1221 3498
4095 256 3839 3567 1283 3506
0 512 3839 837 763 3537
256 512 3839 866 767 3528
512 512 3839 957 781 3495
768 512 3839 1090 805 3450
1024 512 3839 1242 836 3406
1280 512 3839 1394 859 3406
1536 512 3839 1561 885 3413
1792 512 3839 1740 918 3417
2048 512 3839 1927 955 3422
2303 512 3839 2120 995 3429
2559 512 3839 2318 1039 3437
2815 512 3839 2520 1086 3445
3071 512 3839 2724 1135 3454
3327 512 3839 2931 1187 3464
3583 512 3839 3139 1241 3473
3839 512 3839 3349 1296 3484
4095 512 3839 3559 1353 3495
0 768 3839 889 933 3529
256 768 3839 915 936 3520
512 768 3839 1001 946 3489
768 768 3839 1132 966 3438
1024 768 3839 1279 991 3393
1280 768 3839 1426 1011 3391
1536 768 3839 1588 1035 3393
1792 768 3839 1762 1064 3396
2048 768 3839 1945 1097 3400
2303 768 3839 2133 1135 3404
2559 768 3839 2326 1176 3409
2815 768 3839 2522 1222 3414
3071 768 3839 2722 1269 3422
3327 768 3839 2925 1317 3434
3583 768 3839 3130 1367 3448
3839 768 3839 3338 1418 3462
4095 768 3839 3548 1470 3477
0 1024 3839 959 1132 3518
256 1024 3839 983 1135 3510
512 1024 3839 1061 1142 3483
768 1024 3839 1184 1157 3436
1024 1024 3839 1323 1174 3398
1280 1024 3839 1464 1191 3397
1536 1024 3839 1622 1211 3399
1792 1024 3839 1792 1235 3402
2048 1024 3839 1971 1263 3405
2303 1024 3839 2157 1295 3409
2559 1024 3839 2347 1331 3414
2815 1024 3839 2541 1370 3419
3071 1024 3839 2738 1414 3425
3327 1024 3839 2936 1460 3431
3583 1024 3839 3135 1511 3439
3839 1024 3839 3335 1565 3446
4095 1024 3839 3543 1612 3463
0 1280 3839 1047 1348 3505
256 1280 3839 1068 1350 3498
512 1280 3839 1138 1355 3474
768 1280 3839 1251 1365 3433
1024 1280 3839 1379 1378 3404
1280 1280 3839 1514 1392 3404
1536 1280 3839 1666 1408 3407
1792 1280 3839 1832 1428 3410
2048 1280 3839 2007 1452 3413
2303 1280 3839 2188 1479 3417
2559 1280 3839 2376 1510 3422
2815 1280 3839 2567 1544 3427
3071 1280 3839 2762 1582 3433
3327 1280 3839 2958 1623 3439
3583 1280 3839 3155 1668 3446
3839 1280 3839 3353 1716 3454
4095 1280 3839 3558 1760 3470
0 1536 3839 1143 1572 3498
256 1536 3839 1162 1573 3492
512 1536 3839 1225 1577 3472
768 1536 3839 1329 1585 3436
1024 1536 3839 1448 1594 3412
1280 1536 3839 1575 1605 3414
1536 1536 3839 1721 1619 3417
1792 1536 3839 1881 1636 3420
2048 1536 3839 2051 1657 3423
2303 1536 3839 2228 1680 3427
2559 1536 3839 2412 1706 3432
2815 1536 3839 2600 1736 3437
3071 1536 3839 2791 1769 3442
3327 1536 3839 2985 1805 3449
3583 1536 3839 3180 1845 3456
3839 1536 3839 3376 1888 3464
4095 1536 3839 3581 1926 3482
0 1792 3839 1250 1802 3491
256 1792 3839 1267 1802 3487
512 1792 3839 1324 1805 3470
768 1792 3839 1418 1810 3440
1024 1792 3839 1526 1818 3424
1280 1792 3839 1646 1827 3426
1536 1792 3839 1785 1839 3429
1792 1792 3839 1939 1854 3432
2048 1792 3839 2103 1871 3435
2303 1792 3839 2276 1891 3439
2559 1792 3839 2455 1914 3443
2815 1792 3839 2640 1940 3449
3071 1792 3839 2827 1970 3454
3327 1792 3839 3018 2002 3461
3583 1792 3839 3210 2037 3468
3839 1792 3839 3403 2076 3476
4095 1792 3839 3610 2107 3497
0 2048 3839 1367 2034 3488
256 2048 3839 1381 2035 3484
512 2048 3839 1432 2036 3470
768 2048 3839 1516 2040 3448
1024 2048 3839 1614 2046 3439
1280 2048 3839 1727 2054 3440
1536 2048 3839 1859 2065 3443
1792 2048 3839 2006 2077 3446
2048 2048 3839 2164 2093 3449
2303 2048 3839 2331 2110 3453
2559 2048 3839 2506 2131 3458
2815 2048 3839 2686 2154 3463
3071 2048 3839 2870 2179 3469
3327 2048 3839 3057 2208 3475
3583 2048 3839 3246 2240 3482
3839 2048 3839 3436 2275 3490
4095 2048 3839 3643 2301 3515
0 2303 3839 1484 2267 3494
256 2303 3839 1497 2268 3490
512 2303 3839 1543 2269 3479
768 2303 3839 1620 2272 3462
1024 2303 3839 1711 2277 3455
1280 2303 3839 1816 2284 3457
1536 2303 3839 1941 2293 3459
1792 2303 3839 2081 2304 3462
2048 2303 3839 2233 2318 3465
2303 2303 3839 2394 2333 3470
2559 2303 3839 2564 2351 3474
2815 2303 3839 2739 2372 3479
3071 2303 3839 2919 2395 3485
3327 2303 3839 3102 2421 3492
3583 2303 3839 3287 2449 3499
3839 2303 3839 3474 2481 3508
4095 2303 3839 3682 2502 3536
0 2559 3839 1609 2503 3503
256 2559 3839 1620 2503 3500
512 2559 3839 1662 2504 3492
768 2559 3839 1732 2506 3478
1024 2559 3839 1816 2510 3474
1280 2559 3839 1915 2516 3476
1536 2559 3839 2032 2525 3478
1792 2559 3839 2165 2535 3481
2048 2559 3839 2311 2547 3484
2303 2559 3839 2466 2561 3489
2559 2559 3839 2629 2577 3493
2815 2559 3839 2800 2595 3499
3071 2559 3839 2975 2616 3505
3327 2559 3839 3153 2640 3512
3583 2559 3839 3335 2666 3519
3839 2559 3839 3518 2695 3528
4095 2559 3839 3726 2712 3560
0 2815 3839 1737 2739 3518
256 2815 3839 1748 2739 3516
512 2815 3839 1786 2740 3510
768 2815 3839 1850 2741 3499
1024 2815 3839 1929 2745 3495
1280 2815 3839 2021 2750 3497
1536 2815 3839 2132 2758 3499
1792 2815 3839 2258 2767 3502
2048 2815 3839 2397 2778 3506
2303 2815 3839 2545 2790 3510
2559 2815 3839 2703 2805 3515
2815 2815 3839 2868 2822 3521
3071 2815 3839 3038 2841 3527
3327 2815 3839 3212 2862 3534
3583 2815 3839 3388 2886 3543
3839 2815 3839 3568 2913 3552
4095 2815 3839 3774 2927 3586
0 3071 3839 1867 2977 3540
256 3071 3839 1876 2977 3539
512 3071 3839 1911 2977 3534
768 3071 3839 1971 2978 3527
1024 3071 3839 2048 2980 3521
1280 3071 3839 2137 2985 3521
1536 3071 3839 2241 2992 3524
1792 3071 3839 2360 3000 3527
2048 3071 3839 2492 3010 3531
2303 3071 3839 2634 3021 3535
2559 3071 3839 2785 3034 3541
2815 3071 3839 2944 3050 3547
3071 3071 3839 3108 3067 3553
3327 3071 3839 3277 3087 3561
3583 3071 3839 3449 3109 3570
3839 3071 3839 3624 3134 3581
4095 3071 3839 3828 3146 3615
0 3327 3839 2000 3214 3567
256 3327 3839 2009 3214 3566
512 3327 3839 2041 3214 3563
768 3327 3839 2096 3215 3558
1024 3327 3839 2173 3216 3552
1280 3327 3839 2262 3219 3549
1536 3327 3839 2359 3225 3552
1792 3327 3839 2471 3233 3556
2048 3327 3839 2596 3242 3560
2303 3327 3839 2731 3252 3565
2559 3327 3839 2876 3265 3570
2815 3327 3839 3029 3279 3577
3071 3327 3839 3187 3295 3585
3327 3327 3839 3350 3313 3594
3583 3327 3839 3518 3334 3605
3839 3327 3839 3690 3356 3618
4095 3327 3839 3886 3369 3646
0 3583 3839 2135 3452 3599
256 3583 3839 2143 3452 3598
512 3583 3839 2172 3452 3597
768 3583 3839 2224 3453 3594
1024 3583 3839 2296 3453 3590
1280 3583 3839 2387 3455 3587
1536 3583 3839 2486 3459 3586
1792 3583 3839 2592 3466 3590
2048 3583 3839 2710 3474 3594
2303 3583 3839 2838 3484 3600
2559 3583 3839 2975 3496 3607
2815 3583 3839 3120 3509 3616
3071 3583 3839 3271 3524 3626
3327 3583 3839 3429 3541 3639
3583 3583 3839 3593 3559 3655
3839 3583 3839 3776 3573 3677
4095 3583 3839 3949 3595 3678
0 3839 3839 2270 3691 3635
256 3839 3839 2278 3691 3635
512 3839 3839 2305 3691 3634
768 3839 3839 2353 3691 3633
1024 3839 3839 2421 3692 3632
1280 3839 3839 2506 3693 3631
1536 3839 3839 2604 3696 3631
1792 3839 3839 2710 3701 3634
2048 3839 3839 2819 3709 3640
2303 3839 3839 2931 3721 3649
2559 3839 3839 3051 3734 3660
2815 3839 3839 3173 3752 3674
3071 3839 3839 3291 3774 3693
3327 3839 3839 3469 3784 3696
3583 3839 3839 3652 3794 3700
3839 3839 3839 3839 3806 3703
4095 3839 3839 4015 3824 3713
0 4095 3839 2351 3941 3681
256 4095 3839 2356 3941 3681
512 4095 3839 2377 3942 3681
768 4095 3839 2414 3944 3682
1024 4095 3839 2468 3946 3684
1280 4095 3839 2538 3950 3686
1536 4095 3839 2624 3954 3689
1792 4095 3839 2725 3960 3692
2048 4095 3839 2840 3966 3695
2303 4095 3839 2966 3973 3699
2559 4095 3839 3103 3982 3704
2815 4095 3839 3249 3991 3709
3071 4095 3839 3404 4002 3715
3327 4095 3839 3566 4014 3721
3583 4095 3839 3733 4027 3727
3839 4095 3839 3907 4040 3732
4095 4095 3839 4087 4055 3727
0 0 4095 898 672 3755
256 0 4095 904 667 3764
512 0 4095 944 661 3777
768 0 4095 1059 675 3770
1024 0 4095 1206 696 3762
1280 0 4095 1373 722 3755
1536 0 4095 1554 754 3748
1792 0 4095 1744 791 3740
2048 0 4095 1939 833 3735
2303 0 4095 2138 877 3734
2559 0 4095 2341 923 3734
2815 0 4095 2546 975 3733
3071 0 4095 2754 1026 3737
3327 0 4095 2963 1080 3740
3583 0 4095 3174 1135 3746
3839 0 4095 3385 1195 3749
4095 0 4095 3599 1251 3757
0 256 4095 887 697 3766
256 256 4095 893 693 3774
512 256 4095 959 698 3764
768 256 4095 1080 717 3744
1024 256 4095 1221 735 3741
1280 256 4095 1383 759 3738
1536 256 4095 1561 789 3732
1792 256 4095 1748 824 3729
2048 256 4095 1942 863 3726
2303 256 4095 2140 904 3727
2559 256 4095 2342 949 3730
2815 256 4095 2547 997 3731
3071 256 4095 2755 1047 3735
3327 256 4095 2964 1100 3740
3583 256 4095 3175 1153 3746
3839 256 4095 3386 1212 3749
4095 256 4095 3599 1268 3757
0 512 4095 888 794 3775
256 512 4095 914 798 3766
512 512 4095 999 811 3738
768 512 4095 1114 827 3718
1024 512 4095 1249 844 3714
1280 512 4095 1405 864 3715
1536 512 4095 1576 888 3716
1792 512 4095 1760 917 3719
2048 512 4095 1951 950 3721
2303 512 4095 2148 986 3724
2559 512 4095 2349 1026 3728
2815 512 4095 2554 1070 3731
3071 512 4095 2760 1116 3736
3327 512 4095 2969 1165 3740
3583 512 4095 3179 1216 3745
3839 512 4095 3390 1269 3751
4095 512 4095 3602 1324 3757
0 768 4095 935 958 3767
256 768 4095 960 960 3759
512 768 4095 1040 970 3733
768 768 4095 1149 983 3715
1024 768 4095 1277 995 3716
1280 768 4095 1429 1011 3718
1536 768 4095 1597 1031 3719
1792 768 4095 1778 1055 3722
2048 768 4095 1967 1083 3724
2303 768 4095 2162 1115 3727
2559 768 4095 2362 1150 3731
2815 768 4095 2565 1188 3734
3071 768 4095 2771 1229 3739
3327 768 4095 2979 1272 3743
3583 768 4095 3188 1318 3748
3839 768 4095 3399 1367 3754
4095 768 4095 3610 1417 3760
0 1024 4095 1000 1152 3758
256 1024 4095 1022 1154 3752
512 1024 4095 1092 1160 3734
768 1024 4095 1194 1170 3720
1024 1024 4095 1317 1179 3721
1280 1024 4095 1464 1193 3722
1536 1024 4095 1628 1209 3724
1792 1024 4095 1805 1229 3726
2048 1024 4095 1991 1253 3729
2303 1024 4095 2184 1279 3732
2559 1024 4095 2381 1309 3735
2815 1024 4095 2583 1342 3739
3071 1024 4095 2787 1377 3743
3327 1024 4095 2994 1415 3748
3583 1024 4095 3202 1456 3753
3839 1024 4095 3412 1499 3758
4095 1024 4095 3622 1545 3765
0 1280 4095 1081 1364 3748
256 1280 4095 1100 1366 3743
512 1280 4095 1164 1370 3728
768 1280 4095 1252 1376 3726
1024 1280 4095 1368 1384 3727
1280 1280 4095 1509 1395 3728
1536 1280 4095 1669 1409 3730
1792 1280 4095 1841 1426 3732
2048 1280 4095 2023 1445 3735
2303 1280 4095 2212 1468 3738
2559 1280 4095 2407 1493 3741
2815 1280 4095 2607 1521 3745
3071 1280 4095 2809 1552 3749
3327 1280 4095 3014 1585 3754
3583 1280 4095 3220 1620 3759
3839 1280 4095 3429 1658 3765
4095 1280 4095 3638 1699 3771
0 1536 4095 1172 1586 3742
256 1536 4095 1187 1587 3741
512 1536 4095 1238 1590 3736
768 1536 4095 1320 1595 3734
1024 1536 4095 1431 1601 3735
1280 1536 4095 1565 1611 3736
1536 1536 4095 1718 1622 3738
1792 1536 4095 1885 1636 3740
2048 1536 4095 2063 1653 3743
2303 1536 4095 2248 1672 3746
2559 1536 4095 2440 1694 3749
2815 1536 4095 2636 1718 3753
3071 1536 4095 2836 1744 3757
3327 1536 4095 3039 1773 3762
3583 1536 4095 3244 1804 3767
3839 1536 4095 3450 1838 3772
4095 1536 4095 3658 1874 3778
0 1792 4095 1266 1814 3746
256 1792 4095 1280 1814 3744
512 1792 4095 1324 1816 3743
768 1792 4095 1399 1820 3744
1024 1792 4095 1502 1826 3745
1280 1792 4095 1630 1834 3746
1536 1792 4095 1776 1844 3748
1792 1792 4095 1938 1856 3750
2048 1792 4095 2110 1870 3752
2303 1792 4095 2291 1887 3755
2559 1792 4095 2479 1905 3759
2815 1792 4095 2672 1926 3762
3071 1792 4095 2869 1949 3766
3327 1792 4095 3069 1975 3771
3583 1792 4095 3272 2002 3776
3839 1792 4095 3476 2032 3782
4095 1792 4095 3682 2064 3787
0 2048 4095 1366 2045 3754
256 2048 4095 1377 2046 3754
512 2048 4095 1416 2048 3754
768 2048 4095 1486 2051 3755
1024 2048 4095 1582 2056 3756
1280 2048 4095 1703 2063 3757
1536 2048 4095 1843 2071 3759
1792 2048 4095 1998 2082 3761
2048 2048 4095 2165 2094 3763
2303 2048 4095 2341 2109 3766
2559 2048 4095 2524 2125 3770
2815 2048 4095 2713 2143 3773
3071 2048 4095 2907 2164 3778
3327 2048 4095 3105 2186 3782
3583 2048 4095 3305 2210 3787
3839 2048 4095 3507 2237 3793
4095 2048 4095 3711 2265 3799
0 2303 4095 1468 2279 3767
256 2303 4095 1479 2279 3767
512 2303 4095 1515 2281 3767
768 2303 4095 1579 2284 3768
1024 2303 4095 1670 2288 3769
1280 2303 4095 1783 2294 3770
1536 2303 4095 1916 2302 3772
1792 2303 4095 2065 2311 3774
2048 2303 4095 2226 2322 3776
2303 2303 4095 2396 2335 3779
2559 2303 4095 2575 2349 3783
2815 2303 4095 2761 2365 3786
3071 2303 4095 2951 2383 3790
3327 2303 4095 3145 2403 3795
3583 2303 4095 3342 2425 3800
3839 2303 4095 3542 2448 3805
4095 2303 4095 3744 2474 3811
0 2559 4095 1576 2516 3781
256 2559 4095 1586 2516 3782
512 2559 4095 1619 2518 3782
768 2559 4095 1679 2520 3783
1024 2559 4095 1763 2524 3784
1280 2559 4095 1870 2529 3785
1536 2559 4095 1996 2536 3787
1792 2559 4095 2139 2544 3789
2048 2559 4095 2294 2554 3791
2303 2559 4095 2459 2565 3794
2559 2559 4095 2633 2578 3797
2815 2559 4095 2814 2592 3801
3071 2559 4095 3000 2609 3805
3327 2559 4095 3191 2626 3810
3583 2559 4095 3385 2646 3815
3839 2559 4095 3582 2667 3820
4095 2559 4095 3782 2690 3826
0 2815 4095 1689 2754 3798
256 2815 4095 1697 2755 3798
512 2815 4095 1728 2756 3798
768 2815 4095 1783 2758 3799
1024 2815 4095 1862 2762 3800
1280 2815 4095 1963 2766 3801
1536 2815 4095 2083 2772 3803
1792 2815 4095 2218 2780 3805
2048 2815 4095 2367 2788 3808
2303 2815 4095 2527 2798 3811
2559 2815 4095 2696 2810 3814
2815 2815 4095 2872 2823 3817
3071 2815 4095 3054 2837 3822
3327 2815 4095 3241 2853 3826
3583 2815 4095 3432 2871 3831
3839 2815 4095 3627 2890 3836
4095 2815 4095 3823 2911 3842
0 3071 4095 1804 2994 3816
256 3071 4095 1812 2994 3816
512 3071 4095 1841 2995 3817
768 3071 4095 1892 2997 3817
1024 3071 4095 1966 3000 3818
1280 3071 4095 2061 3005 3820
1536 3071 4095 2174 3010 3821
1792 3071 4095 2304 3017 3823
2048 3071 4095 2447 3025 3826
2303 3071 4095 2601 3034 3829
2559 3071 4095 2764 3044 3832
2815 3071 4095 2936 3056 3836
3071 3071 4095 3114 3069 3840
3327 3071 4095 3297 3084 3844
3583 3071 4095 3485 3099 3849
3839 3071 4095 3676 3117 3854
4095 3071 4095 3870 3136 3860
0 3327 4095 1922 3234 3837
256 3327 4095 1930 3235 3837
512 3327 4095 1956 3236 3837
768 3327 4095 2004 3237 3838
1024 3327 4095 2073 3240 3839
1280 3327 4095 2163 3244 3840
1536 3327 4095 2270 3249 3842
1792 3327 4095 2394 3255 3844
2048 3327 4095 2531 3262 3846
2303 3327 4095 2679 3270 3849
2559 3327 4095 2838 3280 3852
2815 3327 4095 3004 3291 3856
3071 3327 4095 3178 3303 3860
3327 3327 4095 3357 3316 3864
3583 3327 4095 3541 3330 3869
3839 3327 4095 3729 3346 3874
4095 3327 4095 3920 3364 3880
0 3583 4095 2043 3475 3858
256 3583 4095 2050 3476 3859
512 3583 4095 2075 3477 3859
768 3583 4095 2119 3478 3860
1024 3583 4095 2184 3481 3860
1280 3583 4095 2268 3485 3862
1536 3583 4095 2370 3489 3863
1792 3583 4095 2488 3494 3866
2048 3583 4095 2619 3501 3868
2303 3583 4095 2762 3508 3871
2559 3583 4095 2916 3517 3874
2815 3583 4095 3078 3527 3878
3071 3583 4095 3247 3538 3882
3327 3583 4095 3422 3550 3886
3583 3583 4095 3602 3563 3891
3839 3583 4095 3786 3578 3896
4095 3583 4095 3974 3594 3902
0 3839 4095 2164 3717 3882
256 3839 4095 2171 3718 3882
512 3839 4095 2194 3718 3883
768 3839 4095 2236 3720 3883
1024 3839 4095 2297 3722 3884
1280 3839 4095 2377 3726 3886
1536 3839 4095 2473 3730 3887
1792 3839 4095 2585 3735 3889
2048 3839 4095 2712 3741 3892
2303 3839 4095 2849 3748 3894
2559 3839 4095 2997 3756 3898
2815 3839 4095 3155 3765 3901
3071 3839 4095 3319 3775 3905
3327 3839 4095 3491 3786 3909
3583 3839 4095 3667 3798 3914
3839 3839 4095 3848 3811 3920
4095 3839 4095 4033 3826 3925
0 4095 4095 2284 3960 3908
256 4095 4095 2291 3960 3908
512 4095 4095 2312 3961 3908
768 4095 4095 2352 3963 3909
1024 4095 4095 2410 3965 3910
1280 4095 4095 2485 3968 3911
1536 4095 4095 2577 3972 3913
1792 4095 4095 2684 3976 3915
2048 4095 4095 2805 3982 3917
2303 4095 4095 2937 3988 3920
2559 4095 4095 3081 3995 3923
2815 4095 4095 3234 4004 3927
3071 4095 4095 3394 4013 3930
3327 4095 4095 3561 4023 3935
3583 4095 4095 3735 4034 3940
3839 4095 4095 3913 4047 3945
4095 4095 4095 4095 4060 3950
