0 0 0 0 0 0
256 0 0 220 67 45
512 0 0 439 134 90
768 0 0 659 201 133
1024 0 0 876 271 179
1280 0 0 1094 340 224
1536 0 0 1310 412 268
1792 0 0 1525 486 312
2048 0 0 1739 560 354
2303 0 0 1953 634 394
2559 0 0 2169 706 432
2815 0 0 2386 777 468
3071 0 0 2603 848 506
3327 0 0 2820 919 548
3583 0 0 3037 989 590
3839 0 0 3254 1060 632
4095 0 0 3471 1131 675
0 256 0 137 247 90
256 256 0 252 253 98
512 256 0 454 275 123
768 256 0 667 310 158
1024 256 0 882 356 196
1280 256 0 1099 409 237
1536 256 0 1314 469 279
1792 256 0 1528 533 321
2048 256 0 1741 602 363
2303 256 0 1952 674 405
2559 256 0 2164 746 445
2815 256 0 2381 813 479
3071 256 0 2599 881 517
3327 256 0 2816 949 558
3583 256 0 3033 1017 599
3839 256 0 3251 1085 641
4095 256 0 3468 1154 682
0 512 0 274 494 178
256 512 0 340 497 182
512 512 0 503 507 195
768 512 0 699 525 217
1024 512 0 906 550 245
1280 512 0 1116 584 277
1536 512 0 1328 625 313
1792 512 0 1540 672 350
2048 512 0 1751 726 388
2303 512 0 1960 785 427
2559 512 0 2169 849 466
2815 512 0 2376 917 509
3071 512 0 2587 984 554
3327 512 0 2804 1046 593
3583 512 0 3022 1107 631
3839 512 0 3239 1170 670
4095 512 0 3457 1233 710
0 768 0 409 741 268
256 768 0 454 743 270
512 768 0 583 749 279
768 768 0 756 760 293
1024 768 0 948 777 313
1280 768 0 1149 800 337
1536 768 0 1354 829 366
1792 768 0 1561 863 397
2048 768 0 1769 904 429
2303 768 0 1976 950 464
2559 768 0 2183 1002 503
2815 768 0 2388 1059 547
3071 768 0 2593 1119 594
3327 768 0 2798 1183 641
3583 768 0 3006 1247 687
3839 768 0 3224 1303 722
4095 768 0 3447 1355 753
0 1024 0 554 987 355
256 1024 0 586 988 357
512 1024 0 687 993 363
768 1024 0 835 1001 373
1024 1024 0 1010 1013 388
1280 1024 0 1199 1029 407
1536 1024 0 1395 1051 430
1792 1024 0 1596 1078 455
2048 1024 0 1798 1109 485
2303 1024 0 2001 1146 520
2559 1024 0 2205 1188 559
2815 1024 0 2409 1234 599
3071 1024 0 2613 1284 642
3327 1024 0 2817 1338 685
3583 1024 0 3022 1395 730
3839 1024 0 3226 1455 776
4095 1024 0 3459 1491 790
0 1280 0 705 1232 442
256 1280 0 729 1233 444
512 1280 0 809 1236 448
768 1280 0 935 1242 456
1024 1280 0 1091 1252 469
1280 1280 0 1265 1265 486
1536 1280 0 1451 1282 507
1792 1280 0 1642 1303 532
2048 1280 0 1839 1329 561
2303 1280 0 2036 1358 592
2559 1280 0 2237 1392 625
2815 1280 0 2439 1430 661
3071 1280 0 2641 1472 699
3327 1280 0 2844 1517 739
3583 1280 0 3047 1565 780
3839 1280 0 3251 1617 822
4095 1280 0 3479 1652 835
0 1536 0 856 1476 541
256 1536 0 876 1477 542
512 1536 0 941 1479 546
768 1536 0 1048 1485 553
1024 1536 0 1186 1492 564
1280 1536 0 1346 1503 579
1536 1536 0 1519 1517 596
1792 1536 0 1702 1534 617
2048 1536 0 1891 1555 641
2303 1536 0 2084 1580 668
2559 1536 0 2280 1608 697
2815 1536 0 2478 1639 729
3071 1536 0 2678 1674 763
3327 1536 0 2879 1712 799
3583 1536 0 3080 1754 836
3839 1536 0 3282 1799 876
4095 1536 0 3504 1832 889
0 1792 0 1005 1721 638
256 1792 0 1021 1721 639
512 1792 0 1076 1724 643
768 1792 0 1168 1728 649
1024 1792 0 1291 1734 658
1280 1792 0 1437 1743 670
1536 1792 0 1599 1755 685
1792 1792 0 1773 1769 703
2048 1792 0 1955 1787 723
2303 1792 0 2141 1807 747
2559 1792 0 2333 1831 773
2815 1792 0 2527 1857 801
3071 1792 0 2723 1887 831
3327 1792 0 2921 1920 864
3583 1792 0 3121 1955 898
3839 1792 0 3321 1994 934
4095 1792 0 3534 2027 950
0 2048 0 1152 1966 734
256 2048 0 1165 1966 735
512 2048 0 1212 1968 737
768 2048 0 1293 1972 743
1024 2048 0 1404 1977 750
1280 2048 0 1537 1985 761
1536 2048 0 1689 1995 773
1792 2048 0 1853 2007 789
2048 2048 0 2027 2022 807
2303 2048 0 2207 2039 827
2559 2048 0 2393 2059 850
2815 2048 0 2583 2082 875
3071 2048 0 2775 2107 903
3327 2048 0 2971 2136 932
3583 2048 0 3167 2166 963
3839 2048 0 3365 2200 996
4095 2048 0 3571 2232 1017
0 2303 0 1295 2211 825
256 2303 0 1307 2211 826
512 2303 0 1348 2213 829
768 2303 0 1420 2216 833
1024 2303 0 1520 2221 840
1280 2303 0 1643 2227 849
1536 2303 0 1784 2236 860
1792 2303 0 1939 2246 874
2048 2303 0 2105 2259 890
2303 2303 0 2279 2274 908
2559 2303 0 2459 2291 928
2815 2303 0 2645 2311 951
3071 2303 0 2834 2333 976
3327 2303 0 3025 2357 1002
3583 2303 0 3219 2384 1030
3839 2303 0 3415 2413 1061
4095 2303 0 3615 2443 1086
0 2559 0 1440 2456 917
256 2559 0 1450 2457 918
512 2559 0 1486 2458 920
768 2559 0 1551 2461 924
1024 2559 0 1641 2465 930
1280 2559 0 1754 2471 938
1536 2559 0 1886 2478 948
1792 2559 0 2032 2487 960
2048 2559 0 2191 2498 974
2303 2559 0 2358 2511 991
2559 2559 0 2532 2526 1009
2815 2559 0 2713 2544 1029
3071 2559 0 2897 2563 1051
3327 2559 0 3085 2584 1075
3583 2559 0 3276 2608 1101
3839 2559 0 3469 2633 1129
4095 2559 0 3664 2661 1156
0 2815 0 1584 2702 1009
256 2815 0 1593 2702 1010
512 2815 0 1625 2704 1012
768 2815 0 1683 2706 1015
1024 2815 0 1766 2710 1020
1280 2815 0 1870 2715 1027
1536 2815 0 1993 2721 1036
1792 2815 0 2131 2730 1047
2048 2815 0 2282 2739 1060
2303 2815 0 2442 2751 1075
2559 2815 0 2611 2764 1091
2815 2815 0 2786 2779 1110
3071 2815 0 2966 2796 1130
3327 2815 0 3150 2815 1152
3583 2815 0 3337 2836 1175
3839 2815 0 3527 2859 1201
4095 2815 0 3719 2884 1227
0 3071 0 1728 2948 1101
256 3071 0 1736 2948 1101
512 3071 0 1765 2949 1103
768 3071 0 1818 2951 1106
1024 3071 0 1894 2955 1111
1280 3071 0 1990 2959 1117
1536 3071 0 2105 2965 1125
1792 3071 0 2235 2972 1135
2048 3071 0 2379 2981 1147
2303 3071 0 2532 2991 1160
2559 3071 0 2694 3003 1175
2815 3071 0 2864 3017 1192
3071 3071 0 3039 3032 1211
3327 3071 0 3219 3049 1231
3583 3071 0 3402 3068 1253
3839 3071 0 3589 3088 1276
4095 3071 0 3778 3110 1301
0 3327 0 1872 3193 1193
256 3327 0 1879 3194 1193
512 3327 0 1906 3195 1195
768 3327 0 1954 3197 1197
1024 3327 0 2024 3200 1202
1280 3327 0 2113 3204 1208
1536 3327 0 2221 3209 1215
1792 3327 0 2344 3216 1224
2048 3327 0 2480 3224 1235
2303 3327 0 2626 3233 1247
2559 3327 0 2783 3244 1260
2815 3327 0 2947 3256 1276
3071 3327 0 3117 3269 1293
3327 3327 0 3292 3285 1311
3583 3327 0 3472 3302 1331
3839 3327 0 3655 3320 1353
4095 3327 0 3841 3340 1376
0 3583 0 2016 3439 1284
256 3583 0 2022 3439 1285
512 3583 0 2047 3440 1286
768 3583 0 2092 3442 1289
1024 3583 0 2156 3445 1293
1280 3583 0 2239 3449 1298
1536 3583 0 2340 3454 1305
1792 3583 0 2456 3460 1313
2048 3583 0 2585 3467 1323
2303 3583 0 2725 3475 1334
2559 3583 0 2876 3485 1347
2815 3583 0 3034 3496 1361
3071 3583 0 3199 3508 1377
3327 3583 0 3370 3522 1394
3583 3583 0 3546 3537 1412
3839 3583 0 3725 3554 1432
4095 3583 0 3908 3573 1454
0 3839 0 2160 3685 1376
256 3839 0 2166 3685 1377
512 3839 0 2189 3686 1378
768 3839 0 2230 3688 1380
1024 3839 0 2290 3690 1384
1280 3839 0 2367 3694 1389
1536 3839 0 2462 3698 1395
1792 3839 0 2571 3704 1403
2048 3839 0 2694 3710 1412
2303 3839 0 2828 3718 1422
2559 3839 0 2973 3727 1434
2815 3839 0 3126 3737 1447
3071 3839 0 3286 3748 1461
3327 3839 0 3452 3761 1477
3583 3839 0 3623 3775 1495
3839 3839 0 3799 3790 1513
4095 3839 0 3978 3807 1533
0 4095 0 2238 3945 1385
256 4095 0 2244 3945 1385
512 4095 0 2265 3946 1386
768 4095 0 2305 3948 1388
1024 4095 0 2362 3950 1389
1280 4095 0 2436 3953 1390
1536 4095 0 2526 3958 1391
1792 4095 0 2632 3963 1393
2048 4095 0 2751 3970 1395
2303 4095 0 2882 3977 1398
2559 4095 0 3024 3985 1400
2815 4095 0 3174 3995 1401
3071 4095 0 3333 4005 1400
3327 4095 0 3498 4017 1399
3583 4095 0 3670 4030 1391
3839 4095 0 3848 4043 1380
4095 4095 0 4023 4053 1341
0 0 256 58 46 246
256 0 256 223 80 243
512 0 256 439 143 254
768 0 256 658 207 271
1024 0 256 870 282 299
1280 0 256 1084 355 330
1536 0 256 1301 426 359
1792 0 256 1518 496 389
2048 0 256 1735 567 420
2303 0 256 1952 637 451
2559 0 256 2169 707 482
2815 0 256 2386 778 517
3071 0 256 2603 849 555
3327 0 256 2820 919 593
3583 0 256 3037 990 632
3839 0 256 3254 1061 671
4095 0 256 3471 1131 710
0 256 256 153 248 252
256 256 256 256 256 256
512 256 256 450 280 269
768 256 256 643 331 303
1024 256 256 858 380 330
1280 256 256 1075 434 355
1536 256 256 1293 493 381
1792 256 256 1511 555 408
2048 256 256 1728 618 435
2303 256 256 1946 682 464
2559 256 256 2164 748 494
2815 256 256 2381 814 528
3071 256 256 2599 881 565
3327 256 256 2816 949 602
3583 256 256 3033 1017 640
3839 256 256 3250 1086 679
4095 256 256 3468 1155 718
0 512 256 288 493 300
256 512 256 358 493 317
512 512 256 504 507 327
768 512 256 691 529 341
1024 512 256 892 559 360
1280 512 256 1100 596 382
1536 512 256 1310 640 407
1792 512 256 1521 690 434
2048 512 256 1732 745 464
2303 512 256 1941 805 496
2559 512 256 2151 867 532
2815 512 256 2367 927 567
3071 512 256 2585 986 600
3327 512 256 2803 1046 635
3583 512 256 3021 1108 671
3839 512 256 3239 1170 707
4095 512 256 3457 1234 744
0 768 256 429 738 374
256 768 256 471 740 375
512 768 256 592 747 381
768 768 256 757 760 391
1024 768 256 944 779 406
1280 768 256 1141 804 424
1536 768 256 1343 835 446
1792 768 256 1548 873 470
2048 768 256 1755 915 499
2303 768 256 1960 963 533
2559 768 256 2166 1016 571
2815 768 256 2372 1073 610
3071 768 256 2579 1133 652
3327 768 256 2790 1192 690
3583 768 256 3006 1248 723
3839 768 256 3224 1304 757
4095 768 256 3447 1355 785
0 1024 256 573 984 437
256 1024 256 603 985 438
512 1024 256 699 990 443
768 1024 256 842 999 451
1024 1024 256 1012 1012 463
1280 1024 256 1197 1030 479
1536 1024 256 1390 1054 500
1792 1024 256 1587 1082 525
2048 1024 256 1788 1116 554
2303 1024 256 1989 1154 586
2559 1024 256 2193 1196 620
2815 1024 256 2397 1243 656
3071 1024 256 2601 1293 694
3327 1024 256 2806 1347 735
3583 1024 256 3011 1404 776
3839 1024 256 3216 1464 819
4095 1024 256 3459 1492 821
0 1280 256 721 1229 514
256 1280 256 745 1230 515
512 1280 256 822 1233 519
768 1280 256 943 1240 527
1024 1280 256 1095 1250 538
1280 1280 256 1266 1264 554
1536 1280 256 1449 1282 572
1792 1280 256 1638 1305 595
2048 1280 256 1833 1331 620
2303 1280 256 2029 1362 648
2559 1280 256 2229 1397 678
2815 1280 256 2430 1435 711
3071 1280 256 2633 1477 746
3327 1280 256 2835 1523 783
3583 1280 256 3039 1572 822
3839 1280 256 3242 1624 862
4095 1280 256 3479 1652 864
0 1536 256 869 1474 600
256 1536 256 888 1474 601
512 1536 256 951 1477 605
768 1536 256 1056 1483 612
1024 1536 256 1191 1491 622
1280 1536 256 1349 1502 634
1536 1536 256 1520 1517 651
1792 1536 256 1701 1535 670
2048 1536 256 1889 1556 692
2303 1536 256 2080 1581 717
2559 1536 256 2275 1610 744
2815 1536 256 2473 1642 773
3071 1536 256 2672 1678 806
3327 1536 256 2873 1716 839
3583 1536 256 3074 1758 875
3839 1536 256 3276 1803 912
4095 1536 256 3504 1833 915
0 1792 256 1015 1719 688
256 1792 256 1031 1719 689
512 1792 256 1084 1722 692
768 1792 256 1175 1726 697
1024 1792 256 1297 1733 706
1280 1792 256 1441 1742 717
1536 1792 256 1601 1754 731
1792 1792 256 1774 1769 748
2048 1792 256 1954 1787 767
2303 1792 256 2139 1808 789
2559 1792 256 2330 1832 814
2815 1792 256 2523 1859 841
3071 1792 256 2719 1889 870
3327 1792 256 2917 1922 900
3583 1792 256 3116 1958 933
3839 1792 256 3316 1997 968
4095 1792 256 3534 2028 975
0 2048 256 1160 1964 775
256 2048 256 1173 1965 777
512 2048 256 1220 1967 780
768 2048 256 1300 1970 784
1024 2048 256 1409 1976 792
1280 2048 256 1541 1984 801
1536 2048 256 1691 1994 814
1792 2048 256 1854 2007 828
2048 2048 256 2027 2022 845
2303 2048 256 2206 2039 865
2559 2048 256 2391 2060 887
2815 2048 256 2580 2083 911
3071 2048 256 2773 2109 937
3327 2048 256 2967 2137 965
3583 2048 256 3164 2168 995
3839 2048 256 3361 2202 1027
4095 2048 256 3570 2233 1042
0 2303 256 1303 2209 862
256 2303 256 1314 2210 863
512 2303 256 1355 2211 866
768 2303 256 1426 2215 870
1024 2303 256 1525 2219 876
1280 2303 256 1647 2226 885
1536 2303 256 1787 2235 896
1792 2303 256 1941 2245 909
2048 2303 256 2107 2258 924
2303 2303 256 2279 2273 942
2559 2303 256 2459 2291 961
2815 2303 256 2644 2311 983
3071 2303 256 2832 2333 1007
3327 2303 256 3023 2358 1032
3583 2303 256 3217 2385 1060
3839 2303 256 3412 2415 1090
4095 2303 256 3613 2444 1110
0 2559 256 1446 2455 950
256 2559 256 1456 2455 951
512 2559 256 1492 2457 953
768 2559 256 1556 2460 957
1024 2559 256 1646 2464 962
1280 2559 256 1758 2470 970
1536 2559 256 1889 2477 980
1792 2559 256 2035 2487 991
2048 2559 256 2193 2498 1005
2303 2559 256 2359 2511 1021
2559 2559 256 2533 2526 1039
2815 2559 256 2712 2544 1058
3071 2559 256 2896 2563 1080
3327 2559 256 3084 2585 1103
3583 2559 256 3274 2608 1129
3839 2559 256 3467 2634 1155
4095 2559 256 3662 2662 1181
0 2815 256 1589 2701 1039
256 2815 256 1599 2701 1039
512 2815 256 1631 2703 1041
768 2815 256 1689 2705 1044
1024 2815 256 1771 2709 1049
1280 2815 256 1874 2714 1056
1536 2815 256 1997 2721 1065
1792 2815 256 2134 2729 1076
2048 2815 256 2284 2739 1088
2303 2815 256 2444 2750 1102
2559 2815 256 2612 2764 1118
2815 2815 256 2786 2779 1136
3071 2815 256 2965 2796 1156
3327 2815 256 3149 2815 1177
3583 2815 256 3336 2836 1201
3839 2815 256 3526 2859 1225
4095 2815 256 3718 2884 1252
0 3071 256 1733 2947 1127
256 3071 256 1741 2947 1128
512 3071 256 1770 2948 1130
768 3071 256 1823 2950 1133
1024 3071 256 1898 2954 1137
1280 3071 256 1994 2958 1144
1536 3071 256 2108 2964 1152
1792 3071 256 2238 2972 1161
2048 3071 256 2381 2980 1172
2303 3071 256 2534 2991 1186
2559 3071 256 2696 3003 1200
2815 3071 256 2865 3016 1217
3071 3071 256 3039 3032 1235
3327 3071 256 3219 3049 1254
3583 3071 256 3402 3068 1276
3839 3071 256 3588 3088 1299
4095 3071 256 3777 3111 1323
0 3327 256 1876 3193 1217
256 3327 256 1884 3193 1217
512 3327 256 1911 3194 1219
768 3327 256 1959 3196 1222
1024 3327 256 2028 3199 1226
1280 3327 256 2117 3203 1232
1536 3327 256 2224 3208 1239
1792 3327 256 2347 3215 1248
2048 3327 256 2482 3223 1258
2303 3327 256 2628 3232 1270
2559 3327 256 2784 3243 1283
2815 3327 256 2948 3255 1299
3071 3327 256 3118 3269 1315
3327 3327 256 3293 3285 1333
3583 3327 256 3472 3301 1353
3839 3327 256 3655 3320 1374
4095 3327 256 3841 3340 1397
0 3583 256 2020 3438 1307
256 3583 256 2027 3439 1307
512 3583 256 2051 3440 1308
768 3583 256 2096 3441 1311
1024 3583 256 2160 3444 1315
1280 3583 256 2243 3448 1320
1536 3583 256 2343 3453 1327
1792 3583 256 2459 3459 1335
2048 3583 256 2588 3466 1344
2303 3583 256 2727 3474 1355
2559 3583 256 2877 3484 1368
2815 3583 256 3035 3495 1382
3071 3583 256 3200 3508 1397
3327 3583 256 3371 3522 1414
3583 3583 256 3546 3537 1432
3839 3583 256 3725 3554 1452
4095 3583 256 3908 3573 1473
0 3839 256 2164 3684 1397
256 3839 256 2170 3684 1397
512 3839 256 2193 3685 1398
768 3839 256 2234 3687 1401
1024 3839 256 2293 3690 1404
1280 3839 256 2371 3693 1409
1536 3839 256 2465 3697 1415
1792 3839 256 2574 3703 1423
2048 3839 256 2697 3710 1432
2303 3839 256 2830 3717 1442
2559 3839 256 2975 3726 1453
2815 3839 256 3127 3736 1466
3071 3839 256 3287 3748 1481
3327 3839 256 3453 3760 1496
3583 3839 256 3624 3775 1513
3839 3839 256 3799 3790 1532
4095 3839 256 3978 3807 1552
0 4095 256 2238 3945 1400
256 4095 256 2244 3945 1400
512 4095 256 2266 3946 1401
768 4095 256 2305 3948 1402
1024 4095 256 2362 3950 1404
1280 4095 256 2436 3954 1405
1536 4095 256 2526 3958 1406
1792 4095 256 2632 3963 1408
2048 4095 256 2751 3970 1410
2303 4095 256 2882 3977 1412
2559 4095 256 3024 3985 1414
2815 4095 256 3174 3995 1415
3071 4095 256 3333 4005 1415
3327 4095 256 3499 4017 1414
3583 4095 256 3670 4030 1405
3839 4095 256 3848 4043 1394
4095 4095 256 4023 4052 1356
0 0 512 189 179 508
256 0 512 241 110 483
512 0 512 448 159 488
768 0 512 661 221 496
1024 0 512 873 292 508
1280 0 512 1087 361 525
1536 0 512 1303 431 544
1792 0 512 1520 500 564
2048 0 512 1737 570 587
2303 0 512 1952 640 611
2559 0 512 2169 710 637
2815 0 512 2386 781 665
3071 0 512 2603 851 694
3327 0 512 2820 921 724
3583 0 512 3037 992 755
3839 0 512 3254 1062 788
4095 0 512 3471 1133 821
0 256 512 195 276 503
256 256 512 273 268 469
512 256 512 453 294 480
768 256 512 649 339 496
1024 256 512 861 388 516
1280 256 512 1077 441 535
1536 256 512 1294 499 555
1792 256 512 1512 559 575
2048 256 512 1730 621 598
2303 256 512 1946 685 621
2559 256 512 2164 750 647
2815 256 512 2381 817 674
3071 256 512 2599 884 702
3327 256 512 2816 951 732
3583 256 512 3033 1019 763
3839 256 512 3250 1088 795
4095 256 512 3468 1157 828
0 512 512 288 500 507
256 512 512 367 499 504
512 512 512 512 512 512
768 512 512 710 527 517
1024 512 512 893 565 539
1280 512 512 1079 615 569
1536 512 512 1285 663 592
1792 512 512 1498 712 613
2048 512 512 1714 764 634
2303 512 512 1931 817 656
2559 512 512 2149 872 680
2815 512 512 2367 929 705
3071 512 512 2585 988 732
3327 512 512 2803 1048 760
3583 512 512 3021 1110 789
3839 512 512 3239 1172 820
4095 512 512 3457 1235 851
0 768 512 441 740 547
256 768 512 491 740 555
512 768 512 590 752 543
768 768 512 761 762 563
1024 768 512 941 783 584
1280 768 512 1128 813 607
1536 768 512 1321 850 631
1792 768 512 1519 893 656
2048 768 512 1721 940 683
2303 768 512 1927 990 710
2559 768 512 2139 1039 734
2815 768 512 2354 1090 758
3071 768 512 2570 1142 782
3327 768 512 2788 1195 808
3583 768 512 3005 1249 835
3839 768 512 3223 1305 864
4095 768 512 3448 1356 887
0 1024 512 587 984 605
256 1024 512 623 983 612
512 1024 512 717 987 621
768 1024 512 852 997 631
1024 1024 512 1013 1013 644
1280 1024 512 1190 1034 661
1536 1024 512 1376 1061 680
1792 1024 512 1568 1093 701
2048 1024 512 1765 1130 725
2303 1024 512 1964 1170 751
2559 1024 512 2165 1215 779
2815 1024 512 2369 1264 809
3071 1024 512 2573 1315 841
3327 1024 512 2781 1367 870
3583 1024 512 2995 1418 897
3839 1024 512 3211 1469 924
4095 1024 512 3459 1493 919
0 1280 512 733 1228 668
256 1280 512 760 1228 674
512 1280 512 843 1229 689
768 1280 512 958 1237 697
1024 1280 512 1103 1248 707
1280 1280 512 1267 1264 720
1536 1280 512 1443 1285 736
1792 1280 512 1628 1310 755
2048 1280 512 1818 1339 776
2303 1280 512 2012 1372 799
2559 1280 512 2210 1408 825
2815 1280 512 2409 1449 853
3071 1280 512 2610 1492 882
3327 1280 512 2813 1539 914
3583 1280 512 3016 1589 947
3839 1280 512 3223 1639 979
4095 1280 512 3479 1653 956
0 1536 512 877 1473 735
256 1536 512 900 1473 741
512 1536 512 972 1473 757
768 1536 512 1073 1479 765
1024 1536 512 1203 1488 773
1280 1536 512 1354 1500 784
1536 1536 512 1521 1516 798
1792 1536 512 1697 1536 815
2048 1536 512 1881 1560 833
2303 1536 512 2069 1586 855
2559 1536 512 2262 1617 878
2815 1536 512 2458 1651 904
3071 1536 512 2655 1688 932
3327 1536 512 2855 1727 961
3583 1536 512 3055 1770 992
3839 1536 512 3257 1816 1025
4095 1536 512 3504 1833 1001
0 1792 512 1022 1718 807
256 1792 512 1041 1718 812
512 1792 512 1103 1718 828
768 1792 512 1193 1722 836
1024 1792 512 1310 1730 843
1280 1792 512 1450 1740 853
1536 1792 512 1606 1753 865
1792 1792 512 1774 1769 879
2048 1792 512 1951 1788 896
2303 1792 512 2133 1810 916
2559 1792 512 2321 1836 937
2815 1792 512 2513 1864 961
3071 1792 512 2707 1895 986
3327 1792 512 2903 1930 1014
3583 1792 512 3101 1967 1043
3839 1792 512 3300 2007 1074
4095 1792 512 3535 2028 1055
0 2048 512 1167 1964 884
256 2048 512 1183 1963 888
512 2048 512 1238 1963 903
768 2048 512 1317 1967 909
1024 2048 512 1423 1973 916
1280 2048 512 1552 1981 924
1536 2048 512 1698 1992 935
1792 2048 512 1858 2005 948
2048 2048 512 2028 2021 963
2303 2048 512 2204 2040 981
2559 2048 512 2387 2061 1000
2815 2048 512 2574 2086 1022
3071 2048 512 2764 2112 1045
3327 2048 512 2957 2142 1071
3583 2048 512 3152 2174 1098
3839 2048 512 3349 2209 1127
4095 2048 512 3570 2234 1116
0 2303 512 1312 2208 963
256 2303 512 1326 2208 967
512 2303 512 1373 2208 978
768 2303 512 1444 2211 984
1024 2303 512 1540 2216 989
1280 2303 512 1659 2223 997
1536 2303 512 1796 2232 1007
1792 2303 512 1947 2244 1019
2048 2303 512 2110 2257 1032
2303 2303 512 2280 2273 1048
2559 2303 512 2457 2291 1066
2815 2303 512 2640 2312 1086
3071 2303 512 2826 2335 1108
3327 2303 512 3016 2361 1131
3583 2303 512 3208 2389 1156
3839 2303 512 3402 2419 1184
4095 2303 512 3610 2446 1185
0 2559 512 1457 2453 1045
256 2559 512 1470 2453 1048
512 2559 512 1510 2454 1056
768 2559 512 1573 2456 1061
1024 2559 512 1661 2461 1066
1280 2559 512 1771 2467 1073
1536 2559 512 1899 2475 1082
1792 2559 512 2042 2484 1092
2048 2559 512 2198 2496 1105
2303 2559 512 2361 2510 1119
2559 2559 512 2533 2526 1136
2815 2559 512 2711 2544 1154
3071 2559 512 2893 2564 1174
3327 2559 512 3079 2586 1195
3583 2559 512 3268 2611 1219
3839 2559 512 3460 2638 1244
4095 2559 512 3657 2665 1261
0 2815 512 1603 2698 1128
256 2815 512 1613 2698 1131
512 2815 512 1647 2699 1135
768 2815 512 1705 2702 1140
1024 2815 512 1785 2706 1144
1280 2815 512 1887 2711 1151
1536 2815 512 2007 2718 1159
1792 2815 512 2142 2726 1169
2048 2815 512 2290 2737 1180
2303 2815 512 2448 2749 1193
2559 2815 512 2614 2763 1208
2815 2815 512 2787 2779 1225
3071 2815 512 2965 2796 1243
3327 2815 512 3147 2816 1263
3583 2815 512 3332 2838 1285
3839 2815 512 3521 2861 1308
4095 2815 512 3712 2887 1332
0 3071 512 1746 2944 1211
256 3071 512 1755 2944 1213
512 3071 512 1786 2945 1217
768 3071 512 1838 2947 1221
1024 3071 512 1912 2951 1225
1280 3071 512 2007 2956 1231
1536 3071 512 2119 2962 1238
1792 3071 512 2247 2969 1247
2048 3071 512 2388 2978 1258
2303 3071 512 2539 2989 1270
2559 3071 512 2699 3001 1283
2815 3071 512 2867 3015 1299
3071 3071 512 3040 3031 1316
3327 3071 512 3218 3049 1334
3583 3071 512 3400 3068 1355
3839 3071 512 3585 3089 1376
4095 3071 512 3773 3112 1399
0 3327 512 1889 3190 1295
256 3327 512 1897 3190 1296
512 3327 512 1926 3191 1300
768 3327 512 1973 3193 1303
1024 3327 512 2041 3196 1307
1280 3327 512 2129 3200 1312
1536 3327 512 2235 3206 1319
1792 3327 512 2356 3213 1327
2048 3327 512 2490 3221 1337
2303 3327 512 2635 3230 1348
2559 3327 512 2789 3242 1361
2815 3327 512 2951 3254 1375
3071 3327 512 3119 3268 1391
3327 3327 512 3293 3284 1408
3583 3327 512 3471 3301 1427
3839 3327 512 3653 3321 1447
4095 3327 512 3838 3341 1468
0 3583 512 2033 3436 1379
256 3583 512 2040 3436 1380
512 3583 512 2066 3437 1384
768 3583 512 2109 3439 1386
1024 3583 512 2173 3442 1390
1280 3583 512 2255 3445 1395
1536 3583 512 2354 3450 1401
1792 3583 512 2468 3457 1409
2048 3583 512 2596 3464 1418
2303 3583 512 2734 3473 1428
2559 3583 512 2883 3483 1440
2815 3583 512 3039 3494 1453
3071 3583 512 3203 3507 1468
3327 3583 512 3372 3521 1484
3583 3583 512 3546 3537 1501
3839 3583 512 3725 3554 1520
4095 3583 512 3906 3573 1540
0 3839 512 2176 3682 1465
256 3839 512 2183 3682 1466
512 3839 512 2206 3683 1468
768 3839 512 2246 3684 1471
1024 3839 512 2305 3687 1474
1280 3839 512 2382 3691 1479
1536 3839 512 2475 3695 1485
1792 3839 512 2583 3701 1492
2048 3839 512 2705 3707 1500
2303 3839 512 2837 3715 1510
2559 3839 512 2980 3724 1521
2815 3839 512 3132 3735 1533
3071 3839 512 3290 3746 1547
3327 3839 512 3455 3759 1562
3583 3839 512 3625 3774 1578
3839 3839 512 3800 3790 1596
4095 3839 512 3978 3807 1615
0 4095 512 2239 3945 1453
256 4095 512 2245 3945 1453
512 4095 512 2266 3946 1453
768 4095 512 2306 3948 1454
1024 4095 512 2363 3950 1455
1280 4095 512 2437 3954 1456
1536 4095 512 2527 3958 1457
1792 4095 512 2633 3964 1460
2048 4095 512 2752 3970 1461
2303 4095 512 2882 3977 1463
2559 4095 512 3024 3986 1465
2815 4095 512 3174 3995 1466
3071 4095 512 3333 4006 1465
3327 4095 512 3499 4017 1464
3583 4095 512 3670 4030 1456
3839 4095 512 3848 4044 1444
4095 4095 512 4023 4052 1407
0 0 768 220 216 756
256 0 768 274 143 727
512 0 768 466 180 730
768 0 768 675 233 735
1024 0 768 880 305 736
1280 0 768 1094 371 748
1536 0 768 1308 439 763
1792 0 768 1524 507 779
2048 0 768 1739 576 796
2303 0 768 1955 645 815
2559 0 768 2171 715 835
2815 0 768 2388 785 857
3071 0 768 2604 855 880
3327 0 768 2821 925 904
3583 0 768 3038 995 929
3839 0 768 3255 1065 956
4095 0 768 3472 1136 983
0 256 768 227 294 748
256 256 768 312 283 699
512 256 768 474 313 687
768 256 768 664 352 710
1024 256 768 870 398 731
1280 256 768 1084 450 750
1536 256 768 1299 506 767
1792 256 768 1515 565 785
2048 256 768 1732 627 803
2303 256 768 1948 690 822
2559 256 768 2166 755 842
2815 256 768 2383 821 864
3071 256 768 2600 887 887
3327 256 768 2817 955 911
3583 256 768 3034 1022 936
3839 256 768 3251 1091 962
4095 256 768 3468 1159 989
0 512 768 317 507 737
256 512 768 391 508 717
512 512 768 523 518 750
768 512 768 718 533 753
1024 512 768 891 578 746
1280 512 768 1082 624 765
1536 512 768 1288 670 787
1792 512 768 1501 718 807
2048 512 768 1716 769 827
2303 512 768 1932 821 847
2559 512 768 2150 876 867
2815 512 768 2368 933 888
3071 512 768 2586 991 910
3327 512 768 2804 1051 933
3583 512 768 3022 1112 958
3839 512 768 3240 1175 983
4095 512 768 3458 1238 1009
0 768 768 456 746 755
256 768 768 504 746 754
512 768 768 605 756 761
768 768 768 768 768 768
1024 768 768 963 782 772
1280 768 768 1169 801 779
1536 768 768 1340 847 809
1792 768 768 1521 898 840
2048 768 768 1720 947 865
2303 768 768 1927 995 887
2559 768 768 2139 1044 909
2815 768 768 2354 1094 930
3071 768 768 2570 1145 951
3327 768 768 2788 1198 973
3583 768 768 3006 1252 996
3839 768 768 3224 1308 1020
4095 768 768 3449 1358 1039
0 1024 768 593 988 798
256 1024 768 629 988 801
512 1024 768 725 991 809
768 1024 768 836 1009 790
1024 1024 768 1016 1020 794
1280 1024 768 1211 1033 800
1536 1024 768 1415 1050 807
1792 1024 768 1602 1082 841
2048 1024 768 1789 1121 875
2303 1024 768 1967 1173 918
2559 1024 768 2158 1223 951
2815 1024 768 2361 1272 978
3071 1024 768 2569 1321 1002
3327 1024 768 2781 1371 1025
3583 1024 768 2995 1421 1048
3839 1024 768 3211 1471 1072
4095 1024 768 3460 1495 1066
0 1280 768 737 1231 850
256 1280 768 765 1231 854
512 1280 768 847 1232 865
768 1280 768 947 1245 854
1024 1280 768 1092 1257 848
1280 1280 768 1267 1270 868
1536 1280 768 1447 1288 889
1792 1280 768 1632 1312 912
2048 1280 768 1820 1341 937
2303 1280 768 2011 1375 962
2559 1280 768 2205 1414 989
2815 1280 768 2401 1456 1016
3071 1280 768 2600 1501 1045
3327 1280 768 2799 1550 1075
3583 1280 768 3003 1599 1104
3839 1280 768 3222 1642 1119
4095 1280 768 3480 1655 1097
0 1536 768 881 1476 906
256 1536 768 903 1475 911
512 1536 768 975 1476 924
768 1536 768 1076 1481 932
1024 1536 768 1201 1492 932
1280 1536 768 1354 1503 945
1536 1536 768 1520 1519 961
1792 1536 768 1695 1539 978
2048 1536 768 1877 1563 998
2303 1536 768 2063 1591 1019
2559 1536 768 2253 1623 1042
2815 1536 768 2447 1658 1067
3071 1536 768 2643 1696 1092
3327 1536 768 2840 1738 1120
3583 1536 768 3040 1782 1148
3839 1536 768 3251 1821 1165
4095 1536 768 3505 1835 1136
0 1792 768 1024 1720 967
256 1792 768 1044 1720 972
512 1792 768 1106 1720 985
768 1792 768 1201 1722 1000
1024 1792 768 1316 1730 1007
1280 1792 768 1454 1740 1017
1536 1792 768 1608 1754 1029
1792 1792 768 1774 1770 1044
2048 1792 768 1948 1790 1060
2303 1792 768 2128 1814 1078
2559 1792 768 2313 1840 1099
2815 1792 768 2502 1870 1121
3071 1792 768 2695 1903 1144
3327 1792 768 2889 1938 1169
3583 1792 768 3086 1976 1196
3839 1792 768 3288 2015 1218
4095 1792 768 3535 2029 1182
0 2048 768 1170 1965 1033
256 2048 768 1186 1965 1037
512 2048 768 1241 1964 1050
768 2048 768 1328 1966 1067
1024 2048 768 1434 1971 1077
1280 2048 768 1560 1980 1086
1536 2048 768 1704 1991 1096
1792 2048 768 1861 2005 1109
2048 2048 768 2027 2022 1123
2303 2048 768 2201 2042 1139
2559 2048 768 2381 2064 1158
2815 2048 768 2566 2090 1177
3071 2048 768 2754 2118 1199
3327 2048 768 2945 2148 1222
3583 2048 768 3139 2182 1247
3839 2048 768 3334 2217 1273
4095 2048 768 3571 2235 1236
0 2303 768 1314 2209 1102
256 2303 768 1328 2209 1105
512 2303 768 1377 2208 1117
768 2303 768 1457 2209 1135
1024 2303 768 1555 2213 1147
1280 2303 768 1671 2221 1154
1536 2303 768 1805 2230 1163
1792 2303 768 1953 2242 1174
2048 2303 768 2113 2257 1187
2303 2303 768 2280 2273 1202
2559 2303 768 2455 2293 1218
2815 2303 768 2635 2314 1236
3071 2303 768 2819 2339 1256
3327 2303 768 3006 2365 1277
3583 2303 768 3197 2395 1300
3839 2303 768 3389 2426 1325
4095 2303 768 3611 2447 1297
0 2559 768 1459 2454 1174
256 2559 768 1472 2454 1177
512 2559 768 1515 2453 1188
768 2559 768 1588 2454 1205
1024 2559 768 1679 2457 1217
1280 2559 768 1786 2463 1223
1536 2559 768 1911 2472 1232
1792 2559 768 2051 2482 1241
2048 2559 768 2203 2495 1253
2303 2559 768 2364 2509 1266
2559 2559 768 2534 2526 1281
2815 2559 768 2709 2545 1298
3071 2559 768 2889 2566 1316
3327 2559 768 3073 2589 1336
3583 2559 768 3260 2615 1357
3839 2559 768 3450 2642 1380
4095 2559 768 3656 2666 1366
0 2815 768 1605 2699 1248
256 2815 768 1616 2699 1251
512 2815 768 1655 2699 1262
768 2815 768 1722 2699 1278
1024 2815 768 1804 2702 1288
1280 2815 768 1903 2707 1294
1536 2815 768 2021 2715 1302
1792 2815 768 2153 2724 1310
2048 2815 768 2299 2734 1321
2303 2815 768 2453 2747 1333
2559 2815 768 2617 2762 1347
2815 2815 768 2787 2778 1362
3071 2815 768 2963 2797 1379
3327 2815 768 3143 2817 1397
3583 2815 768 3326 2840 1417
3839 2815 768 3513 2865 1439
4095 2815 768 3708 2889 1443
0 3071 768 1750 2944 1325
256 3071 768 1760 2944 1328
512 3071 768 1796 2944 1338
768 3071 768 1857 2944 1353
1024 3071 768 1932 2947 1361
1280 3071 768 2024 2952 1367
1536 3071 768 2134 2958 1373
1792 3071 768 2260 2966 1382
2048 3071 768 2398 2976 1391
2303 3071 768 2546 2987 1402
2559 3071 768 2704 3000 1415
2815 3071 768 2869 3014 1429
3071 3071 768 3040 3031 1445
3327 3071 768 3216 3049 1462
3583 3071 768 3397 3069 1481
3839 3071 768 3580 3091 1501
4095 3071 768 3768 3115 1516
0 3327 768 1896 3190 1404
256 3327 768 1905 3189 1407
512 3327 768 1937 3189 1416
768 3327 768 1992 3189 1429
1024 3327 768 2061 3192 1436
1280 3327 768 2147 3196 1441
1536 3327 768 2250 3202 1447
1792 3327 768 2369 3209 1454
2048 3327 768 2501 3218 1464
2303 3327 768 2643 3228 1474
2559 3327 768 2796 3239 1486
2815 3327 768 2956 3253 1499
3071 3327 768 3122 3267 1514
3327 3327 768 3294 3284 1530
3583 3327 768 3470 3302 1547
3839 3327 768 3650 3321 1566
4095 3327 768 3834 3343 1586
0 3583 768 2041 3435 1485
256 3583 768 2049 3435 1487
512 3583 768 2079 3435 1496
768 3583 768 2128 3435 1505
1024 3583 768 2192 3437 1512
1280 3583 768 2272 3442 1516
1536 3583 768 2370 3447 1522
1792 3583 768 2482 3453 1529
2048 3583 768 2608 3461 1538
2303 3583 768 2744 3470 1547
2559 3583 768 2891 3480 1558
2815 3583 768 3046 3492 1571
3071 3583 768 3207 3505 1584
3327 3583 768 3375 3520 1599
3583 3583 768 3547 3536 1616
3839 3583 768 3724 3554 1633
4095 3583 768 3904 3574 1652
0 3839 768 2186 3680 1567
256 3839 768 2194 3680 1569
512 3839 768 2221 3680 1577
768 3839 768 2265 3681 1583
1024 3839 768 2324 3683 1589
1280 3839 768 2400 3687 1594
1536 3839 768 2491 3691 1599
1792 3839 768 2598 3697 1606
2048 3839 768 2718 3704 1614
2303 3839 768 2848 3712 1623
2559 3839 768 2989 3722 1633
2815 3839 768 3139 3733 1645
3071 3839 768 3296 3745 1657
3327 3839 768 3459 3758 1671
3583 3839 768 3628 3773 1687
3839 3839 768 3800 3789 1703
4095 3839 768 3977 3807 1721
0 4095 768 2240 3946 1542
256 4095 768 2246 3946 1542
512 4095 768 2267 3947 1542
768 4095 768 2307 3948 1543
1024 4095 768 2364 3951 1544
1280 4095 768 2437 3954 1545
1536 4095 768 2528 3959 1546
1792 4095 768 2634 3964 1548
2048 4095 768 2752 3971 1549
2303 4095 768 2883 3978 1552
2559 4095 768 3025 3986 1553
2815 4095 768 3175 3996 1553
3071 4095 768 3334 4006 1554
3327 4095 768 3500 4018 1552
3583 4095 768 3671 4031 1544
3839 4095 768 3849 4044 1532
4095 4095 768 4023 4051 1495
0 0 1024 251 221 995
256 0 1024 311 194 987
512 0 1024 487 208 986
768 0 1024 686 264 966
1024 0 1024 893 323 969
1280 0 1024 1103 385 978
1536 0 1024 1315 451 989
1792 0 1024 1530 517 1002
2048 0 1024 1744 585 1017
2303 0 1024 1959 653 1033
2559 0 1024 2175 722 1050
2815 0 1024 2390 791 1068
3071 0 1024 2607 860 1087
3327 0 1024 2823 930 1107
3583 0 1024 3039 1000 1128
3839 0 1024 3256 1070 1150
4095 0 1024 3473 1140 1173
0 256 1024 255 293 980
256 256 1024 346 303 947
512 256 1024 504 335 913
768 256 1024 685 369 933
1024 256 1024 885 413 953
1280 256 1024 1095 461 971
1536 256 1024 1307 516 988
1792 256 1024 1522 574 1004
2048 256 1024 1737 635 1020
2303 256 1024 1952 697 1037
2559 256 1024 2169 761 1054
2815 256 1024 2385 827 1072
3071 256 1024 2602 893 1092
3327 256 1024 2819 960 1112
3583 256 1024 3036 1027 1133
3839 256 1024 3253 1095 1155
4095 256 1024 3469 1163 1178
0 512 1024 346 517 978
256 512 1024 413 520 957
512 512 1024 557 536 920
768 512 1024 723 552 959
1024 512 1024 899 594 949
1280 512 1024 1092 636 969
1536 512 1024 1296 680 991
1792 512 1024 1507 726 1013
2048 512 1024 1721 776 1033
2303 512 1024 1936 828 1052
2559 512 1024 2153 882 1071
2815 512 1024 2371 938 1090
3071 512 1024 2588 996 1110
3327 512 1024 2806 1056 1130
3583 512 1024 3023 1117 1151
3839 512 1024 3241 1179 1172
4095 512 1024 3459 1242 1195
0 768 1024 472 755 980
256 768 1024 520 755 972
512 768 1024 638 762 960
768 768 1024 778 774 1005
1024 768 1024 971 788 1008
1280 768 1024 1174 807 1012
1536 768 1024 1336 860 1017
1792 768 1024 1522 908 1037
2048 768 1024 1722 954 1059
2303 768 1024 1929 1001 1081
2559 768 1024 2141 1049 1101
2815 768 1024 2356 1099 1121
3071 768 1024 2572 1150 1141
3327 768 1024 2789 1202 1161
3583 768 1024 3007 1256 1182
3839 768 1024 3225 1312 1203
4095 768 1024 3450 1361 1220
0 1024 1024 602 996 1008
256 1024 1024 639 995 1007
512 1024 1024 741 997 1006
768 1024 1024 845 1014 1021
1024 1024 1024 1024 1024 1024
1280 1024 1024 1218 1037 1028
1536 1024 1024 1420 1054 1034
1792 1024 1024 1629 1075 1040
2048 1024 1024 1786 1129 1078
2303 1024 1024 1964 1181 1110
2559 1024 1024 2158 1230 1137
2815 1024 1024 2361 1278 1161
3071 1024 1024 2569 1326 1183
3327 1024 1024 2781 1375 1204
3583 1024 1024 2995 1425 1225
3839 1024 1024 3211 1475 1247
4095 1024 1024 3461 1497 1242
0 1280 1024 748 1236 1049
256 1280 1024 775 1236 1051
512 1280 1024 858 1237 1057
768 1280 1024 953 1250 1055
1024 1280 1024 1090 1265 1045
1280 1280 1024 1272 1276 1049
1536 1280 1024 1466 1289 1054
1792 1280 1024 1667 1305 1061
2048 1280 1024 1874 1324 1068
2303 1280 1024 2083 1345 1077
2559 1280 1024 2241 1400 1137
2815 1280 1024 2412 1454 1185
3071 1280 1024 2600 1506 1220
3327 1280 1024 2798 1555 1248
3583 1280 1024 3002 1604 1273
3839 1280 1024 3222 1645 1287
4095 1280 1024 3481 1657 1269
0 1536 1024 889 1479 1098
256 1536 1024 911 1479 1101
512 1536 1024 983 1479 1110
768 1536 1024 1080 1485 1115
1024 1536 1024 1167 1509 1070
1280 1536 1024 1337 1517 1074
1536 1536 1024 1521 1528 1080
1792 1536 1024 1715 1541 1086
2048 1536 1024 1908 1559 1109
2303 1536 1024 2098 1583 1139
2559 1536 1024 2288 1612 1168
2815 1536 1024 2479 1646 1197
3071 1536 1024 2672 1684 1227
3327 1536 1024 2862 1729 1262
3583 1536 1024 3039 1786 1312
3839 1536 1024 3252 1824 1326
4095 1536 1024 3506 1837 1302
0 1792 1024 1032 1723 1153
256 1792 1024 1051 1722 1156
512 1792 1024 1113 1722 1166
768 1792 1024 1205 1725 1176
1024 1792 1024 1307 1737 1167
1280 1792 1024 1432 1753 1143
1536 1792 1024 1599 1763 1161
1792 1792 1024 1773 1776 1180
2048 1792 1024 1953 1794 1200
2303 1792 1024 2136 1815 1222
2559 1792 1024 2322 1841 1244
2815 1792 1024 2511 1870 1268
3071 1792 1024 2703 1902 1293
3327 1792 1024 2896 1938 1319
3583 1792 1024 3087 1978 1350
3839 1792 1024 3288 2018 1373
4095 1792 1024 3537 2031 1341
0 2048 1024 1177 1967 1211
256 2048 1024 1193 1966 1214
512 2048 1024 1247 1966 1224
768 2048 1024 1332 1968 1237
1024 2048 1024 1434 1975 1243
1280 2048 1024 1551 1986 1235
1536 2048 1024 1699 1997 1247
1792 2048 1024 1858 2010 1261
2048 2048 1024 2027 2026 1277
2303 2048 1024 2201 2045 1295
2559 2048 1024 2381 2067 1314
2815 2048 1024 2565 2093 1335
3071 2048 1024 2752 2121 1356
3327 2048 1024 2942 2152 1379
3583 2048 1024 3135 2186 1403
3839 2048 1024 3330 2222 1426
4095 2048 1024 3572 2236 1387
0 2303 1024 1320 2210 1271
256 2303 1024 1334 2210 1274
512 2303 1024 1382 2210 1284
768 2303 1024 1460 2211 1298
1024 2303 1024 1559 2215 1311
1280 2303 1024 1671 2223 1314
1536 2303 1024 1806 2233 1323
1792 2303 1024 1954 2244 1335
2048 2303 1024 2113 2259 1349
2303 2303 1024 2279 2276 1364
2559 2303 1024 2453 2295 1380
2815 2303 1024 2631 2318 1398
3071 2303 1024 2814 2342 1418
3327 2303 1024 3000 2370 1438
3583 2303 1024 3189 2400 1460
3839 2303 1024 3381 2432 1484
4095 2303 1024 3612 2449 1440
0 2559 1024 1465 2455 1335
256 2559 1024 1477 2455 1338
512 2559 1024 1519 2455 1347
768 2559 1024 1591 2455 1362
1024 2559 1024 1685 2457 1378
1280 2559 1024 1793 2463 1387
1536 2559 1024 1917 2472 1395
1792 2559 1024 2056 2482 1405
2048 2559 1024 2206 2495 1417
2303 2559 1024 2366 2510 1430
2559 2559 1024 2533 2527 1445
2815 2559 1024 2706 2547 1461
3071 2559 1024 2884 2569 1478
3327 2559 1024 3067 2593 1497
3583 2559 1024 3252 2619 1518
3839 2559 1024 3440 2648 1539
4095 2559 1024 3658 2668 1501
0 2815 1024 1609 2700 1401
256 2815 1024 1620 2700 1404
512 2815 1024 1658 2700 1413
768 2815 1024 1724 2700 1427
1024 2815 1024 1813 2701 1445
1280 2815 1024 1916 2706 1457
1536 2815 1024 2031 2713 1465
1792 2815 1024 2162 2722 1474
2048 2815 1024 2305 2734 1484
2303 2815 1024 2457 2747 1496
2559 2815 1024 2619 2762 1509
2815 2815 1024 2787 2779 1524
3071 2815 1024 2960 2798 1540
3327 2815 1024 3138 2820 1557
3583 2815 1024 3320 2843 1576
3839 2815 1024 3505 2869 1596
4095 2815 1024 3708 2891 1572
0 3071 1024 1754 2945 1470
256 3071 1024 1764 2945 1473
512 3071 1024 1799 2945 1481
768 3071 1024 1859 2945 1495
1024 3071 1024 1942 2946 1513
1280 3071 1024 2039 2949 1527
1536 3071 1024 2148 2956 1534
1792 3071 1024 2271 2964 1542
2048 3071 1024 2407 2974 1551
2303 3071 1024 2553 2986 1562
2559 3071 1024 2709 2999 1574
2815 3071 1024 2871 3014 1587
3071 3071 1024 3040 3031 1602
3327 3071 1024 3214 3050 1618
3583 3071 1024 3392 3071 1636
3839 3071 1024 3574 3094 1655
4095 3071 1024 3764 3117 1654
0 3327 1024 1898 3190 1541
256 3327 1024 1908 3190 1544
512 3327 1024 1940 3190 1552
768 3327 1024 1996 3190 1565
1024 3327 1024 2074 3190 1584
1280 3327 1024 2165 3193 1597
1536 3327 1024 2266 3199 1603
1792 3327 1024 2383 3206 1611
2048 3327 1024 2512 3215 1619
2303 3327 1024 2652 3226 1629
2559 3327 1024 2802 3238 1640
2815 3327 1024 2960 3251 1653
3071 3327 1024 3124 3267 1667
3327 3327 1024 3294 3284 1682
3583 3327 1024 3468 3303 1698
3839 3327 1024 3647 3323 1715
4095 3327 1024 3828 3345 1734
0 3583 1024 2044 3436 1615
256 3583 1024 2052 3436 1617
512 3583 1024 2081 3435 1625
768 3583 1024 2133 3435 1638
1024 3583 1024 2206 3435 1656
1280 3583 1024 2292 3438 1668
1536 3583 1024 2387 3443 1674
1792 3583 1024 2497 3450 1681
2048 3583 1024 2621 3458 1689
2303 3583 1024 2755 3467 1698
2559 3583 1024 2899 3478 1708
2815 3583 1024 3052 3490 1720
3071 3583 1024 3211 3504 1733
3327 3583 1024 3377 3519 1747
3583 3583 1024 3547 3536 1762
3839 3583 1024 3722 3555 1779
4095 3583 1024 3901 3575 1796
0 3839 1024 2189 3681 1690
256 3839 1024 2196 3681 1692
512 3839 1024 2224 3681 1700
768 3839 1024 2272 3680 1712
1024 3839 1024 2341 3680 1729
1280 3839 1024 2420 3683 1740
1536 3839 1024 2510 3688 1745
1792 3839 1024 2614 3694 1752
2048 3839 1024 2732 3701 1759
2303 3839 1024 2860 3709 1768
2559 3839 1024 3000 3719 1777
2815 3839 1024 3147 3730 1788
3071 3839 1024 3302 3743 1800
3327 3839 1024 3463 3757 1814
3583 3839 1024 3630 3772 1828
3839 3839 1024 3801 3789 1844
4095 3839 1024 3976 3807 1860
0 4095 1024 2242 3947 1663
256 4095 1024 2248 3947 1663
512 4095 1024 2269 3948 1664
768 4095 1024 2308 3949 1665
1024 4095 1024 2365 3952 1666
1280 4095 1024 2439 3955 1666
1536 4095 1024 2529 3960 1667
1792 4095 1024 2635 3965 1669
2048 4095 1024 2754 3971 1670
2303 4095 1024 2884 3979 1672
2559 4095 1024 3026 3987 1673
2815 4095 1024 3176 3997 1674
3071 4095 1024 3335 4007 1674
3327 4095 1024 3501 4019 1672
3583 4095 1024 3672 4031 1664
3839 4095 1024 3850 4045 1652
4095 4095 1024 4022 4049 1615
0 0 1280 295 228 1233
256 0 1280 348 222 1230
512 0 1280 512 246 1218
768 0 1280 707 291 1209
1024 0 1280 909 344 1208
1280 0 1280 1117 402 1213
1536 0 1280 1327 465 1221
1792 0 1280 1539 529 1231
2048 0 1280 1752 596 1243
2303 0 1280 1965 662 1256
2559 0 1280 2180 730 1271
2815 0 1280 2395 799 1287
3071 0 1280 2611 867 1303
3327 0 1280 2827 936 1321
3583 0 1280 3043 1006 1339
3839 0 1280 3259 1075 1358
4095 0 1280 3475 1145 1378
0 256 1280 306 318 1223
256 256 1280 385 329 1193
512 256 1280 538 359 1152
768 256 1280 711 390 1167
1024 256 1280 905 430 1183
1280 256 1280 1110 476 1199
1536 256 1280 1319 529 1213
1792 256 1280 1532 585 1228
2048 256 1280 1745 645 1243
2303 256 1280 1959 706 1258
2559 256 1280 2175 769 1273
2815 256 1280 2390 834 1290
3071 256 1280 2606 899 1307
3327 256 1280 2822 966 1324
3583 256 1280 3039 1033 1343
3839 256 1280 3255 1100 1362
4095 256 1280 3472 1168 1382
0 512 1280 386 531 1217
256 512 1280 447 535 1196
512 512 1280 589 552 1145
768 512 1280 744 576 1146
1024 512 1280 917 611 1155
1280 512 1280 1107 649 1178
1536 512 1280 1309 691 1202
1792 512 1280 1517 737 1224
2048 512 1280 1730 785 1245
2303 512 1280 1943 836 1264
2559 512 1280 2159 889 1282
2815 512 1280 2375 945 1301
3071 512 1280 2592 1003 1319
3327 512 1280 2809 1062 1337
3583 512 1280 3026 1122 1356
3839 512 1280 3244 1184 1376
4095 512 1280 3461 1247 1396
0 768 1280 499 764 1215
256 768 1280 544 766 1203
512 768 1280 664 773 1174
768 768 1280 802 787 1192
1024 768 1280 982 795 1248
1280 768 1280 1164 829 1224
1536 768 1280 1339 875 1221
1792 768 1280 1528 919 1238
2048 768 1280 1728 964 1260
2303 768 1280 1935 1009 1281
2559 768 1280 2146 1057 1302
2815 768 1280 2360 1105 1322
3071 768 1280 2576 1156 1342
3327 768 1280 2792 1208 1361
3583 768 1280 3009 1262 1381
3839 768 1280 3227 1317 1401
4095 768 1280 3450 1368 1418
0 1024 1280 625 1003 1229
256 1024 1280 659 1003 1225
512 1024 1280 760 1006 1213
768 1024 1280 881 1017 1224
1024 1024 1280 1034 1029 1261
1280 1024 1280 1226 1043 1264
1536 1024 1280 1427 1060 1268
1792 1024 1280 1619 1089 1272
2048 1024 1280 1781 1142 1287
2303 1024 1280 1964 1191 1309
2559 1024 1280 2159 1238 1332
2815 1024 1280 2363 1285 1354
3071 1024 1280 2571 1333 1375
3327 1024 1280 2783 1381 1396
3583 1024 1280 2997 1430 1416
3839 1024 1280 3213 1480 1436
4095 1024 1280 3464 1501 1435
0 1280 1280 764 1243 1258
256 1280 1280 791 1243 1257
512 1280 1280 873 1244 1256
768 1280 1280 980 1252 1262
1024 1280 1280 1099 1269 1277
1280 1280 1280 1280 1280 1280
1536 1280 1280 1472 1293 1284
1792 1280 1280 1673 1309 1289
2048 1280 1280 1879 1328 1295
2303 1280 1280 2081 1353 1306
2559 1280 1280 2232 1411 1348
2815 1280 1280 2409 1463 1381
3071 1280 1280 2599 1513 1409
3327 1280 1280 2798 1562 1434
3583 1280 1280 3003 1610 1457
3839 1280 1280 3223 1649 1471
4095 1280 1280 3484 1660 1458
0 1536 1280 902 1484 1300
256 1536 1280 925 1484 1301
512 1536 1280 995 1484 1305
768 1536 1280 1093 1490 1311
1024 1536 1280 1176 1512 1297
1280 1536 1280 1344 1521 1300
1536 1536 1280 1528 1531 1304
1792 1536 1280 1721 1544 1309
2048 1536 1280 1920 1560 1315
2303 1536 1280 2124 1577 1322
2559 1536 1280 2332 1597 1330
2815 1536 1280 2543 1619 1338
3071 1536 1280 2687 1682 1407
3327 1536 1280 2858 1737 1453
3583 1536 1280 3037 1791 1493
3839 1536 1280 3253 1828 1505
4095 1536 1280 3508 1840 1487
0 1792 1280 1044 1726 1349
256 1792 1280 1062 1726 1350
512 1792 1280 1122 1727 1357
768 1792 1280 1214 1730 1365
1024 1792 1280 1311 1742 1359
1280 1792 1280 1419 1764 1324
1536 1792 1280 1592 1773 1328
1792 1792 1280 1777 1784 1333
2048 1792 1280 1970 1797 1339
2303 1792 1280 2168 1811 1346
2559 1792 1280 2372 1828 1353
2815 1792 1280 2579 1847 1362
3071 1792 1280 2788 1868 1372
3327 1792 1280 2937 1923 1453
3583 1792 1280 3084 1984 1529
3839 1792 1280 3288 2022 1547
4095 1792 1280 3539 2034 1521
0 2048 1280 1185 1970 1401
256 2048 1280 1201 1970 1403
512 2048 1280 1254 1970 1410
768 2048 1280 1338 1972 1421
1024 2048 1280 1438 1979 1424
1280 2048 1280 1533 1998 1393
1536 2048 1280 1665 2016 1356
1792 2048 1280 1841 2025 1361
2048 2048 1280 2027 2036 1378
2303 2048 1280 2214 2049 1402
2559 2048 1280 2403 2067 1426
2815 2048 1280 2592 2089 1451
3071 2048 1280 2783 2114 1476
3327 2048 1280 2975 2143 1501
3583 2048 1280 3144 2186 1561
3839 2048 1280 3331 2225 1594
4095 2048 1280 3574 2239 1561
0 2303 1280 1327 2213 1455
256 2303 1280 1341 2213 1458
512 2303 1280 1388 2213 1466
768 2303 1280 1466 2214 1477
1024 2303 1280 1563 2218 1487
1280 2303 1280 1666 2229 1479
1536 2303 1280 1779 2247 1448
1792 2303 1280 1938 2256 1464
2048 2303 1280 2106 2267 1481
2303 2303 1280 2279 2282 1499
2559 2303 1280 2457 2300 1518
2815 2303 1280 2639 2320 1538
3071 2303 1280 2823 2344 1559
3327 2303 1280 3011 2370 1581
3583 2303 1280 3200 2399 1604
3839 2303 1280 3380 2435 1647
4095 2303 1280 3614 2451 1607
0 2559 1280 1470 2458 1513
256 2559 1280 1482 2458 1515
512 2559 1280 1525 2457 1523
768 2559 1280 1596 2458 1536
1024 2559 1280 1689 2460 1549
1280 2559 1280 1792 2467 1553
1536 2559 1280 1904 2480 1540
1792 2559 1280 2047 2489 1552
2048 2559 1280 2201 2501 1565
2303 2559 1280 2363 2515 1580
2559 2559 1280 2532 2531 1596
2815 2559 1280 2707 2550 1614
3071 2559 1280 2885 2572 1632
3327 2559 1280 3068 2596 1652
3583 2559 1280 3253 2622 1673
3839 2559 1280 3439 2651 1699
4095 2559 1280 3660 2670 1660
0 2815 1280 1614 2702 1573
256 2815 1280 1625 2702 1576
512 2815 1280 1664 2702 1584
768 2815 1280 1729 2702 1597
1024 2815 1280 1816 2703 1611
1280 2815 1280 1918 2708 1622
1536 2815 1280 2028 2717 1621
1792 2815 1280 2159 2726 1630
2048 2815 1280 2303 2737 1642
2303 2815 1280 2456 2750 1654
2559 2815 1280 2618 2765 1668
2815 2815 1280 2786 2782 1684
3071 2815 1280 2959 2801 1700
3327 2815 1280 3136 2823 1718
3583 2815 1280 3317 2847 1737
3839 2815 1280 3502 2872 1757
4095 2815 1280 3710 2893 1721
0 3071 1280 1758 2947 1636
256 3071 1280 1768 2947 1638
512 3071 1280 1803 2947 1646
768 3071 1280 1863 2946 1659
1024 3071 1280 1946 2947 1675
1280 3071 1280 2043 2950 1689
1536 3071 1280 2151 2957 1696
1792 3071 1280 2274 2965 1704
2048 3071 1280 2410 2975 1714
2303 3071 1280 2555 2987 1725
2559 3071 1280 2710 3001 1737
2815 3071 1280 2872 3016 1751
3071 3071 1280 3040 3033 1766
3327 3071 1280 3212 3053 1782
3583 3071 1280 3389 3074 1799
3839 3071 1280 3570 3097 1818
4095 3071 1280 3765 3119 1795
0 3327 1280 1903 3192 1701
256 3327 1280 1912 3192 1703
512 3327 1280 1944 3191 1711
768 3327 1280 2000 3191 1723
1024 3327 1280 2077 3192 1739
1280 3327 1280 2170 3194 1756
1536 3327 1280 2275 3199 1767
1792 3327 1280 2390 3206 1775
2048 3327 1280 2519 3215 1783
2303 3327 1280 2657 3226 1793
2559 3327 1280 2806 3238 1805
2815 3327 1280 2962 3252 1817
3071 3327 1280 3125 3268 1831
3327 3327 1280 3293 3285 1845
3583 3327 1280 3466 3304 1861
3839 3327 1280 3643 3325 1878
4095 3327 1280 3826 3348 1882
0 3583 1280 2047 3437 1768
256 3583 1280 2056 3437 1770
512 3583 1280 2085 3436 1778
768 3583 1280 2137 3436 1790
1024 3583 1280 2209 3436 1806
1280 3583 1280 2298 3438 1823
1536 3583 1280 2399 3442 1837
1792 3583 1280 2508 3448 1844
2048 3583 1280 2630 3456 1852
2303 3583 1280 2763 3466 1861
2559 3583 1280 2906 3477 1872
2815 3583 1280 3056 3490 1883
3071 3583 1280 3214 3504 1896
3327 3583 1280 3378 3520 1909
3583 3583 1280 3547 3537 1924
3839 3583 1280 3720 3556 1940
4095 3583 1280 3897 3577 1957
0 3839 1280 2192 3682 1838
256 3839 1280 2200 3682 1840
512 3839 1280 2227 3682 1846
768 3839 1280 2275 3681 1858
1024 3839 1280 2343 3681 1874
1280 3839 1280 2428 3682 1892
1536 3839 1280 2524 3685 1907
1792 3839 1280 2628 3691 1914
2048 3839 1280 2744 3699 1921
2303 3839 1280 2871 3707 1930
2559 3839 1280 3008 3718 1939
2815 3839 1280 3154 3729 1950
3071 3839 1280 3307 3742 1961
3327 3839 1280 3466 3756 1974
3583 3839 1280 3631 3772 1988
3839 3839 1280 3801 3790 2003
4095 3839 1280 3974 3808 2019
0 4095 1280 2245 3948 1811
256 4095 1280 2251 3948 1811
512 4095 1280 2272 3949 1811
768 4095 1280 2311 3951 1812
1024 4095 1280 2367 3953 1812
1280 4095 1280 2441 3957 1813
1536 4095 1280 2532 3961 1815
1792 4095 1280 2637 3966 1816
2048 4095 1280 2756 3973 1818
2303 4095 1280 2886 3980 1818
2559 4095 1280 3028 3988 1820
2815 4095 1280 3178 3998 1821
3071 4095 1280 3337 4008 1821
3327 4095 1280 3502 4020 1818
3583 4095 1280 3674 4033 1812
3839 4095 1280 3852 4046 1799
4095 4095 1280 4021 4048 1763
0 0 1536 364 271 1479
256 0 1536 390 260 1475
512 0 1536 543 283 1463
768 0 1536 730 321 1453
1024 0 1536 928 369 1449
1280 0 1536 1132 424 1451
1536 0 1536 1340 483 1455
1792 0 1536 1550 545 1463
2048 0 1536 1761 609 1473
2303 0 1536 1973 675 1484
2559 0 1536 2187 741 1497
2815 0 1536 2401 809 1511
3071 0 1536 2616 876 1525
3327 0 1536 2831 945 1541
3583 0 1536 3047 1013 1557
3839 0 1536 3262 1082 1574
4095 0 1536 3478 1151 1592
0 256 1536 355 345 1472
256 256 1536 425 356 1445
512 256 1536 575 385 1398
768 256 1536 740 413 1408
1024 256 1536 928 450 1419
1280 256 1536 1128 494 1432
1536 256 1536 1334 545 1444
1792 256 1536 1544 600 1456
2048 256 1536 1756 657 1469
2303 256 1536 1968 718 1483
2559 256 1536 2182 780 1497
2815 256 1536 2396 844 1512
3071 256 1536 2611 908 1527
3327 256 1536 2827 974 1543
3583 256 1536 3043 1040 1560
3839 256 1536 3259 1107 1577
4095 256 1536 3475 1175 1595
0 512 1536 423 546 1466
256 512 1536 481 551 1444
512 512 1536 623 570 1386
768 512 1536 777 600 1348
1024 512 1536 943 630 1368
1280 512 1536 1128 665 1393
1536 512 1536 1326 705 1418
1792 512 1536 1531 749 1441
2048 512 1536 1741 796 1462
2303 512 1536 1953 846 1481
2559 512 1536 2167 899 1499
2815 512 1536 2382 954 1517
3071 512 1536 2598 1011 1534
3327 512 1536 2814 1069 1551
3583 512 1536 3030 1129 1569
3839 512 1536 3247 1191 1587
4095 512 1536 3464 1253 1606
0 768 1536 530 776 1455
256 768 1536 574 778 1441
512 768 1536 692 786 1405
768 768 1536 835 804 1380
1024 768 1536 995 806 1487
1280 768 1536 1170 849 1422
1536 768 1536 1349 890 1424
1792 768 1536 1539 932 1442
2048 768 1536 1739 975 1465
2303 768 1536 1944 1019 1487
2559 768 1536 2154 1065 1509
2815 768 1536 2367 1113 1529
3071 768 1536 2581 1163 1549
3327 768 1536 2797 1215 1568
3583 768 1536 3014 1268 1587
3839 768 1536 3230 1323 1606
4095 768 1536 3453 1373 1623
0 1024 1536 648 1012 1461
256 1024 1536 683 1013 1452
512 1024 1536 783 1017 1431
768 1024 1536 912 1027 1419
1024 1024 1536 1046 1037 1500
1280 1024 1536 1236 1050 1503
1536 1024 1536 1436 1067 1506
1792 1024 1536 1609 1108 1489
2048 1024 1536 1781 1156 1493
2303 1024 1536 1967 1202 1510
2559 1024 1536 2164 1248 1531
2815 1024 1536 2368 1294 1553
3071 1024 1536 2576 1340 1574
3327 1024 1536 2787 1388 1595
3583 1024 1536 3001 1436 1615
3839 1024 1536 3216 1486 1635
4095 1024 1536 3466 1507 1639
0 1280 1536 781 1251 1477
256 1280 1536 808 1251 1474
512 1280 1536 892 1253 1465
768 1280 1536 1006 1259 1462
1024 1280 1536 1115 1274 1507
1280 1280 1536 1289 1285 1516
1536 1280 1536 1481 1298 1520
1792 1280 1536 1680 1314 1524
2048 1280 1536 1885 1333 1529
2303 1280 1536 2064 1371 1537
2559 1280 1536 2227 1424 1557
2815 1280 1536 2408 1474 1580
3071 1280 1536 2600 1522 1604
3327 1280 1536 2799 1569 1627
3583 1280 1536 3005 1616 1649
3839 1280 1536 3226 1655 1664
4095 1280 1536 3486 1666 1659
0 1536 1536 916 1491 1509
256 1536 1536 939 1491 1509
512 1536 1536 1010 1492 1507
768 1536 1536 1112 1496 1509
1024 1536 1536 1209 1511 1523
1280 1536 1536 1354 1525 1533
1536 1536 1536 1536 1536 1536
1792 1536 1536 1728 1549 1540
2048 1536 1536 1927 1564 1545
2303 1536 1536 2130 1582 1551
2559 1536 1536 2337 1601 1557
2815 1536 1536 2524 1636 1577
3071 1536 1536 2679 1694 1617
3327 1536 1536 2854 1746 1651
3583 1536 1536 3037 1798 1682
3839 1536 1536 3255 1833 1695
4095 1536 1536 3511 1844 1684
0 1792 1536 1053 1733 1551
256 1792 1536 1072 1733 1552
512 1792 1536 1133 1733 1554
768 1792 1536 1227 1735 1559
1024 1792 1536 1327 1746 1563
1280 1792 1536 1428 1767 1553
1536 1792 1536 1600 1776 1556
1792 1792 1536 1783 1787 1560
2048 1792 1536 1976 1800 1565
2303 1792 1536 2173 1815 1570
2559 1792 1536 2376 1832 1576
2815 1792 1536 2583 1850 1584
3071 1792 1536 2792 1871 1591
3327 1792 1536 2926 1934 1664
3583 1792 1536 3083 1991 1717
3839 1792 1536 3290 2026 1732
4095 1792 1536 3541 2038 1714
0 2048 1536 1196 1975 1598
256 2048 1536 1211 1975 1600
512 2048 1536 1265 1975 1605
768 2048 1536 1349 1976 1612
1024 2048 1536 1447 1983 1616
1280 2048 1536 1535 2003 1595
1536 2048 1536 1672 2019 1579
1792 2048 1536 1847 2028 1583
2048 2048 1536 2032 2039 1588
2303 2048 1536 2224 2052 1593
2559 2048 1536 2422 2067 1599
2815 2048 1536 2624 2083 1606
3071 2048 1536 2830 2101 1614
3327 2048 1536 3017 2130 1648
3583 2048 1536 3139 2193 1751
3839 2048 1536 3332 2230 1775
4095 2048 1536 3577 2242 1749
0 2303 1536 1335 2217 1648
256 2303 1536 1349 2217 1650
512 2303 1536 1397 2217 1656
768 2303 1536 1474 2218 1666
1024 2303 1536 1570 2222 1673
1280 2303 1536 1668 2234 1665
1536 2303 1536 1751 2262 1605
1792 2303 1536 1918 2270 1609
2048 2303 1536 2095 2280 1614
2303 2303 1536 2281 2291 1619
2559 2303 1536 2474 2304 1625
2815 2303 1536 2671 2318 1632
3071 2303 1536 2873 2334 1640
3327 2303 1536 3068 2354 1665
3583 2303 1536 3211 2399 1770
3839 2303 1536 3380 2440 1823
4095 2303 1536 3617 2454 1789
0 2559 1536 1478 2461 1702
256 2559 1536 1491 2461 1704
512 2559 1536 1533 2460 1711
768 2559 1536 1604 2461 1721
1024 2559 1536 1695 2464 1731
1280 2559 1536 1796 2471 1733
1536 2559 1536 1894 2488 1708
1792 2559 1536 1999 2513 1646
2048 2559 1536 2173 2519 1665
2303 2559 1536 2351 2528 1686
2559 2559 1536 2532 2540 1707
2815 2559 1536 2716 2555 1728
3071 2559 1536 2901 2574 1750
3327 2559 1536 3088 2595 1773
3583 2559 1536 3276 2618 1795
3839 2559 1536 3437 2656 1874
4095 2559 1536 3663 2672 1835
0 2815 1536 1622 2705 1758
256 2815 1536 1633 2704 1760
512 2815 1536 1671 2704 1767
768 2815 1536 1736 2704 1778
1024 2815 1536 1822 2706 1790
1280 2815 1536 1921 2711 1798
1536 2815 1536 2024 2723 1790
1792 2815 1536 2131 2741 1756
2048 2815 1536 2284 2749 1769
2303 2815 1536 2445 2760 1785
2559 2815 1536 2612 2773 1801
2815 2815 1536 2785 2788 1819
3071 2815 1536 2962 2806 1838
3327 2815 1536 3142 2826 1858
3583 2815 1536 3325 2849 1878
3839 2815 1536 3507 2874 1910
4095 2815 1536 3713 2895 1888
0 3071 1536 1765 2949 1816
256 3071 1536 1775 2949 1818
512 3071 1536 1810 2949 1825
768 3071 1536 1870 2949 1836
1024 3071 1536 1950 2950 1849
1280 3071 1536 2047 2953 1861
1536 3071 1536 2151 2961 1863
1792 3071 1536 2259 2974 1848
2048 3071 1536 2398 2983 1857
2303 3071 1536 2547 2994 1870
2559 3071 1536 2705 3007 1884
2815 3071 1536 2869 3021 1899
3071 3071 1536 3039 3038 1916
3327 3071 1536 3213 3057 1933
3583 3071 1536 3391 3077 1951
3839 3071 1536 3571 3100 1971
4095 3071 1536 3768 3122 1949
0 3327 1536 1909 3194 1877
256 3327 1536 1918 3193 1879
512 3327 1536 1950 3193 1885
768 3327 1536 2005 3193 1896
1024 3327 1536 2081 3194 1910
1280 3327 1536 2174 3196 1924
1536 3327 1536 2276 3201 1933
1792 3327 1536 2384 3211 1929
2048 3327 1536 2513 3220 1937
2303 3327 1536 2654 3230 1948
2559 3327 1536 2803 3242 1960
2815 3327 1536 2961 3256 1974
3071 3327 1536 3124 3271 1988
3327 3327 1536 3292 3289 2004
3583 3327 1536 3465 3308 2020
3839 3327 1536 3642 3329 2038
4095 3327 1536 3827 3351 2031
0 3583 1536 2054 3438 1939
256 3583 1536 2062 3438 1941
512 3583 1536 2091 3438 1947
768 3583 1536 2142 3438 1957
1024 3583 1536 2213 3438 1972
1280 3583 1536 2302 3440 1987
1536 3583 1536 2402 3444 2000
1792 3583 1536 2509 3451 2005
2048 3583 1536 2631 3459 2012
2303 3583 1536 2763 3469 2022
2559 3583 1536 2906 3480 2033
2815 3583 1536 3057 3492 2044
3071 3583 1536 3215 3506 2057
3327 3583 1536 3378 3522 2072
3583 3583 1536 3546 3540 2087
3839 3583 1536 3719 3559 2103
4095 3583 1536 3895 3580 2120
0 3839 1536 2198 3683 2003
256 3839 1536 2205 3683 2005
512 3839 1536 2232 3683 2011
768 3839 1536 2280 3683 2021
1024 3839 1536 2347 3683 2035
1280 3839 1536 2431 3684 2051
1536 3839 1536 2528 3687 2067
1792 3839 1536 2634 3692 2077
2048 3839 1536 2749 3700 2084
2303 3839 1536 2875 3708 2093
2559 3839 1536 3012 3718 2103
2815 3839 1536 3157 3730 2113
3071 3839 1536 3309 3743 2125
3327 3839 1536 3468 3758 2138
3583 3839 1536 3631 3774 2152
3839 3839 1536 3800 3791 2167
4095 3839 1536 3972 3810 2183
0 4095 1536 2249 3949 1978
256 4095 1536 2255 3949 1978
512 4095 1536 2276 3950 1978
768 4095 1536 2315 3952 1979
1024 4095 1536 2371 3955 1979
1280 4095 1536 2444 3958 1979
1536 4095 1536 2535 3962 1981
1792 4095 1536 2640 3968 1982
2048 4095 1536 2759 3974 1984
2303 4095 1536 2889 3982 1985
2559 4095 1536 3030 3990 1987
2815 4095 1536 3181 3999 1988
3071 4095 1536 3339 4010 1988
3327 4095 1536 3505 4021 1986
3583 4095 1536 3676 4034 1980
3839 4095 1536 3854 4048 1967
4095 4095 1536 4021 4046 1931
0 0 1792 417 311 1722
256 0 1792 438 302 1718
512 0 1792 576 321 1710
768 0 1792 755 354 1700
1024 0 1792 949 397 1693
1280 0 1792 1150 448 1692
1536 0 1792 1355 504 1693
1792 0 1792 1563 563 1698
2048 0 1792 1773 626 1706
2303 0 1792 1983 689 1715
2559 0 1792 2196 754 1726
2815 0 1792 2409 820 1738
3071 0 1792 2623 887 1751
3327 0 1792 2837 954 1765
3583 0 1792 3052 1022 1779
3839 0 1792 3267 1091 1795
4095 0 1792 3483 1159 1811
0 256 1792 407 376 1717
256 256 1792 468 385 1695
512 256 1792 611 413 1648
768 256 1792 771 439 1653
1024 256 1792 953 473 1660
1280 256 1792 1149 515 1669
1536 256 1792 1351 564 1677
1792 256 1792 1558 616 1688
2048 256 1792 1768 673 1699
2303 256 1792 1978 731 1711
2559 256 1792 2191 792 1724
2815 256 1792 2404 855 1737
3071 256 1792 2619 919 1751
3327 256 1792 2833 983 1766
3583 256 1792 3048 1049 1781
3839 256 1792 3264 1115 1797
4095 256 1792 3479 1182 1813
0 512 1792 469 565 1709
256 512 1792 521 570 1690
512 512 1792 657 589 1634
768 512 1792 814 621 1575
1024 512 1792 974 650 1590
1280 512 1792 1153 683 1616
1536 512 1792 1347 721 1640
1792 512 1792 1548 763 1662
2048 512 1792 1755 809 1683
2303 512 1792 1964 858 1701
2559 512 1792 2177 910 1719
2815 512 1792 2391 964 1736
3071 512 1792 2605 1020 1753
3327 512 1792 2821 1078 1770
3583 512 1792 3036 1138 1787
3839 512 1792 3252 1198 1803
4095 512 1792 3469 1260 1821
0 768 1792 564 789 1699
256 768 1792 605 791 1686
512 768 1792 722 801 1645
768 768 1792 868 820 1600
1024 768 1792 1019 840 1615
1280 768 1792 1188 871 1619
1536 768 1792 1366 908 1629
1792 768 1792 1554 946 1650
2048 768 1792 1752 987 1673
2303 768 1792 1956 1030 1697
2559 768 1792 2164 1076 1719
2815 768 1792 2376 1123 1740
3071 768 1792 2589 1172 1760
3327 768 1792 2804 1223 1780
3583 768 1792 3020 1276 1798
3839 768 1792 3236 1330 1817
4095 768 1792 3459 1379 1834
0 1024 1792 674 1023 1700
256 1024 1792 707 1024 1691
512 1024 1792 807 1029 1663
768 1024 1792 941 1040 1632
1024 1024 1792 1081 1055 1647
1280 1024 1792 1249 1058 1744
1536 1024 1792 1441 1080 1733
1792 1024 1792 1609 1127 1693
2048 1024 1792 1787 1171 1696
2303 1024 1792 1975 1215 1712
2559 1024 1792 2172 1259 1733
2815 1024 1792 2375 1303 1755
3071 1024 1792 2583 1349 1777
3327 1024 1792 2793 1396 1798
3583 1024 1792 3006 1444 1818
3839 1024 1792 3221 1493 1838
4095 1024 1792 3470 1514 1848
0 1280 1792 803 1260 1705
256 1280 1792 829 1261 1700
512 1280 1792 912 1263 1686
768 1280 1792 1030 1269 1669
1024 1280 1792 1157 1282 1683
1280 1280 1792 1301 1292 1755
1536 1280 1792 1491 1305 1758
1792 1280 1792 1689 1321 1761
2048 1280 1792 1893 1339 1766
2303 1280 1792 2054 1389 1754
2559 1280 1792 2225 1438 1763
2815 1280 1792 2409 1485 1782
3071 1280 1792 2603 1532 1803
3327 1280 1792 2803 1578 1825
3583 1280 1792 3009 1624 1846
3839 1280 1792 3229 1662 1864
4095 1280 1792 3490 1671 1866
0 1536 1792 932 1499 1728
256 1536 1792 954 1500 1726
512 1536 1792 1026 1500 1719
768 1536 1792 1132 1504 1712
1024 1536 1792 1247 1514 1722
1280 1536 1792 1365 1530 1769
1536 1536 1792 1545 1541 1772
1792 1536 1792 1736 1554 1775
2048 1536 1792 1934 1569 1779
2303 1536 1792 2136 1587 1784
2559 1536 1792 2343 1606 1789
2815 1536 1792 2509 1653 1804
3071 1536 1792 2673 1706 1827
3327 1536 1792 2852 1757 1852
3583 1536 1792 3039 1806 1877
3839 1536 1792 3258 1840 1891
4095 1536 1792 3515 1850 1888
0 1792 1792 1067 1740 1761
256 1792 1792 1086 1740 1761
512 1792 1792 1148 1740 1759
768 1792 1792 1243 1742 1759
1024 1792 1792 1351 1750 1765
1280 1792 1792 1438 1772 1786
1536 1792 1792 1609 1781 1789
1792 1792 1792 1791 1792 1792
2048 1792 1792 1983 1805 1796
2303 1792 1792 2180 1819 1801
2559 1792 1792 2382 1836 1806
2815 1792 1792 2588 1855 1812
3071 1792 1792 2797 1875 1819
3327 1792 1792 2920 1944 1873
3583 1792 1792 3084 1999 1910
3839 1792 1792 3293 2032 1924
4095 1792 1792 3545 2042 1914
0 2048 1792 1209 1981 1802
256 2048 1792 1225 1981 1803
512 2048 1792 1278 1981 1804
768 2048 1792 1362 1982 1808
1024 2048 1792 1463 1988 1813
1280 2048 1792 1552 2006 1813
1536 2048 1792 1680 2023 1808
1792 2048 1792 1855 2032 1812
2048 2048 1792 2039 2043 1816
2303 2048 1792 2230 2056 1820
2559 2048 1792 2428 2070 1825
2815 2048 1792 2629 2087 1831
3071 2048 1792 2834 2104 1838
3327 2048 1792 3000 2143 1880
3583 2048 1792 3138 2201 1945
3839 2048 1792 3334 2235 1963
4095 2048 1792 3580 2246 1946
0 2303 1792 1347 2222 1848
256 2303 1792 1361 2222 1849
512 2303 1792 1408 2222 1853
768 2303 1792 1486 2223 1859
1024 2303 1792 1581 2227 1866
1280 2303 1792 1678 2239 1864
1536 2303 1792 1759 2265 1831
1792 2303 1792 1925 2273 1834
2048 2303 1792 2102 2283 1838
2303 2303 1792 2287 2294 1842
2559 2303 1792 2479 2307 1848
2815 2303 1792 2676 2321 1854
3071 2303 1792 2877 2337 1860
3327 2303 1792 3081 2354 1867
3583 2303 1792 3204 2408 1974
3839 2303 1792 3382 2445 2008
4095 2303 1792 3620 2457 1982
0 2559 1792 1490 2465 1898
256 2559 1792 1502 2465 1900
512 2559 1792 1544 2464 1904
768 2559 1792 1614 2465 1912
1024 2559 1792 1704 2468 1920
1280 2559 1792 1803 2476 1923
1536 2559 1792 1894 2495 1901
1792 2559 1792 2002 2517 1859
2048 2559 1792 2172 2525 1863
2303 2559 1792 2350 2535 1868
2559 2559 1792 2536 2547 1873
2815 2559 1792 2729 2559 1878
3071 2559 1792 2925 2573 1885
3327 2559 1792 3126 2589 1892
3583 2559 1792 3294 2617 1961
3839 2559 1792 3437 2661 2056
4095 2559 1792 3666 2675 2022
0 2815 1792 1632 2708 1951
256 2815 1792 1643 2708 1952
512 2815 1792 1680 2708 1958
768 2815 1792 1744 2708 1966
1024 2815 1792 1830 2710 1976
1280 2815 1792 1927 2715 1982
1536 2815 1792 2026 2728 1974
1792 2815 1792 2116 2751 1927
2048 2815 1792 2247 2769 1891
2303 2815 1792 2419 2778 1895
2559 2815 1792 2599 2788 1901
2815 2815 1792 2786 2799 1906
3071 2815 1792 2977 2812 1924
3327 2815 1792 3168 2827 1949
3583 2815 1792 3359 2845 1973
3839 2815 1792 3503 2880 2100
4095 2815 1792 3717 2898 2069
0 3071 1792 1774 2952 2005
256 3071 1792 1784 2952 2007
512 3071 1792 1818 2952 2012
768 3071 1792 1877 2952 2021
1024 3071 1792 1957 2953 2032
1280 3071 1792 2052 2957 2042
1536 3071 1792 2153 2965 2043
1792 3071 1792 2253 2981 2021
2048 3071 1792 2352 3005 1960
2303 3071 1792 2515 3012 1975
2559 3071 1792 2686 3021 1993
2815 3071 1792 2861 3033 2012
3071 3071 1792 3039 3046 2032
3327 3071 1792 3220 3062 2052
3583 3071 1792 3402 3080 2073
3839 3071 1792 3587 3101 2096
4095 3071 1792 3771 3125 2122
0 3327 1792 1916 3196 2061
256 3327 1792 1925 3196 2063
512 3327 1792 1956 3196 2068
768 3327 1792 2011 3196 2077
1024 3327 1792 2087 3197 2090
1280 3327 1792 2179 3199 2102
1536 3327 1792 2279 3205 2108
1792 3327 1792 2383 3216 2101
2048 3327 1792 2485 3234 2066
2303 3327 1792 2631 3243 2075
2559 3327 1792 2788 3253 2090
2815 3327 1792 2951 3265 2105
3071 3327 1792 3119 3279 2122
3327 3327 1792 3292 3295 2139
3583 3327 1792 3468 3312 2158
3839 3327 1792 3647 3332 2177
4095 3327 1792 3831 3353 2187
0 3583 1792 2060 3441 2119
256 3583 1792 2068 3441 2121
512 3583 1792 2097 3440 2126
768 3583 1792 2148 3440 2136
1024 3583 1792 2219 3441 2149
1280 3583 1792 2307 3442 2162
1536 3583 1792 2405 3447 2172
1792 3583 1792 2509 3455 2174
2048 3583 1792 2615 3468 2158
2303 3583 1792 2749 3478 2163
2559 3583 1792 2895 3488 2175
2815 3583 1792 3049 3499 2189
3071 3583 1792 3210 3513 2203
3327 3583 1792 3375 3528 2219
3583 3583 1792 3545 3544 2235
3839 3583 1792 3719 3563 2252
4095 3583 1792 3894 3583 2286
0 3839 1792 2203 3685 2179
256 3839 1792 2211 3685 2180
512 3839 1792 2237 3685 2186
768 3839 1792 2285 3685 2195
1024 3839 1792 2352 3685 2208
1280 3839 1792 2436 3686 2223
1536 3839 1792 2531 3689 2236
1792 3839 1792 2635 3695 2243
2048 3839 1792 2743 3705 2240
2303 3839 1792 2867 3714 2244
2559 3839 1792 3006 3724 2254
2815 3839 1792 3152 3735 2266
3071 3839 1792 3306 3748 2279
3327 3839 1792 3465 3762 2293
3583 3839 1792 3630 3778 2308
3839 3839 1792 3799 3795 2323
4095 3839 1792 3972 3814 2340
0 4095 1792 2255 3951 2159
256 4095 1792 2260 3951 2159
512 4095 1792 2282 3952 2159
768 4095 1792 2320 3954 2159
1024 4095 1792 2376 3957 2159
1280 4095 1792 2450 3960 2161
1536 4095 1792 2540 3964 2162
1792 4095 1792 2644 3970 2163
2048 4095 1792 2763 3976 2165
2303 4095 1792 2893 3983 2167
2559 4095 1792 3033 3992 2168
2815 4095 1792 3184 4001 2169
3071 4095 1792 3342 4012 2170
3327 4095 1792 3508 4023 2169
3583 4095 1792 3679 4036 2162
3839 4095 1792 3856 4049 2151
4095 4095 1792 4021 4045 2115
0 0 2048 476 355 1966
256 0 2048 486 343 1967
512 0 2048 613 360 1956
768 0 2048 784 389 1947
1024 0 2048 973 428 1939
1280 0 2048 1171 475 1935
1536 0 2048 1373 527 1934
1792 0 2048 1579 584 1936
2048 0 2048 1787 644 1941
2303 0 2048 1996 705 1949
2559 0 2048 2207 768 1958
2815 0 2048 2419 833 1968
3071 0 2048 2632 899 1979
3327 0 2048 2845 966 1992
3583 0 2048 3059 1033 2005
3839 0 2048 3274 1100 2019
4095 0 2048 3489 1168 2034
0 256 2048 460 409 1963
256 256 2048 513 417 1945
512 256 2048 649 443 1901
768 256 2048 802 467 1901
1024 256 2048 980 499 1904
1280 256 2048 1172 538 1909
1536 256 2048 1371 584 1915
1792 256 2048 1575 635 1923
2048 256 2048 1783 689 1932
2303 256 2048 1991 746 1943
2559 256 2048 2202 806 1954
2815 256 2048 2415 868 1966
3071 256 2048 2628 930 1978
3327 256 2048 2841 994 1991
3583 256 2048 3056 1059 2005
3839 256 2048 3270 1125 2020
4095 256 2048 3485 1191 2035
0 512 2048 515 586 1955
256 512 2048 562 591 1938
512 512 2048 693 610 1885
768 512 2048 851 643 1818
1024 512 2048 1007 672 1821
1280 512 2048 1181 703 1845
1536 512 2048 1370 739 1867
1792 512 2048 1568 779 1888
2048 512 2048 1772 823 1908
2303 512 2048 1979 871 1926
2559 512 2048 2189 922 1943
2815 512 2048 2401 975 1959
3071 512 2048 2615 1031 1975
3327 512 2048 2829 1088 1991
3583 512 2048 3044 1147 2007
3839 512 2048 3259 1207 2023
4095 512 2048 3475 1268 2040
0 768 2048 603 804 1943
256 768 2048 641 807 1930
512 768 2048 754 817 1890
768 768 2048 901 837 1835
1024 768 2048 1052 864 1807
1280 768 2048 1213 892 1820
1536 768 2048 1388 926 1838
1792 768 2048 1574 962 1861
2048 768 2048 1769 1002 1886
2303 768 2048 1971 1043 1910
2559 768 2048 2177 1087 1933
2815 768 2048 2387 1134 1955
3071 768 2048 2599 1182 1975
3327 768 2048 2813 1232 1994
3583 768 2048 3027 1284 2013
3839 768 2048 3243 1338 2031
4095 768 2048 3461 1391 2049
0 1024 2048 708 1035 1938
256 1024 2048 739 1036 1929
512 1024 2048 835 1041 1900
768 1024 2048 970 1053 1860
1024 1024 2048 1113 1071 1840
1280 1024 2048 1266 1081 1919
1536 1024 2048 1445 1105 1919
1792 1024 2048 1618 1146 1893
2048 1024 2048 1798 1187 1899
2303 1024 2048 1986 1228 1916
2559 1024 2048 2183 1271 1938
2815 1024 2048 2385 1314 1960
3071 1024 2048 2592 1359 1983
3327 1024 2048 2802 1405 2005
3583 1024 2048 3014 1452 2026
3839 1024 2048 3227 1501 2046
4095 1024 2048 3474 1522 2061
0 1280 2048 829 1270 1938
256 1280 2048 855 1271 1932
512 1280 2048 936 1274 1914
768 1280 2048 1055 1281 1888
1024 1280 2048 1189 1293 1878
1280 1280 2048 1325 1305 1940
1536 1280 2048 1503 1313 1998
1792 1280 2048 1699 1328 2001
2048 1280 2048 1887 1357 1985
2303 1280 2048 2051 1406 1962
2559 1280 2048 2228 1452 1968
2815 1280 2048 2415 1498 1983
3071 1280 2048 2609 1542 2004
3327 1280 2048 2810 1587 2025
3583 1280 2048 3015 1633 2047
3839 1280 2048 3234 1671 2067
4095 1280 2048 3494 1679 2077
0 1536 2048 954 1508 1954
256 1536 2048 975 1509 1951
512 1536 2048 1045 1510 1939
768 1536 2048 1153 1514 1924
1024 1536 2048 1276 1523 1920
1280 1536 2048 1398 1537 1963
1536 1536 2048 1557 1547 2010
1792 1536 2048 1746 1560 2013
2048 1536 2048 1943 1576 2017
2303 1536 2048 2144 1593 2021
2559 1536 2048 2347 1614 2024
2815 1536 2048 2500 1670 2021
3071 1536 2048 2670 1720 2034
3327 1536 2048 2853 1768 2053
3583 1536 2048 3043 1816 2075
3839 1536 2048 3262 1848 2092
4095 1536 2048 3519 1856 2097
0 1792 2048 1087 1748 1978
256 1792 2048 1105 1748 1977
512 1792 2048 1165 1748 1972
768 1792 2048 1261 1751 1965
1024 1792 2048 1375 1757 1965
1280 1792 2048 1484 1772 1990
1536 1792 2048 1620 1786 2025
1792 1792 2048 1801 1797 2028
2048 1792 2048 1991 1810 2031
2303 1792 2048 2187 1825 2035
2559 1792 2048 2389 1841 2040
2815 1792 2048 2594 1860 2045
3071 1792 2048 2802 1880 2051
3327 1792 2048 2919 1955 2080
3583 1792 2048 3086 2007 2107
3839 1792 2048 3297 2039 2122
4095 1792 2048 3549 2048 2122
0 2048 2048 1225 1988 2012
256 2048 2048 1241 1988 2011
512 2048 2048 1293 1988 2010
768 2048 2048 1378 1989 2010
1024 2048 2048 1482 1995 2012
1280 2048 2048 1585 2007 2023
1536 2048 2048 1691 2027 2042
1792 2048 2048 1864 2037 2045
2048 2048 2048 2047 2048 2048
2303 2048 2048 2238 2060 2052
2559 2048 2048 2434 2075 2057
2815 2048 2048 2635 2091 2062
3071 2048 2048 2840 2109 2067
3327 2048 2048 2992 2155 2101
3583 2048 2048 3139 2209 2142
3839 2048 2048 3338 2241 2158
4095 2048 2048 3584 2251 2150
0 2303 2048 1362 2228 2053
256 2303 2048 1376 2228 2053
512 2303 2048 1422 2228 2055
768 2303 2048 1500 2229 2058
1024 2303 2048 1596 2233 2062
1280 2303 2048 1696 2243 2067
1536 2303 2048 1772 2268 2062
1792 2303 2048 1934 2277 2064
2048 2303 2048 2110 2287 2067
2303 2303 2048 2294 2298 2071
2559 2303 2048 2485 2311 2076
2815 2303 2048 2682 2325 2081
3071 2303 2048 2883 2341 2087
3327 2303 2048 3086 2358 2093
3583 2303 2048 3201 2416 2175
3839 2303 2048 3385 2450 2198
4095 2303 2048 3624 2462 2182
0 2559 2048 1501 2470 2099
256 2559 2048 1513 2470 2099
512 2559 2048 1555 2470 2102
768 2559 2048 1625 2470 2107
1024 2559 2048 1716 2473 2114
1280 2559 2048 1816 2481 2118
1536 2559 2048 1905 2499 2109
1792 2559 2048 2010 2520 2086
2048 2559 2048 2179 2529 2089
2303 2559 2048 2357 2539 2093
2559 2559 2048 2543 2550 2098
2815 2559 2048 2734 2563 2103
3071 2559 2048 2931 2577 2108
3327 2559 2048 3131 2592 2114
3583 2559 2048 3281 2628 2190
3839 2559 2048 3440 2666 2244
4095 2559 2048 3670 2680 2219
0 2815 2048 1642 2713 2148
256 2815 2048 1653 2713 2149
512 2815 2048 1691 2712 2153
768 2815 2048 1755 2713 2159
1024 2815 2048 1840 2715 2167
1280 2815 2048 1937 2720 2173
1536 2815 2048 2033 2733 2168
1792 2815 2048 2114 2758 2130
2048 2815 2048 2254 2772 2114
2303 2815 2048 2425 2781 2118
2559 2815 2048 2605 2791 2122
2815 2815 2048 2792 2802 2127
3071 2815 2048 2984 2815 2132
3327 2815 2048 3180 2829 2138
3583 2815 2048 3379 2844 2145
3839 2815 2048 3502 2886 2290
4095 2815 2048 3720 2902 2260
0 3071 2048 1783 2956 2199
256 3071 2048 1792 2956 2200
512 3071 2048 1827 2956 2204
768 3071 2048 1886 2956 2212
1024 3071 2048 1966 2957 2221
1280 3071 2048 2060 2961 2229
1536 3071 2048 2159 2970 2230
1792 3071 2048 2253 2987 2209
2048 3071 2048 2334 3016 2141
2303 3071 2048 2499 3024 2144
2559 3071 2048 2673 3033 2149
2815 3071 2048 2854 3044 2154
3071 3071 2048 3042 3055 2159
3327 3071 2048 3233 3067 2165
3583 3071 2048 3429 3081 2171
3839 3071 2048 3581 3107 2308
4095 3071 2048 3775 3128 2307
0 3327 2048 1925 3200 2252
256 3327 2048 1934 3200 2253
512 3327 2048 1965 3199 2258
768 3327 2048 2020 3199 2266
1024 3327 2048 2096 3200 2276
1280 3327 2048 2186 3203 2286
1536 3327 2048 2285 3209 2292
1792 3327 2048 2384 3221 2283
2048 3327 2048 2479 3242 2246
2303 3327 2048 2578 3268 2174
2559 3327 2048 2746 3276 2178
2815 3327 2048 2923 3285 2187
3071 3327 2048 3107 3294 2209
3327 3327 2048 3293 3305 2232
3583 3327 2048 3479 3319 2255
3839 3327 2048 3665 3335 2278
4095 3327 2048 3835 3357 2360
0 3583 2048 2068 3444 2307
256 3583 2048 2076 3444 2309
512 3583 2048 2105 3443 2313
768 3583 2048 2156 3443 2322
1024 3583 2048 2227 3444 2333
1280 3583 2048 2313 3445 2344
1536 3583 2048 2410 3450 2353
1792 3583 2048 2512 3459 2352
2048 3583 2048 2613 3473 2334
2303 3583 2048 2709 3496 2279
2559 3583 2048 2860 3506 2283
2815 3583 2048 3026 3515 2299
3071 3583 2048 3195 3525 2317
3327 3583 2048 3369 3538 2336
3583 3583 2048 3545 3552 2355
3839 3583 2048 3724 3569 2374
4095 3583 2048 3898 3587 2439
0 3839 2048 2211 3688 2364
256 3839 2048 2218 3688 2365
512 3839 2048 2245 3688 2370
768 3839 2048 2293 3687 2379
1024 3839 2048 2359 3688 2390
1280 3839 2048 2442 3689 2402
1536 3839 2048 2536 3692 2413
1792 3839 2048 2638 3699 2419
2048 3839 2048 2743 3709 2413
2303 3839 2048 2854 3723 2397
2559 3839 2048 2992 3733 2403
2815 3839 2048 3139 3745 2407
3071 3839 2048 3294 3758 2412
3327 3839 2048 3458 3771 2425
3583 3839 2048 3626 3785 2442
3839 3839 2048 3799 3801 2460
4095 3839 2048 3974 3819 2478
0 4095 2048 2262 3953 2350
256 4095 2048 2268 3953 2350
512 4095 2048 2289 3954 2350
768 4095 2048 2327 3956 2350
1024 4095 2048 2383 3959 2351
1280 4095 2048 2456 3962 2353
1536 4095 2048 2545 3966 2354
1792 4095 2048 2650 3972 2355
2048 4095 2048 2768 3978 2357
2303 4095 2048 2898 3985 2359
2559 4095 2048 3039 3994 2361
2815 4095 2048 3188 4003 2362
3071 4095 2048 3346 4014 2362
3327 4095 2048 3511 4025 2362
3583 4095 2048 3682 4038 2356
3839 4095 2048 3860 4051 2346
4095 4095 2048 4022 4045 2310
0 0 2303 534 399 2208
256 0 2303 543 388 2211
512 0 2303 652 399 2202
768 0 2303 814 425 2193
1024 0 2303 998 460 2184
1280 0 2303 1192 504 2178
1536 0 2303 1392 553 2174
1792 0 2303 1596 607 2175
2048 0 2303 1802 664 2178
2303 0 2303 2009 724 2183
2559 0 2303 2219 785 2190
2815 0 2303 2430 849 2199
3071 0 2303 2642 913 2209
3327 0 2303 2854 979 2220
3583 0 2303 3067 1045 2232
3839 0 2303 3281 1111 2245
4095 0 2303 3495 1179 2258
0 256 2303 513 443 2209
256 256 2303 558 450 2196
512 256 2303 686 474 2155
768 256 2303 835 497 2148
1024 256 2303 1008 526 2149
1280 256 2303 1196 564 2151
1536 256 2303 1392 608 2154
1792 256 2303 1594 656 2160
2048 256 2303 1799 708 2167
2303 256 2303 2005 764 2175
2559 256 2303 2215 822 2185
2815 256 2303 2426 882 2195
3071 256 2303 2638 944 2206
3327 256 2303 2850 1007 2218
3583 256 2303 3064 1071 2231
3839 256 2303 3278 1136 2245
4095 256 2303 3492 1202 2258
0 512 2303 562 610 2200
256 512 2303 606 614 2185
512 512 2303 730 633 2135
768 512 2303 887 665 2066
1024 512 2303 1041 695 2058
1280 512 2303 1211 724 2078
1536 512 2303 1395 758 2098
1792 512 2303 1590 797 2117
2048 512 2303 1791 840 2135
2303 512 2303 1995 886 2152
2559 512 2303 2204 936 2168
2815 512 2303 2414 989 2184
3071 512 2303 2626 1043 2199
3327 512 2303 2839 1100 2215
3583 512 2303 3052 1158 2230
3839 512 2303 3267 1217 2245
4095 512 2303 3482 1278 2260
0 768 2303 642 820 2189
256 768 2303 679 823 2176
512 768 2303 788 834 2136
768 768 2303 934 854 2078
1024 768 2303 1088 884 2028
1280 768 2303 1244 914 2029
1536 768 2303 1415 945 2051
1792 768 2303 1597 979 2076
2048 768 2303 1790 1017 2102
2303 768 2303 1988 1057 2127
2559 768 2303 2193 1100 2150
2815 768 2303 2401 1146 2171
3071 768 2303 2611 1193 2192
3327 768 2303 2823 1243 2211
3583 768 2303 3036 1295 2230
3839 768 2303 3251 1348 2248
4095 768 2303 3470 1399 2266
0 1024 2303 739 1047 2184
256 1024 2303 770 1049 2174
512 1024 2303 866 1055 2140
768 1024 2303 1000 1068 2095
1024 1024 2303 1146 1088 2056
1280 1024 2303 1295 1108 2069
1536 1024 2303 1462 1129 2102
1792 1024 2303 1634 1166 2091
2048 1024 2303 1814 1204 2102
2303 1024 2303 2002 1243 2122
2559 1024 2303 2197 1284 2144
2815 1024 2303 2398 1326 2168
3071 1024 2303 2604 1370 2191
3327 1024 2303 2812 1415 2214
3583 1024 2303 3023 1462 2235
3839 1024 2303 3236 1510 2256
4095 1024 2303 3479 1533 2276
0 1280 2303 857 1281 2177
256 1280 2303 882 1282 2170
512 1280 2303 963 1286 2147
768 1280 2303 1082 1293 2115
1024 1280 2303 1218 1307 2089
1280 1280 2303 1359 1323 2103
1536 1280 2303 1516 1322 2239
1792 1280 2303 1711 1337 2242
2048 1280 2303 1885 1380 2184
2303 1280 2303 2056 1424 2164
2559 1280 2303 2235 1468 2170
2815 1280 2303 2423 1511 2185
3071 1280 2303 2618 1554 2205
3327 1280 2303 2818 1598 2227
3583 1280 2303 3023 1643 2249
3839 1280 2303 3239 1682 2272
4095 1280 2303 3498 1688 2291
0 1536 2303 978 1518 2185
256 1536 2303 1000 1518 2180
512 1536 2303 1069 1520 2165
768 1536 2303 1176 1525 2144
1024 1536 2303 1303 1534 2127
1280 1536 2303 1434 1547 2140
1536 1536 2303 1570 1555 2249
1792 1536 2303 1757 1568 2252
2048 1536 2303 1953 1583 2255
2303 1536 2303 2153 1600 2259
2559 1536 2303 2332 1636 2241
2815 1536 2303 2496 1687 2230
3071 1536 2303 2671 1734 2238
3327 1536 2303 2856 1780 2254
3583 1536 2303 3048 1826 2274
3839 1536 2303 3268 1857 2295
4095 1536 2303 3523 1864 2310
0 1792 2303 1106 1756 2202
256 1792 2303 1125 1757 2199
512 1792 2303 1186 1758 2190
768 1792 2303 1282 1760 2178
1024 1792 2303 1398 1767 2169
1280 1792 2303 1520 1778 2180
1536 1792 2303 1633 1792 2260
1792 1792 2303 1812 1803 2265
2048 1792 2303 2001 1816 2268
2303 1792 2303 2196 1831 2271
2559 1792 2303 2397 1847 2275
2815 1792 2303 2601 1866 2280
3071 1792 2303 2792 1896 2282
3327 1792 2303 2923 1965 2287
3583 1792 2303 3091 2016 2305
3839 1792 2303 3302 2047 2323
4095 1792 2303 3553 2055 2332
0 2048 2303 1242 1996 2228
256 2048 2303 1257 1996 2226
512 2048 2303 1310 1996 2222
768 2048 2303 1396 1998 2216
1024 2048 2303 1503 2002 2213
1280 2048 2303 1616 2012 2222
1536 2048 2303 1714 2031 2265
1792 2048 2303 1874 2042 2279
2048 2048 2303 2057 2053 2283
2303 2048 2303 2246 2066 2286
2559 2048 2303 2442 2080 2290
2815 2048 2303 2642 2096 2295
3071 2048 2303 2846 2114 2300
3327 2048 2303 2992 2164 2315
3583 2048 2303 3142 2217 2339
3839 2048 2303 3343 2249 2356
4095 2048 2303 3589 2258 2358
0 2303 2303 1376 2235 2263
256 2303 2303 1389 2235 2262
512 2303 2303 1436 2235 2261
768 2303 2303 1514 2236 2260
1024 2303 2303 1614 2240 2261
1280 2303 2303 1720 2248 2267
1536 2303 2303 1813 2266 2284
1792 2303 2303 1944 2282 2297
2048 2303 2303 2119 2292 2300
2303 2303 2303 2302 2303 2303
2559 2303 2303 2493 2315 2307
2815 2303 2303 2689 2329 2311
3071 2303 2303 2889 2345 2316
3327 2303 2303 3080 2367 2327
3583 2303 2303 3203 2424 2374
3839 2303 2303 3390 2457 2393
4095 2303 2303 3629 2468 2387
0 2559 2303 1513 2477 2303
256 2559 2303 1525 2477 2304
512 2559 2303 1567 2477 2305
768 2559 2303 1638 2477 2307
1024 2559 2303 1730 2479 2310
1280 2559 2303 1833 2486 2315
1536 2559 2303 1929 2501 2320
1792 2559 2303 2020 2525 2316
2048 2559 2303 2188 2533 2319
2303 2559 2303 2365 2543 2322
2559 2559 2303 2550 2554 2326
2815 2559 2303 2741 2567 2331
3071 2559 2303 2937 2581 2336
3327 2559 2303 3136 2596 2341
3583 2559 2303 3276 2637 2402
3839 2559 2303 3443 2672 2435
4095 2559 2303 3674 2685 2421
0 2815 2303 1654 2718 2349
256 2815 2303 1665 2718 2349
512 2815 2303 1703 2718 2351
768 2815 2303 1767 2718 2356
1024 2815 2303 1852 2720 2361
1280 2815 2303 1950 2725 2367
1536 2815 2303 2047 2737 2368
1792 2815 2303 2127 2761 2350
2048 2815 2303 2263 2776 2340
2303 2815 2303 2433 2785 2344
2559 2815 2303 2612 2795 2348
2815 2815 2303 2798 2806 2352
3071 2815 2303 2990 2818 2357
3327 2815 2303 3185 2832 2362
3583 2815 2303 3377 2850 2380
3839 2815 2303 3504 2892 2480
4095 2815 2303 3725 2907 2458
0 3071 2303 1793 2961 2396
256 3071 2303 1803 2961 2397
512 3071 2303 1837 2961 2400
768 3071 2303 1897 2961 2406
1024 3071 2303 1977 2962 2413
1280 3071 2303 2071 2966 2421
1536 3071 2303 2169 2974 2423
1792 3071 2303 2260 2992 2409
2048 3071 2303 2343 3019 2364
2303 3071 2303 2507 3027 2368
2559 3071 2303 2680 3037 2371
2815 3071 2303 2861 3047 2376
3071 3071 2303 3047 3058 2381
3327 3071 2303 3239 3071 2386
3583 3071 2303 3434 3084 2392
3839 3071 2303 3576 3114 2517
4095 3071 2303 3780 3132 2499
0 3327 2303 1936 3204 2447
256 3327 2303 1945 3204 2448
512 3327 2303 1976 3204 2452
768 3327 2303 2031 3203 2458
1024 3327 2303 2106 3204 2467
1280 3327 2303 2195 3207 2475
1536 3327 2303 2293 3213 2480
1792 3327 2303 2390 3226 2473
2048 3327 2303 2478 3248 2440
2303 3327 2303 2585 3271 2394
2559 3327 2303 2752 3279 2397
2815 3327 2303 2928 3289 2402
3071 3327 2303 3110 3299 2406
3327 3327 2303 3297 3311 2412
3583 3327 2303 3489 3323 2417
3839 3327 2303 3684 3337 2424
4095 3327 2303 3840 3361 2545
0 3583 2303 2078 3447 2500
256 3583 2303 2086 3447 2501
512 3583 2303 2115 3447 2505
768 3583 2303 2166 3447 2512
1024 3583 2303 2236 3447 2521
1280 3583 2303 2321 3449 2531
1536 3583 2303 2417 3454 2538
1792 3583 2303 2516 3463 2537
2048 3583 2303 2613 3479 2519
2303 3583 2303 2700 3505 2463
2559 3583 2303 2829 3523 2425
2815 3583 2303 3000 3532 2430
3071 3583 2303 3176 3541 2434
3327 3583 2303 3359 3552 2440
3583 3583 2303 3547 3563 2445
3839 3583 2303 3739 3576 2451
4095 3583 2303 3904 3591 2604
0 3839 2303 2220 3691 2554
256 3839 2303 2228 3691 2555
512 3839 2303 2254 3691 2559
768 3839 2303 2301 3691 2566
1024 3839 2303 2367 3691 2576
1280 3839 2303 2449 3692 2587
1536 3839 2303 2543 3696 2596
1792 3839 2303 2642 3703 2601
2048 3839 2303 2743 3714 2592
2303 3839 2303 2854 3728 2579
2559 3839 2303 2989 3740 2578
2815 3839 2303 3131 3753 2572
3071 3839 2303 3282 3769 2557
3327 3839 2303 3441 3786 2531
3583 3839 2303 3617 3798 2539
3839 3839 2303 3799 3811 2560
4095 3839 2303 3982 3825 2581
0 4095 2303 2270 3956 2547
256 4095 2303 2276 3956 2547
512 4095 2303 2297 3957 2548
768 4095 2303 2336 3958 2549
1024 4095 2303 2392 3961 2550
1280 4095 2303 2464 3964 2551
1536 4095 2303 2553 3969 2552
1792 4095 2303 2658 3974 2554
2048 4095 2303 2775 3981 2556
2303 4095 2303 2904 3988 2558
2559 4095 2303 3044 3996 2560
2815 4095 2303 3194 4006 2562
3071 4095 2303 3351 4016 2563
3327 4095 2303 3516 4028 2563
3583 4095 2303 3687 4040 2559
3839 4095 2303 3864 4054 2551
4095 4095 2303 4033 4054 2515
0 0 2559 593 443 2451
256 0 2559 601 434 2455
512 0 2559 694 439 2449
768 0 2559 847 462 2440
1024 0 2559 1025 495 2431
1280 0 2559 1216 535 2423
1536 0 2559 1413 581 2418
1792 0 2559 1615 632 2416
2048 0 2559 1819 687 2417
2303 0 2559 2025 744 2420
2559 0 2559 2233 804 2426
2815 0 2559 2442 866 2433
3071 0 2559 2653 929 2441
3327 0 2559 2864 993 2451
3583 0 2559 3077 1058 2462
3839 0 2559 3290 1124 2473
4095 0 2559 3503 1190 2485
0 256 2559 565 478 2457
256 256 2559 604 484 2447
512 256 2559 725 506 2410
768 256 2559 870 528 2398
1024 256 2559 1038 556 2396
1280 256 2559 1222 591 2395
1536 256 2559 1415 633 2396
1792 256 2559 1614 679 2400
2048 256 2559 1816 730 2404
2303 256 2559 2021 783 2411
2559 256 2559 2229 840 2419
2815 256 2559 2439 899 2428
3071 256 2559 2649 959 2438
3327 256 2559 2861 1021 2448
3583 256 2559 3073 1084 2460
3839 256 2559 3287 1148 2472
4095 256 2559 3500 1213 2485
0 512 2559 611 635 2446
256 512 2559 651 640 2432
512 512 2559 769 657 2386
768 512 2559 923 689 2320
1024 512 2559 1077 719 2300
1280 512 2559 1242 746 2317
1536 512 2559 1422 779 2334
1792 512 2559 1613 816 2351
2048 512 2559 1811 858 2367
2303 512 2559 2013 904 2382
2559 512 2559 2220 952 2397
2815 512 2559 2428 1003 2412
3071 512 2559 2638 1057 2426
3327 512 2559 2850 1113 2441
3583 512 2559 3063 1170 2455
3839 512 2559 3276 1229 2470
4095 512 2559 3490 1289 2484
0 768 2559 685 839 2435
256 768 2559 719 842 2423
512 768 2559 824 852 2385
768 768 2559 969 873 2325
1024 768 2559 1124 904 2264
1280 768 2559 1279 936 2248
1536 768 2559 1444 965 2272
1792 768 2559 1623 998 2298
2048 768 2559 1813 1034 2323
2303 768 2559 2008 1073 2347
2559 768 2559 2210 1115 2370
2815 768 2559 2416 1159 2392
3071 768 2559 2624 1206 2412
3327 768 2559 2835 1255 2431
3583 768 2559 3047 1306 2450
3839 768 2559 3261 1358 2467
4095 768 2559 3477 1410 2485
0 1024 2559 777 1062 2427
256 1024 2559 806 1063 2418
512 1024 2559 898 1070 2386
768 1024 2559 1031 1083 2337
1024 1024 2559 1179 1104 2287
1280 1024 2559 1329 1129 2265
1536 1024 2559 1487 1152 2291
1792 1024 2559 1657 1186 2293
2048 1024 2559 1835 1222 2309
2303 1024 2559 2020 1259 2331
2559 1024 2559 2214 1298 2355
2815 1024 2559 2414 1339 2380
3071 1024 2559 2617 1382 2403
3327 1024 2559 2824 1427 2426
3583 1024 2559 3034 1473 2448
3839 1024 2559 3246 1520 2469
4095 1024 2559 3485 1545 2494
0 1280 2559 888 1293 2418
256 1280 2559 913 1294 2411
512 1280 2559 991 1298 2387
768 1280 2559 1110 1307 2350
1024 1280 2559 1248 1321 2313
1280 1280 2559 1391 1339 2299
1536 1280 2559 1541 1352 2359
1792 1280 2559 1716 1368 2398
2048 1280 2559 1893 1402 2377
2303 1280 2559 2066 1443 2365
2559 1280 2559 2247 1484 2372
2815 1280 2559 2435 1525 2389
3071 1280 2559 2630 1567 2410
3327 1280 2559 2829 1610 2433
3583 1280 2559 3033 1654 2455
3839 1280 2559 3245 1694 2479
4095 1280 2559 3504 1699 2508
0 1536 2559 1003 1529 2423
256 1536 2559 1024 1529 2417
512 1536 2559 1093 1531 2400
768 1536 2559 1201 1537 2372
1024 1536 2559 1329 1546 2346
1280 1536 2559 1465 1560 2337
1536 1536 2559 1604 1573 2387
1792 1536 2559 1770 1578 2479
2048 1536 2559 1964 1591 2496
2303 1536 2559 2163 1608 2499
2559 1536 2559 2327 1657 2448
2815 1536 2559 2497 1704 2435
3071 1536 2559 2676 1749 2441
3327 1536 2559 2862 1793 2457
3583 1536 2559 3056 1838 2476
3839 1536 2559 3274 1868 2501
4095 1536 2559 3529 1874 2525
0 1792 2559 1128 1766 2433
256 1792 2559 1146 1766 2429
512 1792 2559 1206 1768 2418
768 1792 2559 1303 1771 2399
1024 1792 2559 1422 1777 2381
1280 1792 2559 1550 1788 2378
1536 1792 2559 1677 1802 2417
1792 1792 2559 1824 1810 2504
2048 1792 2559 2012 1823 2507
2303 1792 2559 2206 1837 2510
2559 1792 2559 2406 1854 2514
2815 1792 2559 2609 1872 2518
3071 1792 2559 2778 1916 2502
3327 1792 2559 2930 1974 2495
3583 1792 2559 3098 2027 2506
3839 1792 2559 3308 2057 2527
4095 1792 2559 3559 2064 2546
0 2048 2559 1261 2004 2450
256 2048 2559 1276 2005 2448
512 2048 2559 1329 2005 2441
768 2048 2559 1415 2007 2431
1024 2048 2559 1524 2012 2421
1280 2048 2559 1643 2020 2421
1536 2048 2559 1760 2034 2450
1792 2048 2559 1886 2048 2517
2048 2048 2559 2067 2059 2520
2303 2048 2559 2256 2071 2523
2559 2048 2559 2451 2086 2527
2815 2048 2559 2650 2102 2531
3071 2048 2559 2853 2120 2535
3327 2048 2559 2997 2173 2528
3583 2048 2559 3148 2226 2539
3839 2048 2559 3349 2257 2557
4095 2048 2559 3594 2265 2570
0 2303 2559 1392 2244 2480
256 2303 2559 1405 2244 2479
512 2303 2559 1452 2244 2475
768 2303 2559 1531 2245 2469
1024 2303 2559 1632 2248 2465
1280 2303 2559 1744 2255 2467
1536 2303 2559 1853 2268 2485
1792 2303 2559 1955 2287 2533
2048 2303 2559 2129 2297 2535
2303 2303 2559 2312 2308 2538
2559 2303 2559 2501 2320 2542
2815 2303 2559 2697 2335 2546
3071 2303 2559 2896 2350 2550
3327 2303 2559 3079 2377 2556
3583 2303 2559 3207 2433 2575
3839 2303 2559 3396 2465 2592
4095 2303 2559 3635 2474 2597
0 2559 2559 1529 2484 2514
256 2559 2559 1541 2484 2514
512 2559 2559 1583 2484 2513
768 2559 2559 1653 2484 2512
1024 2559 2559 1747 2487 2511
1280 2559 2559 1852 2492 2514
1536 2559 2559 1957 2504 2524
1792 2559 2559 2038 2527 2548
2048 2559 2559 2198 2538 2552
2303 2559 2559 2374 2547 2555
2559 2559 2559 2558 2559 2559
2815 2559 2559 2749 2571 2563
3071 2559 2559 2944 2585 2567
3327 2559 2559 3143 2600 2572
3583 2559 2559 3277 2645 2608
3839 2559 2559 3449 2680 2631
4095 2559 2559 3680 2690 2627
0 2815 2559 1668 2725 2555
256 2815 2559 1679 2725 2555
512 2815 2559 1717 2725 2555
768 2815 2559 1781 2725 2557
1024 2815 2559 1867 2727 2560
1280 2815 2559 1966 2731 2564
1536 2815 2559 2068 2741 2570
1792 2815 2559 2154 2761 2573
2048 2815 2559 2272 2780 2572
2303 2815 2559 2442 2789 2575
2559 2815 2559 2620 2799 2578
2815 2815 2559 2806 2810 2582
3071 2815 2559 2997 2823 2586
3327 2815 2559 3192 2836 2591
3583 2815 2559 3365 2860 2621
3839 2815 2559 3508 2899 2674
4095 2815 2559 3730 2912 2661
0 3071 2559 1807 2967 2599
256 3071 2559 1817 2967 2600
512 3071 2559 1851 2966 2602
768 3071 2559 1910 2966 2605
1024 3071 2559 1990 2968 2610
1280 3071 2559 2085 2971 2616
1536 3071 2559 2184 2979 2620
1792 3071 2559 2277 2995 2617
2048 3071 2559 2352 3023 2593
2303 3071 2559 2515 3031 2596
2559 3071 2559 2688 3040 2599
2815 3071 2559 2868 3050 2603
3071 3071 2559 3054 3062 2608
3327 3071 2559 3245 3074 2612
3583 3071 2559 3440 3088 2618
3839 3071 2559 3577 3121 2716
4095 3071 2559 3786 3137 2699
0 3327 2559 1948 3209 2647
256 3327 2559 1957 3209 2648
512 3327 2559 1988 3209 2650
768 3327 2559 2042 3209 2655
1024 3327 2559 2117 3209 2661
1280 3327 2559 2207 3212 2668
1536 3327 2559 2305 3218 2673
1792 3327 2559 2401 3230 2671
2048 3327 2559 2484 3253 2648
2303 3327 2559 2593 3275 2619
2559 3327 2559 2760 3283 2623
2815 3327 2559 2935 3292 2626
3071 3327 2559 3116 3303 2631
3327 3327 2559 3303 3314 2635
3583 3327 2559 3494 3326 2641
3839 3327 2559 3668 3344 2707
4095 3327 2559 3846 3365 2740
0 3583 2559 2089 3452 2697
256 3583 2559 2097 3452 2698
512 3583 2559 2126 3451 2701
768 3583 2559 2176 3451 2706
1024 3583 2559 2246 3452 2713
1280 3583 2559 2331 3454 2722
1536 3583 2559 2427 3459 2729
1792 3583 2559 2525 3468 2729
2048 3583 2559 2618 3484 2715
2303 3583 2559 2695 3512 2664
2559 3583 2559 2837 3526 2648
2815 3583 2559 3006 3535 2652
3071 3583 2559 3183 3544 2656
3327 3583 2559 3365 3555 2660
3583 3583 2559 3552 3566 2665
3839 3583 2559 3744 3579 2671
4095 3583 2559 3909 3596 2787
0 3839 2559 2230 3695 2748
256 3839 2559 2237 3695 2749
512 3839 2559 2264 3695 2752
768 3839 2559 2310 3695 2758
1024 3839 2559 2376 3695 2766
1280 3839 2559 2458 3696 2776
1536 3839 2559 2551 3700 2784
1792 3839 2559 2650 3707 2788
2048 3839 2559 2747 3719 2781
2303 3839 2559 2858 3733 2771
2559 3839 2559 2988 3746 2766
2815 3839 2559 3129 3760 2758
3071 3839 2559 3277 3777 2737
3327 3839 2559 3431 3797 2687
3583 3839 2559 3615 3807 2692
3839 3839 2559 3802 3819 2698
4095 3839 2559 3994 3831 2704
0 4095 2559 2282 3958 2752
256 4095 2559 2288 3959 2753
512 4095 2559 2309 3959 2753
768 4095 2559 2347 3961 2754
1024 4095 2559 2402 3964 2755
1280 4095 2559 2474 3967 2756
1536 4095 2559 2563 3972 2758
1792 4095 2559 2667 3977 2760
2048 4095 2559 2784 3983 2762
2303 4095 2559 2912 3991 2764
2559 4095 2559 3052 3999 2767
2815 4095 2559 3200 4008 2769
3071 4095 2559 3358 4019 2771
3327 4095 2559 3522 4030 2772
3583 4095 2559 3692 4043 2769
3839 4095 2559 3869 4056 2762
4095 4095 2559 4046 4065 2730
0 0 2815 651 486 2693
256 0 2815 659 479 2698
512 0 2815 737 480 2695
768 0 2815 882 501 2687
1024 0 2815 1055 530 2677
1280 0 2815 1241 567 2669
1536 0 2815 1435 610 2662
1792 0 2815 1635 658 2659
2048 0 2815 1837 711 2658
2303 0 2815 2041 766 2659
2559 0 2815 2248 824 2663
2815 0 2815 2456 884 2669
3071 0 2815 2666 946 2676
3327 0 2815 2876 1009 2684
3583 0 2815 3088 1073 2693
3839 0 2815 3300 1138 2704
4095 0 2815 3512 1203 2715
0 256 2815 627 519 2701
256 256 2815 651 519 2698
512 256 2815 765 539 2663
768 256 2815 906 562 2647
1024 256 2815 1069 587 2644
1280 256 2815 1248 620 2641
1536 256 2815 1439 660 2640
1792 256 2815 1635 704 2642
2048 256 2815 1836 752 2644
2303 256 2815 2039 804 2649
2559 256 2815 2245 859 2655
2815 256 2815 2453 916 2662
3071 256 2815 2663 976 2671
3327 256 2815 2873 1036 2680
3583 256 2815 3085 1098 2691
3839 256 2815 3297 1161 2702
4095 256 2815 3510 1226 2714
0 512 2815 661 662 2693
256 512 2815 698 667 2680
512 512 2815 809 684 2637
768 512 2815 959 714 2574
1024 512 2815 1113 744 2546
1280 512 2815 1274 770 2559
1536 512 2815 1451 801 2573
1792 512 2815 1638 837 2588
2048 512 2815 1833 878 2602
2303 512 2815 2033 922 2615
2559 512 2815 2237 969 2629
2815 512 2815 2444 1019 2642
3071 512 2815 2653 1072 2656
3327 512 2815 2863 1127 2669
3583 512 2815 3074 1183 2683
3839 512 2815 3287 1241 2697
4095 512 2815 3500 1301 2710
0 768 2815 729 859 2682
256 768 2815 761 862 2671
512 768 2815 861 873 2633
768 768 2815 1004 893 2575
1024 768 2815 1161 925 2508
1280 768 2815 1316 959 2474
1536 768 2815 1477 986 2499
1792 768 2815 1652 1017 2524
2048 768 2815 1838 1052 2548
2303 768 2815 2030 1090 2572
2559 768 2815 2230 1130 2594
2815 768 2815 2433 1174 2615
3071 768 2815 2640 1220 2635
3327 768 2815 2849 1268 2654
3583 768 2815 3060 1318 2672
3839 768 2815 3272 1370 2689
4095 768 2815 3485 1424 2706
0 1024 2815 816 1077 2673
256 1024 2815 844 1079 2663
512 1024 2815 933 1086 2632
768 1024 2815 1063 1100 2582
1024 1024 2815 1213 1121 2525
1280 1024 2815 1364 1149 2484
1536 1024 2815 1519 1176 2488
1792 1024 2815 1684 1207 2500
2048 1024 2815 1859 1241 2520
2303 1024 2815 2042 1276 2544
2559 1024 2815 2234 1314 2569
2815 1024 2815 2431 1354 2594
3071 1024 2815 2633 1395 2618
3327 1024 2815 2839 1439 2641
3583 1024 2815 3047 1484 2663
3839 1024 2815 3257 1531 2685
4095 1024 2815 3491 1558 2713
0 1280 2815 922 1306 2661
256 1280 2815 946 1307 2654
512 1280 2815 1022 1312 2629
768 1280 2815 1140 1321 2591
1024 1280 2815 1279 1335 2546
1280 1280 2815 1424 1355 2514
1536 1280 2815 1573 1376 2524
1792 1280 2815 1734 1399 2543
2048 1280 2815 1907 1426 2563
2303 1280 2815 2082 1462 2565
2559 1280 2815 2263 1501 2576
2815 1280 2815 2450 1540 2595
3071 1280 2815 2644 1581 2617
3327 1280 2815 2843 1623 2640
3583 1280 2815 3045 1666 2664
3839 1280 2815 3254 1707 2688
4095 1280 2815 3511 1711 2726
0 1536 2815 1034 1540 2660
256 1536 2815 1054 1540 2655
512 1536 2815 1121 1543 2637
768 1536 2815 1227 1549 2607
1024 1536 2815 1357 1559 2572
1280 1536 2815 1496 1574 2548
1536 1536 2815 1637 1591 2560
1792 1536 2815 1792 1608 2592
2048 1536 2815 1963 1628 2613
2303 1536 2815 2145 1649 2639
2559 1536 2815 2330 1678 2647
2815 1536 2815 2504 1722 2637
3071 1536 2815 2684 1764 2644
3327 1536 2815 2872 1807 2659
3583 1536 2815 3065 1850 2679
3839 1536 2815 3281 1880 2708
4095 1536 2815 3536 1884 2742
0 1792 2815 1155 1776 2666
256 1792 2815 1173 1777 2662
512 1792 2815 1231 1778 2649
768 1792 2815 1326 1782 2627
1024 1792 2815 1447 1789 2602
1280 1792 2815 1578 1800 2586
1536 1792 2815 1711 1814 2599
1792 1792 2815 1854 1826 2656
2048 1792 2815 2024 1841 2679
2303 1792 2815 2208 1855 2708
2559 1792 2815 2412 1864 2745
2815 1792 2815 2613 1884 2749
3071 1792 2815 2772 1936 2712
3327 1792 2815 2940 1985 2705
3583 1792 2815 3107 2038 2708
3839 1792 2815 3316 2068 2732
4095 1792 2815 3566 2073 2761
0 2048 2815 1283 2014 2678
256 2048 2815 1298 2014 2675
512 2048 2815 1350 2015 2666
768 2048 2815 1436 2017 2652
1024 2048 2815 1546 2022 2636
1280 2048 2815 1669 2031 2626
1536 2048 2815 1794 2043 2639
1792 2048 2815 1917 2056 2709
2048 2048 2815 2080 2066 2759
2303 2048 2815 2267 2078 2762
2559 2048 2815 2460 2092 2765
2815 2048 2815 2659 2108 2769
3071 2048 2815 2862 2126 2773
3327 2048 2815 3007 2181 2745
3583 2048 2815 3157 2236 2741
3839 2048 2815 3356 2267 2761
4095 2048 2815 3601 2273 2784
0 2303 2815 1412 2252 2701
256 2303 2815 1425 2252 2699
512 2303 2815 1471 2253 2694
768 2303 2815 1549 2254 2685
1024 2303 2815 1651 2257 2675
1280 2303 2815 1767 2264 2670
1536 2303 2815 1885 2274 2680
1792 2303 2815 1996 2290 2729
2048 2303 2815 2141 2303 2773
2303 2303 2815 2322 2314 2776
2559 2303 2815 2511 2326 2779
2815 2303 2815 2705 2340 2782
3071 2303 2815 2904 2356 2786
3327 2303 2815 3088 2383 2784
3583 2303 2815 3215 2442 2777
3839 2303 2815 3403 2474 2793
4095 2303 2815 3641 2482 2809
0 2559 2815 1547 2492 2730
256 2559 2815 1559 2492 2729
512 2559 2815 1600 2492 2726
768 2559 2815 1671 2493 2722
1024 2559 2815 1764 2495 2717
1280 2559 2815 1873 2500 2716
1536 2559 2815 1985 2510 2724
1792 2559 2815 2087 2526 2753
2048 2559 2815 2209 2543 2788
2303 2559 2815 2384 2553 2791
2559 2559 2815 2568 2564 2794
2815 2559 2815 2757 2576 2798
3071 2559 2815 2952 2590 2802
3327 2559 2815 3150 2605 2806
3583 2559 2815 3283 2653 2814
3839 2559 2815 3455 2688 2830
4095 2559 2815 3686 2697 2838
0 2815 2815 1684 2732 2765
256 2815 2815 1695 2732 2765
512 2815 2815 1732 2732 2764
768 2815 2815 1796 2732 2763
1024 2815 2815 1883 2734 2762
1280 2815 2815 1984 2738 2764
1536 2815 2815 2091 2746 2770
1792 2815 2815 2189 2762 2784
2048 2815 2815 2283 2785 2806
2303 2815 2815 2452 2793 2808
2559 2815 2815 2629 2803 2811
2815 2815 2815 2814 2815 2815
3071 2815 2815 3004 2827 2819
3327 2815 2815 3199 2841 2823
3583 2815 2815 3365 2868 2842
3839 2815 2815 3514 2906 2871
4095 2815 2815 3736 2918 2870
0 3071 2815 1821 2973 2806
256 3071 2815 1831 2973 2806
512 3071 2815 1865 2973 2806
768 3071 2815 1924 2973 2808
1024 3071 2815 2005 2974 2810
1280 3071 2815 2100 2977 2813
1536 3071 2815 2203 2984 2818
1792 3071 2815 2300 2998 2824
2048 3071 2815 2374 3024 2826
2303 3071 2815 2525 3035 2827
2559 3071 2815 2697 3044 2831
2815 3071 2815 2876 3055 2834
3071 3071 2815 3062 3066 2838
3327 3071 2815 3252 3078 2842
3583 3071 2815 3447 3092 2847
3839 3071 2815 3581 3128 2913
4095 3071 2815 3791 3143 2904
0 3327 2815 1960 3215 2850
256 3327 2815 1969 3215 2850
512 3327 2815 2000 3215 2852
768 3327 2815 2054 3215 2855
1024 3327 2815 2129 3216 2859
1280 3327 2815 2220 3218 2864
1536 3327 2815 2320 3223 2869
1792 3327 2815 2418 3235 2872
2048 3327 2815 2502 3255 2865
2303 3327 2815 2602 3278 2848
2559 3327 2815 2769 3287 2852
2815 3327 2815 2943 3296 2855
3071 3327 2815 3124 3306 2859
3327 3327 2815 3310 3318 2863
3583 3327 2815 3501 3330 2868
3839 3327 2815 3662 3351 2939
4095 3327 2815 3851 3370 2942
0 3583 2815 2100 3457 2897
256 3583 2815 2108 3457 2898
512 3583 2815 2137 3457 2900
768 3583 2815 2187 3457 2904
1024 3583 2815 2258 3457 2909
1280 3583 2815 2344 3459 2916
1536 3583 2815 2439 3464 2922
1792 3583 2815 2538 3473 2925
2048 3583 2815 2630 3489 2918
2303 3583 2815 2701 3517 2882
2559 3583 2815 2845 3530 2874
2815 3583 2815 3014 3538 2878
3071 3583 2815 3190 3548 2882
3327 3583 2815 3372 3558 2886
3583 3583 2815 3559 3570 2890
3839 3583 2815 3750 3582 2895
4095 3583 2815 3915 3601 2984
0 3839 2815 2240 3700 2946
256 3839 2815 2247 3700 2947
512 3839 2815 2274 3700 2949
768 3839 2815 2321 3700 2954
1024 3839 2815 2387 3700 2961
1280 3839 2815 2469 3701 2968
1536 3839 2815 2562 3705 2976
1792 3839 2815 2660 3712 2980
2048 3839 2815 2757 3724 2977
2303 3839 2815 2858 3740 2964
2559 3839 2815 2988 3753 2960
2815 3839 2815 3126 3768 2951
3071 3839 2815 3271 3786 2926
3327 3839 2815 3438 3800 2910
3583 3839 2815 3621 3811 2915
3839 3839 2815 3808 3822 2920
4095 3839 2815 3983 3832 3037
0 4095 2815 2296 3961 2961
256 4095 2815 2302 3962 2961
512 4095 2815 2322 3963 2962
768 4095 2815 2360 3964 2962
1024 4095 2815 2414 3967 2963
1280 4095 2815 2486 3970 2965
1536 4095 2815 2574 3975 2967
1792 4095 2815 2677 3980 2969
2048 4095 2815 2794 3986 2972
2303 4095 2815 2921 3994 2974
2559 4095 2815 3060 4002 2977
2815 4095 2815 3209 4011 2980
3071 4095 2815 3365 4022 2982
3327 4095 2815 3528 4033 2984
3583 4095 2815 3698 4046 2983
3839 4095 2815 3874 4060 2977
4095 4095 2815 4049 4066 2947
0 0 3071 710 530 2934
256 0 3071 717 523 2940
512 0 3071 782 521 2942
768 0 3071 919 540 2934
1024 0 3071 1086 567 2924
1280 0 3071 1268 601 2916
1536 0 3071 1459 642 2908
1792 0 3071 1656 687 2903
2048 0 3071 1856 737 2900
2303 0 3071 2059 790 2900
2559 0 3071 2264 846 2902
2815 0 3071 2471 905 2905
3071 0 3071 2680 965 2911
3327 0 3071 2889 1027 2918
3583 0 3071 3099 1089 2926
3839 0 3071 3311 1153 2935
4095 0 3071 3522 1218 2945
0 256 3071 688 560 2944
256 256 3071 700 555 2948
512 256 3071 806 574 2916
768 256 3071 943 596 2896
1024 256 3071 1101 620 2892
1280 256 3071 1277 651 2888
1536 256 3071 1464 688 2885
1792 256 3071 1658 730 2885
2048 256 3071 1856 777 2885
2303 256 3071 2057 827 2888
2559 256 3071 2262 880 2893
2815 256 3071 2469 936 2898
3071 256 3071 2677 994 2906
3327 256 3071 2886 1053 2914
3583 256 3071 3096 1114 2923
3839 256 3071 3308 1176 2933
4095 256 3071 3520 1240 2944
0 512 3071 712 690 2940
256 512 3071 746 695 2928
512 512 3071 851 712 2888
768 512 3071 996 740 2830
1024 512 3071 1149 771 2795
1280 512 3071 1306 795 2805
1536 512 3071 1480 825 2816
1792 512 3071 1665 860 2827
2048 512 3071 1857 899 2839
2303 512 3071 2054 942 2851
2559 512 3071 2256 988 2863
2815 512 3071 2461 1037 2875
3071 512 3071 2668 1089 2887
3327 512 3071 2877 1142 2900
3583 512 3071 3087 1198 2912
3839 512 3071 3298 1255 2925
4095 512 3071 3511 1314 2938
0 768 3071 775 880 2928
256 768 3071 805 883 2918
512 768 3071 900 894 2883
768 768 3071 1039 915 2826
1024 768 3071 1197 946 2756
1280 768 3071 1353 982 2708
1536 768 3071 1510 1008 2731
1792 768 3071 1682 1037 2754
2048 768 3071 1864 1071 2777
2303 768 3071 2054 1108 2800
2559 768 3071 2251 1147 2821
2815 768 3071 2452 1190 2841
3071 768 3071 2657 1235 2861
3327 768 3071 2865 1282 2879
3583 768 3071 3074 1332 2896
3839 768 3071 3284 1383 2913
4095 768 3071 3496 1436 2930
0 1024 3071 856 1094 2919
256 1024 3071 882 1096 2911
512 1024 3071 968 1103 2880
768 1024 3071 1097 1117 2829
1024 1024 3071 1246 1139 2769
1280 1024 3071 1400 1168 2716
1536 1024 3071 1553 1198 2702
1792 1024 3071 1714 1228 2714
2048 1024 3071 1886 1260 2735
2303 1024 3071 2067 1294 2760
2559 1024 3071 2256 1330 2786
2815 1024 3071 2451 1369 2811
3071 1024 3071 2651 1410 2836
3327 1024 3071 2855 1452 2859
3583 1024 3071 3062 1497 2881
3839 1024 3071 3271 1543 2902
4095 1024 3071 3498 1574 2932
0 1280 3071 957 1320 2906
256 1280 3071 980 1321 2899
512 1280 3071 1054 1326 2875
768 1280 3071 1171 1336 2833
1024 1280 3071 1310 1351 2785
1280 1280 3071 1457 1372 2741
1536 1280 3071 1606 1396 2727
1792 1280 3071 1762 1421 2738
2048 1280 3071 1928 1450 2751
2303 1280 3071 2102 1482 2766
2559 1280 3071 2282 1518 2782
2815 1280 3071 2468 1556 2803
3071 1280 3071 2661 1596 2826
3327 1280 3071 2858 1636 2850
3583 1280 3071 3060 1678 2874
3839 1280 3071 3266 1720 2899
4095 1280 3071 3518 1725 2944
0 1536 3071 1064 1552 2904
256 1536 3071 1084 1553 2898
512 1536 3071 1150 1556 2877
768 1536 3071 1256 1562 2845
1024 1536 3071 1385 1573 2806
1280 1536 3071 1526 1588 2770
1536 1536 3071 1670 1607 2759
1792 1536 3071 1820 1628 2770
2048 1536 3071 1982 1652 2783
2303 1536 3071 2152 1679 2799
2559 1536 3071 2330 1708 2817
2815 1536 3071 2514 1740 2837
3071 1536 3071 2696 1781 2847
3327 1536 3071 2884 1822 2863
3583 1536 3071 3077 1864 2884
3839 1536 3071 3290 1894 2915
4095 1536 3071 3542 1897 2959
0 1792 3071 1181 1787 2905
256 1792 3071 1199 1787 2900
512 1792 3071 1257 1789 2884
768 1792 3071 1353 1794 2859
1024 1792 3071 1472 1801 2830
1280 1792 3071 1606 1812 2803
1536 1792 3071 1743 1827 2796
1792 1792 3071 1887 1844 2810
2048 1792 3071 2044 1864 2824
2303 1792 3071 2211 1887 2841
2559 1792 3071 2387 1911 2861
2815 1792 3071 2572 1935 2884
3071 1792 3071 2767 1959 2909
3327 1792 3071 2945 2001 2909
3583 1792 3071 3118 2050 2911
3839 1792 3071 3324 2080 2938
4095 1792 3071 3572 2084 2978
0 2048 3071 1307 2024 2910
256 2048 3071 1322 2024 2907
512 2048 3071 1374 2025 2896
768 2048 3071 1459 2028 2878
1024 2048 3071 1569 2033 2857
1280 2048 3071 1694 2042 2839
1536 2048 3071 1825 2054 2837
1792 2048 3071 1959 2068 2861
2048 2048 3071 2112 2084 2876
2303 2048 3071 2276 2102 2895
2559 2048 3071 2451 2121 2917
2815 2048 3071 2639 2139 2943
3071 2048 3071 2844 2152 2975
3327 2048 3071 3026 2185 2969
3583 2048 3071 3167 2247 2944
3839 2048 3071 3364 2278 2965
4095 2048 3071 3607 2283 2999
0 2303 3071 1433 2261 2928
256 2303 3071 1447 2261 2926
512 2303 3071 1493 2262 2918
768 2303 3071 1571 2264 2905
1024 2303 3071 1672 2267 2891
1280 2303 3071 1790 2274 2879
1536 2303 3071 1914 2284 2879
1792 2303 3071 2036 2297 2908
2048 2303 3071 2177 2311 2943
2303 2303 3071 2340 2325 2965
2559 2303 3071 2519 2337 2992
2815 2303 3071 2715 2347 3020
3071 2303 3071 2913 2362 3024
3327 2303 3071 3106 2384 3021
3583 2303 3071 3225 2451 2981
3839 2303 3071 3410 2484 2996
4095 2303 3071 3647 2491 3023
0 2559 3071 1565 2500 2951
256 2559 3071 1577 2500 2950
512 2559 3071 1618 2501 2945
768 2559 3071 1689 2502 2937
1024 2559 3071 1784 2504 2928
1280 2559 3071 1894 2509 2922
1536 2559 3071 2011 2517 2923
1792 2559 3071 2125 2531 2945
2048 2559 3071 2228 2548 3016
2303 2559 3071 2395 2558 3028
2559 2559 3071 2578 2570 3031
2815 2559 3071 2767 2582 3034
3071 2559 3071 2960 2596 3038
3327 2559 3071 3158 2611 3042
3583 2559 3071 3292 2661 3020
3839 2559 3071 3463 2696 3031
4095 2559 3071 3692 2705 3051
0 2815 3071 1700 2740 2981
256 2815 3071 1711 2740 2980
512 2815 3071 1749 2740 2978
768 2815 3071 1813 2741 2973
1024 2815 3071 1900 2742 2969
1280 2815 3071 2003 2746 2967
1536 2815 3071 2114 2753 2970
1792 2815 3071 2223 2766 2984
2048 2815 3071 2316 2786 3025
2303 2815 3071 2463 2799 3044
2559 2815 3071 2640 2809 3047
2815 2815 3071 2823 2820 3050
3071 2815 3071 3013 2832 3054
3327 2815 3071 3207 2846 3058
3583 2815 3071 3372 2875 3058
3839 2815 3071 3522 2914 3069
4095 2815 3071 3743 2925 3080
0 3071 3071 1835 2981 3017
256 3071 3071 1845 2981 3017
512 3071 3071 1879 2981 3016
768 3071 3071 1939 2981 3015
1024 3071 3071 2020 2982 3014
1280 3071 3071 2117 2985 3014
1536 3071 3071 2223 2991 3018
1792 3071 3071 2327 3002 3027
2048 3071 3071 2418 3022 3046
2303 3071 3071 2535 3040 3061
2559 3071 3071 2706 3049 3064
2815 3071 3071 2885 3059 3067
3071 3071 3071 3070 3071 3071
3327 3071 3071 3260 3083 3075
3583 3071 3071 3454 3097 3079
3839 3071 3071 3588 3135 3111
4095 3071 3071 3797 3149 3113
0 3327 3071 1974 3222 3057
256 3327 3071 1983 3222 3057
512 3327 3071 2014 3221 3058
768 3327 3071 2068 3222 3058
1024 3327 3071 2143 3222 3060
1280 3327 3071 2235 3225 3063
1536 3327 3071 2336 3230 3067
1792 3327 3071 2439 3239 3073
2048 3327 3071 2532 3257 3079
2303 3327 3071 2612 3283 3081
2559 3327 3071 2778 3291 3083
2815 3327 3071 2952 3300 3086
3071 3327 3071 3132 3311 3090
3327 3327 3071 3318 3322 3094
3583 3327 3071 3508 3334 3098
3839 3327 3071 3665 3358 3147
4095 3327 3071 3857 3376 3148
0 3583 3071 2113 3463 3101
256 3583 3071 2121 3463 3101
512 3583 3071 2150 3463 3103
768 3583 3071 2200 3463 3105
1024 3583 3071 2271 3463 3108
1280 3583 3071 2357 3465 3113
1536 3583 3071 2454 3469 3118
1792 3583 3071 2554 3477 3123
2048 3583 3071 2649 3492 3124
2303 3583 3071 2724 3518 3111
2559 3583 3071 2854 3534 3104
2815 3583 3071 3023 3542 3107
3071 3583 3071 3198 3552 3111
3327 3583 3071 3379 3562 3115
3583 3583 3071 3566 3574 3119
3839 3583 3071 3756 3586 3123
4095 3583 3071 3921 3606 3186
0 3839 3071 2252 3705 3147
256 3839 3071 2260 3705 3148
512 3839 3071 2286 3705 3150
768 3839 3071 2333 3705 3153
1024 3839 3071 2399 3705 3158
1280 3839 3071 2482 3707 3164
1536 3839 3071 2575 3710 3170
1792 3839 3071 2673 3717 3175
2048 3839 3071 2770 3728 3175
2303 3839 3071 2866 3746 3167
2559 3839 3071 2986 3761 3161
2815 3839 3071 3122 3777 3151
3071 3839 3071 3268 3794 3133
3327 3839 3071 3445 3804 3137
3583 3839 3071 3628 3814 3141
3839 3839 3071 3814 3826 3146
4095 3839 3071 3990 3838 3226
0 4095 3071 2311 3965 3172
256 4095 3071 2317 3965 3173
512 4095 3071 2337 3966 3173
768 4095 3071 2375 3968 3174
1024 4095 3071 2429 3970 3175
1280 4095 3071 2500 3974 3177
1536 4095 3071 2587 3978 3179
1792 4095 3071 2690 3984 3181
2048 4095 3071 2805 3990 3184
2303 4095 3071 2932 3997 3187
2559 4095 3071 3071 4005 3191
2815 4095 3071 3218 4015 3194
3071 4095 3071 3373 4025 3197
3327 4095 3071 3536 4037 3200
3583 4095 3071 3705 4049 3201
3839 4095 3071 3881 4063 3198
4095 4095 3071 4058 4072 3171
0 0 3327 768 573 3176
256 0 3327 775 568 3182
512 0 3327 828 562 3188
768 0 3327 958 579 3180
1024 0 3327 1118 604 3171
1280 0 3327 1296 636 3162
1536 0 3327 1484 674 3154
1792 0 3327 1678 717 3148
2048 0 3327 1877 765 3143
2303 0 3327 2078 816 3142
2559 0 3327 2282 870 3142
2815 0 3327 2487 927 3144
3071 0 3327 2695 985 3149
3327 0 3327 2903 1045 3154
3583 0 3327 3112 1107 3161
3839 0 3327 3323 1169 3169
4095 0 3327 3534 1233 3178
0 256 3327 749 601 3187
256 256 3327 756 595 3193
512 256 3327 848 609 3169
768 256 3327 982 632 3145
1024 256 3327 1134 654 3140
1280 256 3327 1306 683 3135
1536 256 3327 1490 718 3131
1792 256 3327 1681 758 3129
2048 256 3327 1878 803 3128
2303 256 3327 2077 851 3129
2559 256 3327 2280 903 3132
2815 256 3327 2485 957 3136
3071 256 3327 2692 1013 3142
3327 256 3327 2900 1072 3149
3583 256 3327 3110 1131 3157
3839 256 3327 3320 1192 3166
4095 256 3327 3531 1255 3175
0 512 3327 763 720 3186
256 512 3327 795 725 3175
512 512 3327 894 741 3138
768 512 3327 1033 767 3086
1024 512 3327 1186 798 3045
1280 512 3327 1340 822 3052
1536 512 3327 1510 850 3060
1792 512 3327 1692 884 3069
2048 512 3327 1881 922 3078
2303 512 3327 2076 963 3088
2559 512 3327 2276 1008 3099
2815 512 3327 2479 1056 3109
3071 512 3327 2685 1107 3121
3327 512 3327 2892 1159 3132
3583 512 3327 3101 1214 3143
3839 512 3327 3311 1270 3155
4095 512 3327 3522 1328 3167
0 768 3327 822 903 3175
256 768 3327 850 906 3165
512 768 3327 941 917 3132
768 768 3327 1076 937 3077
1024 768 3327 1233 968 3007
1280 768 3327 1390 1004 2953
1536 768 3327 1545 1030 2967
1792 768 3327 1713 1059 2989
2048 768 3327 1892 1091 3010
2303 768 3327 2079 1127 3031
2559 768 3327 2274 1165 3051
2815 768 3327 2473 1207 3070
3071 768 3327 2676 1251 3088
3327 768 3327 2881 1298 3106
3583 768 3327 3089 1346 3123
3839 768 3327 3298 1397 3139
4095 768 3327 3509 1449 3155
0 1024 3327 899 1112 3165
256 1024 3327 924 1114 3156
512 1024 3327 1006 1122 3127
768 1024 3327 1132 1136 3078
1024 1024 3327 1280 1158 3017
1280 1024 3327 1435 1188 2956
1536 1024 3327 1586 1214 2949
1792 1024 3327 1747 1243 2956
2048 1024 3327 1917 1277 2965
2303 1024 3327 2094 1312 2981
2559 1024 3327 2280 1348 3007
2815 1024 3327 2473 1385 3032
3071 1024 3327 2671 1425 3056
3327 1024 3327 2873 1467 3079
3583 1024 3327 3078 1511 3102
3839 1024 3327 3286 1556 3123
4095 1024 3327 3507 1591 3151
0 1280 3327 995 1335 3152
256 1280 3327 1017 1336 3145
512 1280 3327 1089 1341 3120
768 1280 3327 1203 1351 3079
1024 1280 3327 1342 1367 3028
1280 1280 3327 1491 1389 2977
1536 1280 3327 1637 1411 2966
1792 1280 3327 1793 1435 2972
2048 1280 3327 1958 1464 2981
2303 1280 3327 2130 1496 2990
2559 1280 3327 2307 1533 3002
2815 1280 3327 2490 1572 3015
3071 1280 3327 2680 1611 3038
3327 1280 3327 2876 1651 3063
3583 1280 3327 3076 1692 3087
3839 1280 3327 3280 1734 3112
4095 1280 3327 3525 1741 3162
0 1536 3327 1098 1565 3147
256 1536 3327 1117 1566 3141
512 1536 3327 1181 1569 3121
768 1536 3327 1285 1576 3087
1024 1536 3327 1415 1587 3044
1280 1536 3327 1557 1603 3001
1536 1536 3327 1700 1622 2987
1792 1536 3327 1849 1642 2994
2048 1536 3327 2009 1666 3002
2303 1536 3327 2176 1694 3012
2559 1536 3327 2350 1725 3023
2815 1536 3327 2529 1760 3036
3071 1536 3327 2712 1797 3051
3327 1536 3327 2899 1837 3069
3583 1536 3327 3091 1878 3090
3839 1536 3327 3299 1910 3122
4095 1536 3327 3550 1911 3177
0 1792 3327 1212 1798 3144
256 1792 3327 1228 1799 3140
512 1792 3327 1285 1801 3124
768 1792 3327 1379 1806 3097
1024 1792 3327 1500 1814 3062
1280 1792 3327 1634 1826 3029
1536 1792 3327 1772 1841 3013
1792 1792 3327 1915 1858 3020
2048 1792 3327 2069 1879 3029
2303 1792 3327 2232 1903 3039
2559 1792 3327 2402 1929 3050
2815 1792 3327 2577 1959 3064
3071 1792 3327 2758 1992 3080
3327 1792 3327 2943 2026 3098
3583 1792 3327 3131 2063 3116
3839 1792 3327 3334 2094 3144
4095 1792 3327 3580 2097 3195
0 2048 3327 1333 2034 3147
256 2048 3327 1348 2035 3143
512 2048 3327 1399 2036 3131
768 2048 3327 1483 2039 3110
1024 2048 3327 1594 2045 3084
1280 2048 3327 1720 2054 3060
1536 2048 3327 1853 2066 3045
1792 2048 3327 1990 2081 3052
2048 2048 3327 2139 2099 3061
2303 2048 3327 2296 2119 3072
2559 2048 3327 2462 2142 3084
2815 2048 3327 2634 2168 3099
3071 2048 3327 2812 2195 3116
3327 2048 3327 2997 2224 3136
3583 2048 3327 3181 2258 3149
3839 2048 3327 3374 2290 3170
4095 2048 3327 3615 2294 3215
0 2303 3327 1455 2271 3160
256 2303 3327 1469 2271 3157
512 2303 3327 1514 2272 3148
768 2303 3327 1592 2274 3133
1024 2303 3327 1695 2278 3113
1280 2303 3327 1814 2285 3095
1536 2303 3327 1941 2294 3085
1792 2303 3327 2072 2307 3091
2048 2303 3327 2215 2323 3101
2303 2303 3327 2367 2340 3112
2559 2303 3327 2528 2360 3126
2815 2303 3327 2698 2382 3142
3071 2303 3327 2876 2404 3162
3327 2303 3327 3063 2426 3184
3583 2303 3327 3239 2460 3188
3839 2303 3327 3420 2495 3199
4095 2303 3327 3655 2500 3238
0 2559 3327 1586 2509 3177
256 2559 3327 1597 2510 3175
512 2559 3327 1638 2510 3169
768 2559 3327 1708 2511 3159
1024 2559 3327 1803 2514 3145
1280 2559 3327 1915 2519 3133
1536 2559 3327 2036 2527 3127
1792 2559 3327 2158 2538 3138
2048 2559 3327 2294 2552 3151
2303 2559 3327 2441 2567 3164
2559 2559 3327 2600 2584 3180
2815 2559 3327 2768 2601 3199
3071 2559 3327 2949 2618 3222
3327 2559 3327 3146 2630 3251
3583 2559 3327 3306 2669 3231
3839 2559 3327 3472 2706 3232
4095 2559 3327 3700 2714 3264
0 2815 3327 1719 2749 3201
256 2815 3327 1729 2749 3200
512 2815 3327 1766 2749 3196
768 2815 3327 1831 2750 3189
1024 2815 3327 1918 2752 3181
1280 2815 3327 2023 2755 3174
1536 2815 3327 2137 2762 3172
1792 2815 3327 2253 2772 3182
2048 2815 3327 2365 2787 3213
2303 2815 3327 2506 2800 3232
2559 2815 3327 2663 2814 3253
2815 2815 3327 2834 2826 3279
3071 2815 3327 3022 2838 3290
3327 2815 3327 3216 2852 3294
3583 2815 3327 3385 2880 3278
3839 2815 3327 3531 2923 3270
4095 2815 3327 3750 2933 3293
0 3071 3327 1852 2989 3233
256 3071 3327 1861 2989 3232
512 3071 3327 1895 2989 3230
768 3071 3327 1954 2989 3226
1024 3071 3327 2036 2990 3222
1280 3071 3327 2135 2993 3219
1536 3071 3327 2243 2999 3219
1792 3071 3327 2354 3008 3226
2048 3071 3327 2458 3023 3248
2303 3071 3327 2547 3045 3297
2559 3071 3327 2717 3054 3300
2815 3071 3327 2895 3064 3303
3071 3071 3327 3079 3076 3306
3327 3071 3327 3269 3088 3310
3583 3071 3327 3462 3102 3314
3839 3071 3327 3596 3143 3310
4095 3071 3327 3805 3156 3324
0 3327 3327 1990 3229 3268
256 3327 3327 1998 3229 3268
512 3327 3327 2029 3229 3267
768 3327 3327 2084 3229 3266
1024 3327 3327 2159 3230 3265
1280 3327 3327 2251 3232 3265
1536 3327 3327 2355 3237 3267
1792 3327 3327 2462 3245 3273
2048 3327 3327 2563 3259 3285
2303 3327 3327 2642 3283 3309
2559 3327 3327 2788 3296 3317
2815 3327 3327 2961 3305 3320
3071 3327 3327 3141 3315 3323
3327 3327 3327 3326 3327 3327
3583 3327 3327 3516 3339 3331
3839 3327 3327 3672 3366 3350
4095 3327 3327 3865 3382 3357
0 3583 3327 2127 3470 3309
256 3583 3327 2135 3470 3309
512 3583 3327 2164 3470 3309
768 3583 3327 2214 3470 3309
1024 3583 3327 2285 3470 3310
1280 3583 3327 2372 3472 3313
1536 3583 3327 2470 3476 3316
1792 3583 3327 2573 3483 3321
2048 3583 3327 2673 3496 3328
2303 3583 3327 2756 3517 3334
2559 3583 3327 2864 3538 3336
2815 3583 3327 3032 3547 3339
3071 3583 3327 3207 3556 3342
3327 3583 3327 3388 3566 3346
3583 3583 3327 3573 3578 3350
3839 3583 3327 3764 3590 3354
4095 3583 3327 3929 3612 3393
0 3839 3327 2267 3711 3352
256 3839 3327 2274 3711 3352
512 3839 3327 2300 3711 3353
768 3839 3327 2347 3711 3355
1024 3839 3327 2413 3712 3358
1280 3839 3327 2495 3713 3362
1536 3839 3327 2589 3716 3367
1792 3839 3327 2689 3722 3372
2048 3839 3327 2788 3733 3376
2303 3839 3327 2877 3751 3375
2559 3839 3327 2982 3770 3369
2815 3839 3327 3111 3788 3362
3071 3839 3327 3277 3798 3363
3327 3839 3327 3453 3808 3366
3583 3839 3327 3635 3818 3370
3839 3839 3327 3822 3830 3374
4095 3839 3327 3997 3843 3431
0 4095 3327 2330 3969 3386
256 4095 3327 2336 3969 3387
512 4095 3327 2356 3970 3387
768 4095 3327 2393 3972 3388
1024 4095 3327 2446 3974 3389
1280 4095 3327 2517 3978 3391
1536 4095 3327 2604 3982 3393
1792 4095 3327 2705 3987 3396
2048 4095 3327 2820 3994 3399
2303 4095 3327 2945 4001 3403
2559 4095 3327 3083 4009 3406
2815 4095 3327 3229 4019 3411
3071 4095 3327 3384 4029 3415
3327 4095 3327 3546 4040 3419
3583 4095 3327 3714 4053 3421
3839 4095 3327 3888 4066 3421
4095 4095 3327 4069 4080 3400
0 0 3583 826 617 3416
256 0 3583 833 612 3423
512 0 3583 875 603 3435
768 0 3583 999 619 3427
1024 0 3583 1153 642 3419
1280 0 3583 1326 672 3409
1536 0 3583 1510 707 3400
1792 0 3583 1702 748 3393
2048 0 3583 1899 794 3387
2303 0 3583 2098 843 3384
2559 0 3583 2300 895 3383
2815 0 3583 2505 950 3384
3071 0 3583 2711 1006 3387
3327 0 3583 2918 1065 3391
3583 0 3583 3126 1126 3397
3839 0 3583 3336 1187 3404
4095 0 3583 3546 1250 3411
0 256 3583 809 642 3428
256 256 3583 816 637 3435
512 256 3583 892 646 3420
768 256 3583 1022 668 3394
1024 256 3583 1169 689 3389
1280 256 3583 1337 716 3383
1536 256 3583 1517 749 3378
1792 256 3583 1706 788 3374
2048 256 3583 1900 830 3372
2303 256 3583 2098 877 3371
2559 256 3583 2299 927 3373
2815 256 3583 2503 979 3375
3071 256 3583 2709 1034 3380
3327 256 3583 2916 1091 3385
3583 256 3583 3124 1150 3392
3839 256 3583 3333 1210 3400
4095 256 3583 3544 1271 3408
0 512 3583 816 752 3431
256 512 3583 845 756 3421
512 512 3583 938 771 3387
768 512 3583 1071 796 3341
1024 512 3583 1223 827 3295
1280 512 3583 1373 849 3300
1536 512 3583 1541 877 3306
1792 512 3583 1720 909 3313
2048 512 3583 1907 946 3320
2303 512 3583 2100 986 3328
2559 512 3583 2297 1029 3337
2815 512 3583 2499 1076 3346
3071 512 3583 2703 1126 3356
3327 512 3583 2909 1177 3366
3583 512 3583 3117 1231 3376
3839 512 3583 3326 1287 3387
4095 512 3583 3536 1344 3398
0 768 3583 870 927 3422
256 768 3583 896 930 3413
512 768 3583 983 941 3382
768 768 3583 1114 961 3328
1024 768 3583 1269 992 3259
1280 768 3583 1423 1023 3217
1536 768 3583 1578 1050 3222
1792 768 3583 1744 1080 3231
2048 768 3583 1921 1111 3248
2303 768 3583 2106 1147 3265
2559 768 3583 2298 1184 3284
2815 768 3583 2494 1225 3301
3071 768 3583 2695 1268 3319
3327 768 3583 2899 1314 3335
3583 768 3583 3105 1362 3351
3839 768 3583 3314 1412 3367
4095 768 3583 3523 1463 3383
0 1024 3583 942 1131 3412
256 1024 3583 966 1133 3404
512 1024 3583 1045 1141 3375
768 1024 3583 1168 1155 3327
1024 1024 3583 1315 1178 3266
1280 1024 3583 1465 1203 3225
1536 1024 3583 1615 1225 3227
1792 1024 3583 1777 1252 3232
2048 1024 3583 1949 1283 3237
2303 1024 3583 2127 1318 3243
2559 1024 3583 2311 1357 3250
2815 1024 3583 2498 1400 3259
3071 1024 3583 2693 1441 3280
3327 1024 3583 2893 1482 3302
3583 1024 3583 3096 1525 3324
3839 1024 3583 3302 1570 3345
4095 1024 3583 3517 1609 3372
0 1280 3583 1034 1351 3398
256 1280 3583 1055 1352 3391
512 1280 3583 1125 1358 3367
768 1280 3583 1237 1368 3326
1024 1280 3583 1375 1384 3274
1280 1280 3583 1518 1403 3236
1536 1280 3583 1663 1422 3239
1792 1280 3583 1820 1444 3243
2048 1280 3583 1988 1470 3248
2303 1280 3583 2162 1500 3254
2559 1280 3583 2342 1535 3261
2815 1280 3583 2526 1573 3269
3071 1280 3583 2713 1614 3278
3327 1280 3583 2902 1660 3288
3583 1280 3583 3095 1705 3305
3839 1280 3583 3296 1748 3327
4095 1280 3583 3534 1759 3380
0 1536 3583 1133 1578 3391
256 1536 3583 1152 1579 3385
512 1536 3583 1215 1583 3365
768 1536 3583 1317 1590 3331
1024 1536 3583 1445 1602 3286
1280 1536 3583 1584 1617 3249
1536 1536 3583 1722 1633 3253
1792 1536 3583 1874 1652 3257
2048 1536 3583 2036 1674 3262
2303 1536 3583 2205 1700 3268
2559 1536 3583 2382 1729 3275
2815 1536 3583 2562 1762 3283
3071 1536 3583 2746 1799 3292
3327 1536 3583 2932 1839 3302
3583 1536 3583 3119 1883 3313
3839 1536 3583 3311 1927 3329
4095 1536 3583 3559 1927 3394
0 1792 3583 1243 1810 3386
256 1792 3583 1260 1811 3381
512 1792 3583 1316 1814 3364
768 1792 3583 1408 1819 3336
1024 1792 3583 1528 1827 3300
1280 1792 3583 1660 1839 3267
1536 1792 3583 1791 1852 3270
1792 1792 3583 1937 1869 3274
2048 1792 3583 2093 1888 3279
2303 1792 3583 2258 1910 3285
2559 1792 3583 2429 1936 3293
2815 1792 3583 2606 1965 3301
3071 1792 3583 2786 1997 3310
3327 1792 3583 2969 2033 3320
3583 1792 3583 3154 2071 3332
3839 1792 3583 3344 2110 3350
4095 1792 3583 3589 2110 3412
0 2048 3583 1362 2045 3384
256 2048 3583 1376 2046 3381
512 2048 3583 1426 2048 3368
768 2048 3583 1510 2051 3346
1024 2048 3583 1620 2057 3317
1280 2048 3583 1746 2066 3289
1536 2048 3583 1871 2078 3290
1792 2048 3583 2009 2092 3295
2048 2048 3583 2160 2109 3300
2303 2048 3583 2318 2128 3306
2559 2048 3583 2485 2151 3314
2815 2048 3583 2657 2176 3322
3071 2048 3583 2833 2205 3332
3327 2048 3583 3013 2236 3343
3583 2048 3583 3195 2271 3355
3839 2048 3583 3384 2304 3374
4095 2048 3583 3623 2307 3431
0 2303 3583 1482 2281 3393
256 2303 3583 1495 2281 3390
512 2303 3583 1540 2283 3380
768 2303 3583 1616 2285 3363
1024 2303 3583 1718 2289 3341
1280 2303 3583 1838 2296 3317
1536 2303 3583 1959 2306 3314
1792 2303 3583 2091 2319 3319
2048 2303 3583 2235 2333 3325
2303 2303 3583 2387 2351 3331
2559 2303 3583 2549 2371 3339
2815 2303 3583 2716 2393 3348
3071 2303 3583 2888 2419 3358
3327 2303 3583 3064 2447 3370
3583 2303 3583 3243 2477 3383
3839 2303 3583 3430 2507 3402
4095 2303 3583 3663 2511 3454
0 2559 3583 1609 2519 3405
256 2559 3583 1621 2519 3403
512 2559 3583 1661 2520 3396
768 2559 3583 1731 2521 3384
1024 2559 3583 1825 2525 3368
1280 2559 3583 1938 2530 3350
1536 2559 3583 2056 2538 3343
1792 2559 3583 2181 2549 3348
2048 2559 3583 2318 2562 3354
2303 2559 3583 2465 2578 3361
2559 2559 3583 2620 2595 3369
2815 2559 3583 2783 2615 3379
3071 2559 3583 2951 2638 3390
3327 2559 3583 3123 2663 3403
3583 2559 3583 3301 2689 3418
3839 2559 3583 3482 2717 3434
4095 2559 3583 3709 2723 3479
0 2815 3583 1739 2757 3426
256 2815 3583 1749 2758 3424
512 2815 3583 1786 2758 3419
768 2815 3583 1850 2759 3410
1024 2815 3583 1938 2761 3399
1280 2815 3583 2043 2765 3387
1536 2815 3583 2160 2771 3379
1792 2815 3583 2279 2781 3383
2048 2815 3583 2409 2793 3390
2303 2815 3583 2550 2807 3398
2559 2815 3583 2699 2823 3407
2815 2815 3583 2857 2841 3418
3071 2815 3583 3021 2860 3431
3327 2815 3583 3191 2882 3446
3583 2815 3583 3370 2903 3464
3839 2815 3583 3541 2933 3471
4095 2815 3583 3758 2941 3506
0 3071 3583 1872 2997 3452
256 3071 3583 1881 2997 3451
512 3071 3583 1915 2997 3448
768 3071 3583 1973 2998 3442
1024 3071 3583 2054 2999 3435
1280 3071 3583 2153 3002 3428
1536 3071 3583 2264 3007 3423
1792 3071 3583 2380 3016 3426
2048 3071 3583 2503 3026 3434
2303 3071 3583 2637 3039 3443
2559 3071 3583 2781 3053 3455
2815 3071 3583 2933 3069 3468
3071 3071 3583 3095 3086 3485
3327 3071 3583 3267 3102 3505
3583 3071 3583 3456 3115 3530
3839 3071 3583 3607 3152 3511
4095 3071 3583 3813 3164 3536
0 3327 3583 2007 3237 3483
256 3327 3583 2016 3237 3483
512 3327 3583 2047 3237 3481
768 3327 3583 2101 3237 3478
1024 3327 3583 2176 3238 3474
1280 3327 3583 2269 3240 3471
1536 3327 3583 2374 3245 3469
1792 3327 3583 2484 3252 3473
2048 3327 3583 2593 3264 3485
2303 3327 3583 2704 3279 3506
2559 3327 3583 2840 3293 3522
2815 3327 3583 2985 3307 3542
3071 3327 3583 3151 3320 3559
3327 3327 3583 3335 3332 3562
3583 3327 3583 3524 3344 3566
3839 3327 3583 3683 3373 3555
4095 3327 3583 3872 3390 3568
0 3583 3583 2144 3477 3520
256 3583 3583 2152 3477 3519
512 3583 3583 2180 3477 3519
768 3583 3583 2230 3477 3517
1024 3583 3583 2301 3478 3516
1280 3583 3583 2388 3480 3516
1536 3583 3583 2488 3483 3517
1792 3583 3583 2593 3490 3521
2048 3583 3583 2699 3500 3529
2303 3583 3583 2794 3517 3545
2559 3583 3583 2875 3543 3571
2815 3583 3583 3042 3551 3573
3071 3583 3583 3216 3561 3576
3327 3583 3583 3397 3571 3579
3583 3583 3583 3582 3583 3583
3839 3583 3583 3771 3595 3587
4095 3583 3583 3936 3618 3603
0 3839 3583 2281 3718 3560
256 3839 3583 2288 3718 3560
512 3839 3583 2314 3718 3560
768 3839 3583 2361 3718 3560
1024 3839 3583 2427 3719 3561
1280 3839 3583 2510 3720 3563
1536 3839 3583 2605 3723 3566
1792 3839 3583 2707 3728 3570
2048 3839 3583 2809 3738 3576
2303 3839 3583 2904 3753 3584
2559 3839 3583 2981 3779 3590
2815 3839 3583 3117 3793 3592
3071 3839 3583 3286 3802 3595
3327 3839 3583 3462 3812 3598
3583 3839 3583 3643 3822 3602
3839 3839 3583 3829 3834 3606
4095 3839 3583 4004 3849 3639
0 4095 3583 2351 3973 3602
256 4095 3583 2356 3973 3602
512 4095 3583 2376 3974 3602
768 4095 3583 2412 3976 3603
1024 4095 3583 2466 3978 3605
1280 4095 3583 2536 3982 3607
1536 4095 3583 2621 3986 3609
1792 4095 3583 2722 3991 3612
2048 4095 3583 2835 3998 3615
2303 4095 3583 2961 4005 3619
2559 4095 3583 3097 4013 3623
2815 4095 3583 3242 4023 3628
3071 4095 3583 3396 4033 3633
3327 4095 3583 3557 4044 3638
3583 4095 3583 3723 4057 3642
3839 4095 3583 3897 4070 3645
4095 4095 3583 4077 4085 3630
0 0 3839 884 660 3657
256 0 3839 891 656 3664
512 0 3839 922 643 3683
768 0 3839 1040 659 3674
1024 0 3839 1188 680 3666
1280 0 3839 1357 708 3656
1536 0 3839 1538 742 3647
1792 0 3839 1727 780 3639
2048 0 3839 1922 824 3632
2303 0 3839 2119 871 3628
2559 0 3839 2320 921 3626
2815 0 3839 2523 974 3625
3071 0 3839 2728 1029 3627
3327 0 3839 2934 1087 3629
3583 0 3839 3141 1146 3634
3839 0 3839 3350 1206 3639
4095 0 3839 3559 1268 3646
0 256 3839 869 684 3669
256 256 3839 875 680 3676
512 256 3839 936 682 3672
768 256 3839 1064 705 3643
1024 256 3839 1206 725 3637
1280 256 3839 1369 750 3631
1536 256 3839 1546 782 3625
1792 256 3839 1732 818 3620
2048 256 3839 1924 859 3616
2303 256 3839 2120 904 3615
2559 256 3839 2320 952 3614
2815 256 3839 2522 1003 3615
3071 256 3839 2726 1056 3619
3327 256 3839 2932 1112 3623
3583 256 3839 3139 1170 3628
3839 256 3839 3348 1228 3635
4095 256 3839 3557 1289 3642
0 512 3839 868 784 3678
256 512 3839 895 788 3668
512 512 3839 983 803 3637
768 512 3839 1109 825 3596
1024 512 3839 1260 856 3548
1280 512 3839 1407 877 3552
1536 512 3839 1572 904 3554
1792 512 3839 1748 935 3558
2048 512 3839 1933 970 3565
2303 512 3839 2124 1009 3570
2559 512 3839 2320 1052 3576
2815 512 3839 2519 1098 3584
3071 512 3839 2722 1146 3592
3327 512 3839 2926 1197 3601
3583 512 3839 3133 1250 3610
3839 512 3839 3341 1304 3620
4095 512 3839 3549 1360 3631
0 768 3839 918 953 3669
256 768 3839 944 956 3660
512 768 3839 1026 966 3630
768 768 3839 1153 986 3580
1024 768 3839 1297 1011 3533
1280 768 3839 1442 1031 3528
1536 768 3839 1600 1054 3531
1792 768 3839 1771 1082 3533
2048 768 3839 1951 1115 3537
2303 768 3839 2137 1151 3541
2559 768 3839 2327 1191 3545
2815 768 3839 2522 1235 3551
3071 768 3839 2720 1281 3560
3327 768 3839 2920 1329 3570
3583 768 3839 3124 1377 3584
3839 768 3839 3330 1428 3597
4095 768 3839 3538 1479 3612
0 1024 3839 987 1152 3658
256 1024 3839 1010 1154 3651
512 1024 3839 1086 1162 3624
768 1024 3839 1205 1176 3578
1024 1024 3839 1342 1195 3536
1280 1024 3839 1480 1211 3534
1536 1024 3839 1634 1230 3536
1792 1024 3839 1801 1253 3539
2048 1024 3839 1978 1281 3542
2303 1024 3839 2161 1311 3546
2559 1024 3839 2349 1346 3551
2815 1024 3839 2541 1385 3556
3071 1024 3839 2736 1427 3561
3327 1024 3839 2932 1473 3567
3583 1024 3839 3130 1522 3574
3839 1024 3839 3328 1575 3581
4095 1024 3839 3533 1623 3597
0 1280 3839 1074 1368 3645
256 1280 3839 1094 1369 3638
512 1280 3839 1162 1375 3614
768 1280 3839 1271 1385 3575
1024 1280 3839 1399 1399 3540
1280 1280 3839 1530 1412 3542
1536 1280 3839 1679 1428 3544
1792 1280 3839 1841 1447 3547
2048 1280 3839 2014 1470 3550
2303 1280 3839 2193 1497 3554
2559 1280 3839 2378 1527 3558
2815 1280 3839 2567 1560 3563
3071 1280 3839 2760 1597 3569
3327 1280 3839 2954 1637 3575
3583 1280 3839 3150 1681 3581
3839 1280 3839 3346 1728 3589
4095 1280 3839 3549 1772 3604
0 1536 3839 1169 1593 3637
256 1536 3839 1187 1594 3631
512 1536 3839 1249 1598 3611
768 1536 3839 1348 1605 3577
1024 1536 3839 1467 1615 3550
1280 1536 3839 1591 1626 3551
1536 1536 3839 1734 1640 3554
1792 1536 3839 1890 1656 3556
2048 1536 3839 2058 1676 3560
2303 1536 3839 2233 1699 3563
2559 1536 3839 2414 1724 3568
2815 1536 3839 2601 1753 3573
3071 1536 3839 2790 1786 3578
3327 1536 3839 2982 1821 3584
3583 1536 3839 3175 1860 3591
3839 1536 3839 3369 1902 3598
4095 1536 3839 3572 1940 3615
0 1792 3839 1276 1823 3630
256 1792 3839 1292 1824 3625
512 1792 3839 1347 1827 3608
768 1792 3839 1438 1832 3580
1024 1792 3839 1545 1840 3561
1280 1792 3839 1662 1849 3563
1536 1792 3839 1798 1861 3565
1792 1792 3839 1949 1875 3568
2048 1792 3839 2111 1892 3571
2303 1792 3839 2281 1912 3575
2559 1792 3839 2458 1934 3580
2815 1792 3839 2640 1959 3585
3071 1792 3839 2826 1988 3590
3327 1792 3839 3015 2019 3596
3583 1792 3839 3206 2054 3603
3839 1792 3839 3398 2091 3611
4095 1792 3839 3599 2125 3629
0 2048 3839 1391 2057 3626
256 2048 3839 1405 2057 3622
512 2048 3839 1455 2059 3608
768 2048 3839 1537 2063 3585
1024 2048 3839 1633 2069 3575
1280 2048 3839 1743 2077 3577
1536 2048 3839 1872 2087 3579
1792 2048 3839 2016 2100 3582
2048 2048 3839 2172 2115 3585
2303 2048 3839 2337 2132 3589
2559 2048 3839 2509 2152 3594
2815 2048 3839 2687 2174 3598
3071 2048 3839 2869 2199 3604
3327 2048 3839 3055 2227 3610
3583 2048 3839 3242 2258 3617
3839 2048 3839 3431 2292 3625
4095 2048 3839 3633 2320 3646
0 2303 3839 1508 2292 3631
256 2303 3839 1521 2292 3628
512 2303 3839 1566 2294 3616
768 2303 3839 1641 2296 3598
1024 2303 3839 1729 2301 3591
1280 2303 3839 1833 2308 3593
1536 2303 3839 1955 2317 3595
1792 2303 3839 2092 2328 3598
2048 2303 3839 2242 2341 3601
2303 2303 3839 2401 2357 3605
2559 2303 3839 2568 2374 3610
2815 2303 3839 2741 2394 3615
3071 2303 3839 2919 2417 3621
3327 2303 3839 3100 2442 3627
3583 2303 3839 3284 2470 3634
3839 2303 3839 3469 2501 3642
4095 2303 3839 3672 2524 3668
0 2559 3839 1633 2529 3639
256 2559 3839 1644 2529 3637
512 2559 3839 1685 2530 3628
768 2559 3839 1752 2532 3615
1024 2559 3839 1835 2536 3610
1280 2559 3839 1931 2542 3612
1536 2559 3839 2046 2550 3614
1792 2559 3839 2177 2560 3617
2048 2559 3839 2320 2572 3620
2303 2559 3839 2473 2586 3624
2559 2559 3839 2634 2602 3629
2815 2559 3839 2802 2620 3634
3071 2559 3839 2975 2640 3640
3327 2559 3839 3152 2663 3646
3583 2559 3839 3332 2689 3654
3839 2559 3839 3513 2717 3662
4095 2559 3839 3717 2735 3692
0 2815 3839 1761 2767 3654
256 2815 3839 1772 2767 3652
512 2815 3839 1808 2768 3646
768 2815 3839 1871 2769 3635
1024 2815 3839 1948 2772 3631
1280 2815 3839 2038 2778 3633
1536 2815 3839 2147 2785 3635
1792 2815 3839 2270 2794 3638
2048 2815 3839 2407 2805 3642
2303 2815 3839 2553 2817 3646
2559 2815 3839 2709 2831 3650
2815 2815 3839 2871 2848 3656
3071 2815 3839 3039 2867 3662
3327 2815 3839 3211 2888 3669
3583 2815 3839 3386 2911 3677
3839 2815 3839 3563 2937 3686
4095 2815 3839 3766 2952 3719
0 3071 3839 1891 3006 3676
256 3071 3839 1900 3006 3675
512 3071 3839 1934 3006 3670
768 3071 3839 1993 3007 3662
1024 3071 3839 2069 3009 3656
1280 3071 3839 2155 3014 3657
1536 3071 3839 2256 3021 3659
1792 3071 3839 2373 3029 3662
2048 3071 3839 2502 3038 3666
2303 3071 3839 2642 3050 3670
2559 3071 3839 2791 3063 3676
2815 3071 3839 2948 3078 3681
3071 3071 3839 3110 3095 3688
3327 3071 3839 3277 3115 3696
3583 3071 3839 3447 3136 3705
3839 3071 3839 3620 3160 3715
4095 3071 3839 3821 3173 3748
0 3327 3839 2025 3245 3703
256 3327 3839 2033 3245 3702
512 3327 3839 2064 3245 3699
768 3327 3839 2118 3246 3694
1024 3327 3839 2193 3247 3688
1280 3327 3839 2279 3251 3685
1536 3327 3839 2375 3256 3687
1792 3327 3839 2485 3264 3691
2048 3327 3839 2608 3273 3695
2303 3327 3839 2741 3283 3700
2559 3327 3839 2883 3295 3705
2815 3327 3839 3034 3309 3712
3071 3327 3839 3190 3325 3720
3327 3327 3839 3351 3343 3729
3583 3327 3839 3517 3363 3739
3839 3327 3839 3687 3384 3752
4095 3327 3839 3881 3398 3780
0 3583 3839 2160 3485 3735
256 3583 3839 2168 3485 3734
512 3583 3839 2196 3485 3733
768 3583 3839 2246 3486 3730
1024 3583 3839 2317 3486 3726
1280 3583 3839 2405 3488 3723
1536 3583 3839 2502 3492 3722
1792 3583 3839 2607 3498 3725
2048 3583 3839 2722 3507 3730
2303 3583 3839 2848 3516 3736
2559 3583 3839 2983 3528 3743
2815 3583 3839 3126 3541 3751
3071 3583 3839 3275 3556 3761
3327 3583 3839 3430 3573 3774
3583 3583 3839 3593 3590 3790
3839 3583 3839 3773 3604 3812
4095 3583 3839 3944 3626 3813
0 3839 3839 2295 3726 3771
256 3839 3839 2303 3726 3771
512 3839 3839 2329 3726 3771
768 3839 3839 2376 3726 3769
1024 3839 3839 2442 3726 3768
1280 3839 3839 2525 3728 3767
1536 3839 3839 2621 3730 3767
1792 3839 3839 2725 3735 3770
2048 3839 3839 2832 3743 3776
2303 3839 3839 2941 3755 3785
2559 3839 3839 3057 3769 3797
2815 3839 3839 3176 3786 3811
3071 3839 3839 3296 3807 3829
3327 3839 3839 3472 3817 3832
3583 3839 3839 3652 3827 3835
3839 3839 3839 3838 3838 3839
4095 3839 3839 4012 3856 3849
0 4095 3839 2374 3977 3818
256 4095 3839 2380 3978 3818
512 4095 3839 2400 3979 3818
768 4095 3839 2436 3980 3819
1024 4095 3839 2488 3983 3821
1280 4095 3839 2557 3986 3823
1536 4095 3839 2642 3991 3825
1792 4095 3839 2741 3996 3828
2048 4095 3839 2854 4002 3832
2303 4095 3839 2978 4010 3836
2559 4095 3839 3113 4018 3840
2815 4095 3839 3257 4027 3845
3071 4095 3839 3409 4038 3851
3327 4095 3839 3569 4049 3856
3583 4095 3839 3735 4062 3862
3839 4095 3839 3906 4075 3868
4095 4095 3839 4085 4090 3862
0 0 4095 942 703 3897
256 0 4095 948 700 3904
512 0 4095 971 685 3931
768 0 4095 1083 699 3921
1024 0 4095 1225 719 3913
1280 0 4095 1388 744 3906
1536 0 4095 1566 775 3898
1792 0 4095 1752 811 3891
2048 0 4095 1945 850 3888
2303 0 4095 2141 896 3879
2559 0 4095 2342 939 3883
2815 0 4095 2547 985 3887
3071 0 4095 2752 1036 3888
3327 0 4095 2959 1091 3890
3583 0 4095 3169 1143 3896
3839 0 4095 3378 1201 3898
4095 0 4095 3590 1257 3906
0 256 4095 928 726 3909
256 256 4095 934 722 3917
512 256 4095 982 720 3923
768 256 4095 1105 742 3893
1024 256 4095 1239 758 3893
1280 256 4095 1398 781 3889
1536 256 4095 1573 811 3881
1792 256 4095 1757 843 3881
2048 256 4095 1948 878 3881
2303 256 4095 2143 922 3875
2559 256 4095 2344 963 3881
2815 256 4095 2548 1008 3884
3071 256 4095 2753 1059 3886
3327 256 4095 2961 1110 3890
3583 256 4095 3170 1162 3895
3839 256 4095 3379 1218 3899
4095 256 4095 3591 1273 3906
0 512 4095 921 817 3924
256 512 4095 946 821 3916
512 512 4095 1027 834 3888
768 512 4095 1137 850 3870
1024 512 4095 1269 866 3865
1280 512 4095 1420 884 3866
1536 512 4095 1588 908 3868
1792 512 4095 1769 935 3870
2048 512 4095 1957 967 3872
2303 512 4095 2151 1002 3875
2559 512 4095 2351 1041 3878
2815 512 4095 2553 1083 3882
3071 512 4095 2758 1128 3886
3327 512 4095 2966 1175 3890
3583 512 4095 3174 1225 3895
3839 512 4095 3384 1276 3900
4095 512 4095 3595 1330 3906
0 768 4095 967 979 3916
256 768 4095 990 982 3909
512 768 4095 1067 992 3884
768 768 4095 1172 1004 3867
1024 768 4095 1296 1015 3868
1280 768 4095 1444 1031 3869
1536 768 4095 1609 1050 3871
1792 768 4095 1787 1074 3873
2048 768 4095 1974 1101 3875
2303 768 4095 2166 1131 3878
2559 768 4095 2364 1165 3881
2815 768 4095 2565 1201 3885
3071 768 4095 2769 1241 3889
3327 768 4095 2976 1283 3893
3583 768 4095 3184 1328 3898
3839 768 4095 3393 1375 3903
4095 768 4095 3603 1424 3909
0 1024 4095 1031 1173 3907
256 1024 4095 1052 1175 3902
512 1024 4095 1118 1181 3884
768 1024 4095 1216 1190 3871
1024 1024 4095 1336 1199 3872
1280 1024 4095 1479 1212 3874
1536 1024 4095 1640 1228 3875
1792 1024 4095 1814 1248 3877
2048 1024 4095 1998 1270 3880
2303 1024 4095 2188 1296 3882
2559 1024 4095 2384 1325 3886
2815 1024 4095 2583 1356 3889
3071 1024 4095 2786 1391 3893
3327 1024 4095 2991 1428 3898
3583 1024 4095 3197 1467 3902
3839 1024 4095 3405 1509 3908
4095 1024 4095 3615 1553 3913
0 1280 4095 1112 1385 3896
256 1280 4095 1130 1387 3892
512 1280 4095 1186 1391 3882
768 1280 4095 1274 1396 3877
1024 1280 4095 1387 1404 3878
1280 1280 4095 1525 1415 3880
1536 1280 4095 1681 1428 3881
1792 1280 4095 1851 1445 3883
2048 1280 4095 2030 1463 3886
2303 1280 4095 2217 1485 3888
2559 1280 4095 2410 1510 3892
2815 1280 4095 2607 1537 3895
3071 1280 4095 2808 1566 3899
3327 1280 4095 3011 1599 3904
3583 1280 4095 3216 1633 3908
3839 1280 4095 3423 1670 3914
4095 1280 4095 3631 1710 3919
0 1536 4095 1200 1607 3892
256 1536 4095 1215 1608 3889
512 1536 4095 1264 1611 3884
768 1536 4095 1342 1616 3885
1024 1536 4095 1449 1622 3886
1280 1536 4095 1581 1631 3887
1536 1536 4095 1731 1642 3889
1792 1536 4095 1895 1656 3891
2048 1536 4095 2070 1672 3893
2303 1536 4095 2253 1691 3896
2559 1536 4095 2443 1712 3899
2815 1536 4095 2637 1735 3903
3071 1536 4095 2835 1761 3907
3327 1536 4095 3036 1789 3911
3583 1536 4095 3240 1819 3916
3839 1536 4095 3445 1852 3921
4095 1536 4095 3651 1886 3927
0 1792 4095 1294 1836 3893
256 1792 4095 1306 1836 3893
512 1792 4095 1348 1839 3894
768 1792 4095 1420 1842 3894
1024 1792 4095 1521 1848 3895
1280 1792 4095 1646 1856 3896
1536 1792 4095 1789 1865 3898
1792 1792 4095 1948 1877 3900
2048 1792 4095 2118 1891 3903
2303 1792 4095 2296 1907 3905
2559 1792 4095 2482 1925 3908
2815 1792 4095 2673 1945 3912
3071 1792 4095 2868 1968 3916
3327 1792 4095 3067 1992 3920
3583 1792 4095 3268 2019 3925
3839 1792 4095 3471 2048 3930
4095 1792 4095 3676 2078 3936
0 2048 4095 1390 2069 3904
256 2048 4095 1401 2069 3904
512 2048 4095 1439 2071 3905
768 2048 4095 1507 2074 3905
1024 2048 4095 1601 2079 3906
1280 2048 4095 1719 2086 3907
1536 2048 4095 1856 2094 3909
1792 2048 4095 2008 2104 3911
2048 2048 4095 2173 2116 3913
2303 2048 4095 2346 2130 3916
2559 2048 4095 2528 2146 3919
2815 2048 4095 2715 2164 3923
3071 2048 4095 2907 2184 3927
3327 2048 4095 3103 2205 3931
3583 2048 4095 3301 2229 3936
3839 2048 4095 3502 2254 3941
4095 2048 4095 3705 2282 3947
0 2303 4095 1492 2304 3917
256 2303 4095 1502 2304 3917
512 2303 4095 1537 2306 3917
768 2303 4095 1600 2309 3918
1024 2303 4095 1688 2313 3919
1280 2303 4095 1799 2319 3920
1536 2303 4095 1930 2326 3922
1792 2303 4095 2076 2335 3924
2048 2303 4095 2235 2346 3926
2303 2303 4095 2403 2358 3929
2559 2303 4095 2580 2372 3932
2815 2303 4095 2763 2388 3935
3071 2303 4095 2951 2405 3939
3327 2303 4095 3144 2424 3944
3583 2303 4095 3340 2446 3948
3839 2303 4095 3538 2468 3953
4095 2303 4095 3739 2493 3959
0 2559 4095 1600 2542 3931
256 2559 4095 1609 2543 3931
512 2559 4095 1641 2544 3932
768 2559 4095 1699 2546 3932
1024 2559 4095 1782 2550 3933
1280 2559 4095 1887 2555 3934
1536 2559 4095 2010 2562 3936
1792 2559 4095 2150 2570 3938
2048 2559 4095 2303 2579 3940
2303 2559 4095 2466 2590 3943
2559 2559 4095 2638 2603 3946
2815 2559 4095 2817 2617 3950
3071 2559 4095 3001 2632 3954
3327 2559 4095 3190 2650 3958
3583 2559 4095 3383 2669 3963
3839 2559 4095 3578 2689 3968
4095 2559 4095 3776 2711 3973
0 2815 4095 1712 2782 3947
256 2815 4095 1720 2783 3947
512 2815 4095 1750 2784 3948
768 2815 4095 1804 2786 3948
1024 2815 4095 1881 2789 3949
1280 2815 4095 1980 2794 3951
1536 2815 4095 2097 2800 3952
1792 2815 4095 2231 2807 3954
2048 2815 4095 2377 2815 3957
2303 2815 4095 2535 2825 3959
2559 2815 4095 2702 2836 3962
2815 2815 4095 2876 2849 3966
3071 2815 4095 3056 2863 3970
3327 2815 4095 3241 2879 3974
3583 2815 4095 3431 2896 3979
3839 2815 4095 3623 2914 3984
4095 2815 4095 3819 2935 3989
0 3071 4095 1827 3024 3965
256 3071 4095 1835 3024 3965
512 3071 4095 1863 3025 3966
768 3071 4095 1913 3027 3966
1024 3071 4095 1985 3030 3967
1280 3071 4095 2078 3034 3968
1536 3071 4095 2189 3039 3970
1792 3071 4095 2316 3046 3972
2048 3071 4095 2457 3054 3974
2303 3071 4095 2609 3062 3977
2559 3071 4095 2771 3073 3980
2815 3071 4095 2940 3084 3984
3071 3071 4095 3116 3097 3987
3327 3071 4095 3298 3111 3992
3583 3071 4095 3484 3126 3996
3839 3071 4095 3673 3143 4001
4095 3071 4095 3865 3162 4007
0 3327 4095 1945 3266 3985
256 3327 4095 1952 3266 3985
512 3327 4095 1978 3267 3985
768 3327 4095 2025 3269 3986
1024 3327 4095 2093 3272 3987
1280 3327 4095 2180 3276 3988
1536 3327 4095 2286 3280 3990
1792 3327 4095 2407 3286 3992
2048 3327 4095 2542 3293 3994
2303 3327 4095 2688 3301 3997
2559 3327 4095 2845 3310 4000
2815 3327 4095 3010 3321 4003
3071 3327 4095 3181 3332 4007
3327 3327 4095 3359 3345 4011
3583 3327 4095 3541 3359 4016
3839 3327 4095 3727 3375 4021
4095 3327 4095 3916 3392 4026
0 3583 4095 2065 3509 4006
256 3583 4095 2072 3509 4006
512 3583 4095 2097 3510 4007
768 3583 4095 2140 3512 4007
1024 3583 4095 2204 3514 4008
1280 3583 4095 2286 3518 4010
1536 3583 4095 2386 3522 4011
1792 3583 4095 2502 3527 4013
2048 3583 4095 2631 3534 4015
2303 3583 4095 2772 3541 4018
2559 3583 4095 2923 3550 4021
2815 3583 4095 3083 3559 4024
3071 3583 4095 3251 3570 4028
3327 3583 4095 3424 3582 4032
3583 3583 4095 3602 3594 4037
3839 3583 4095 3785 3609 4042
4095 3583 4095 3971 3624 4047
0 3839 4095 2187 3753 4030
256 3839 4095 2194 3753 4030
512 3839 4095 2216 3754 4030
768 3839 4095 2257 3755 4031
1024 3839 4095 2317 3758 4031
1280 3839 4095 2395 3761 4033
1536 3839 4095 2490 3765 4034
1792 3839 4095 2600 3770 4036
2048 3839 4095 2724 3776 4038
2303 3839 4095 2860 3782 4041
2559 3839 4095 3006 3790 4044
2815 3839 4095 3161 3799 4047
3071 3839 4095 3324 3808 4051
3327 3839 4095 3493 3819 4055
3583 3839 4095 3668 3831 4060
3839 3839 4095 3848 3844 4065
4095 3839 4095 4031 3859 4070
0 4095 4095 2308 3997 4055
256 4095 4095 2314 3998 4055
512 4095 4095 2335 3998 4055
768 4095 4095 2374 4000 4055
1024 4095 4095 2431 4002 4056
1280 4095 4095 2504 4005 4058
1536 4095 4095 2595 4009 4059
1792 4095 4095 2700 4013 4061
2048 4095 4095 2818 4019 4063
2303 4095 4095 2949 4025 4066
2559 4095 4095 3091 4032 4069
2815 4095 4095 3241 4040 4072
3071 4095 4095 3400 4049 4076
3327 4095 4095 3565 4059 4080
3583 4095 4095 3737 4070 4085
3839 4095 4095 3913 4082 4090
4095 4095 4095 4094 4094 4095
